# File exported by Houdini 21.0.559 (www.sidefx.com)
# 4771 points
# 26820 vertices
# 8940 primitives
# Bounds: [-2.52219772, -0.563579559, -1.51145518] to [2.52177143, 0.566092074, 1.52018309]
g 
v -0.199404523 0.0644639283 -1.33403897
v -0.550947785 0.0712417811 -1.44225574
v -1.23610055 0.0612056255 -1.49516582
v -1.34762537 0.0778771713 -1.47088218
v -1.7848109 0.0795601085 -1.30027175
v -2.20101452 0.0492234267 -0.918032944
v -2.49789166 0.100170478 -0.173344389
v -2.52219772 0.0335515812 -0.0645330474
v -2.44295049 0.0227053147 0.459114969
v -2.09050941 0.0716522485 1.0506618
v -1.86495411 0.041192174 1.24203563
v -1.30487537 0.0450178757 1.48733091
v -0.907476068 0.0972737074 1.50779891
v -0.775751114 0.0941046476 1.49665499
v -0.675451696 0.0606882758 1.4813956
v -0.696984172 0.0295351539 -0.269396573
v -1.314224 0.110010356 -0.273210526
v -1.15801311 0.0731748343 0.377981752
v -0.791907072 0.071171768 0.353708208
v -0.663243175 0.0563268699 0.232850432
v -0.590906084 0.0350250453 -0.0218365863
v -0.664490879 0.140830666 -0.266791373
v -0.747416794 0.161364704 -0.352600694
v -1.39470029 0.0710976645 -0.0913895071
v -1.40045881 0.0945871696 0.0702734664
v -0.693837345 0.197148234 0.322024226
v -0.550805032 0.194426343 -0.0130710397
v -0.798165381 0.232251555 -0.416382223
v -0.995218039 0.234618649 -0.460977525
v -1.17455041 0.0953575745 -0.376936525
v -0.612314701 0.21772486 0.241648182
v -1.27567339 0.237813771 -0.371484667
v -1.38958275 0.235731184 -0.243534431
v -1.47650886 0.280596793 0.0468438342
v -1.34525323 0.141519189 0.234590098
v -0.516068876 0.283447981 -0.109406263
v -1.54318619 0.376189709 0.116692096
v -1.39508629 0.333450764 0.341668397
v -0.773646295 0.229969054 0.40102616
v -0.730539978 0.367634147 -0.49041158
v -1.07051671 0.320273757 -0.508875966
v -1.38050175 0.395097792 -0.449939579
v -1.41286278 0.352895737 -0.355099022
v -1.50500917 0.339970767 -0.152808428
v -1.44274497 0.228119537 -0.0877662078
v -0.518775523 0.289498568 0.121346138
v -0.44962737 0.407345295 -0.257136494
v -0.58572793 0.278986275 -0.271616697
v -0.783132493 0.423856437 -0.58037436
v -1.51828265 0.388114005 -0.256856233
v -1.53537309 0.352919459 -0.0330733992
v -1.15796053 0.381713748 0.554770947
v -1.08952785 0.47370699 0.708217442
v -0.660650313 0.334821224 0.406857401
v -0.426428586 0.395088792 0.126266941
v -0.73797226 0.486704022 -0.679833531
v -1.05006087 0.43045646 -0.623907685
v -1.12192833 0.397315532 -0.573139369
v -1.28944361 0.446631074 -0.586393356
v -1.6409415 0.445848316 0.0338632837
v -1.47552133 0.380934685 0.308255702
v -1.49164951 0.434945047 0.398022592
v -0.461637288 0.342075139 -0.0421074927
v -0.878288031 0.441076756 -0.630295873
v -0.859863579 0.499714643 -0.73878777
v -1.60839164 0.438859075 0.183857724
v -0.729520679 0.463475794 0.629187524
v -0.580527544 0.482636899 0.579488754
v -0.490260929 0.384977132 0.273814321
v -0.321659833 0.458055437 -0.0258498676
v -0.566039801 0.391198188 -0.406340331
v -1.46970725 0.419112712 -0.399752289
v -1.61463666 0.434462458 -0.143090323
v -1.75397766 0.504151583 -0.0460785329
v -1.6338098 0.493013948 0.367671758
v -1.26785815 0.49472332 0.710497856
v -0.458406568 0.494828939 0.49643904
v -0.273073077 0.49349165 0.129712567
v -0.485480756 0.52323103 -0.686974585
v -0.982155323 0.49843967 -0.747373223
v -1.16515577 0.489384532 -0.711896956
v -1.45267665 0.479007035 -0.552376091
v -1.77869165 0.51398772 0.106071979
v -0.210031375 0.522882283 0.215930581
v -0.154346496 0.53441143 -0.132672384
v -0.425172329 0.463809073 -0.387107611
v -1.62034297 0.506555378 -0.461371779
v -1.86125827 0.537955165 0.0370267704
v -1.55825484 0.50945121 0.52601254
v -0.952780187 0.483702719 0.728290439
v -0.801910937 0.487471074 0.705942929
v -0.631275058 0.521276474 0.731638849
v -0.352096111 0.528229535 0.498081088
v -0.190606356 0.53294158 -0.287028939
v -0.651724577 0.516649961 -0.75699079
v -0.772551239 0.528843462 -0.84169966
v -1.11553979 0.516099155 -0.800754964
v -1.51604545 0.531870306 -0.690992475
v -1.61045849 0.536971748 -0.642373621
v -1.75761306 0.524349034 -0.363382459
v -1.67857349 0.533915699 0.515907705
v -1.51440072 0.532666445 0.667926192
v -1.33891785 0.533303678 0.808463097
v -1.01339769 0.526851952 0.88348031
v -0.496239126 0.532726884 0.686567545
v -0.35287416 0.541133285 0.575259149
v -0.0254798029 0.546649158 -0.0504436381
v -0.326244861 0.537004828 -0.60214591
v -0.639125586 0.531864464 -0.908772588
v -1.4059267 0.545016587 -0.852147937
v -1.73950636 0.545257092 -0.624704957
v -1.89650691 0.541882634 -0.105969943
v -1.79165292 0.541644812 0.449963033
v -1.42878914 0.531088054 0.729290724
v -1.28073871 0.537590981 0.973852217
v -0.693806946 0.52952379 0.810730934
v -0.0156792849 0.550214946 -0.217295468
v -0.16784212 0.549995899 -0.451212645
v -1.01950788 0.538361967 -0.972248435
v -1.1808157 0.539089739 -0.955632389
v -1.8634249 0.536885679 -0.252407134
v -2.052068 0.541727543 -0.084248662
v -1.98349273 0.547505915 0.0405079909
v -1.67307866 0.547389746 0.664803982
v -0.959748626 0.538733006 0.975642145
v -0.40222162 0.548193574 0.739604235
v -0.497717261 0.534996688 -0.81875509
v -1.3584975 0.540258527 -0.973423779
v -2.01761174 0.53284663 0.310151458
v -1.52101183 0.544588089 0.779775977
v -1.41591072 0.546008229 0.861011386
v -0.368631601 0.545728445 0.835085332
v -0.361405879 0.536811471 -0.757782876
v -0.372907996 0.523706317 -0.92089659
v -0.710285008 0.506032705 -1.10103714
v -1.08613777 0.513864338 -1.1223346
v -1.26205254 0.523039281 -1.08107293
v -1.4591608 0.540688515 -0.938124478
v -1.61555374 0.542543709 -0.72682035
v -2.08485365 0.526811481 0.147162661
v -1.99342835 0.528389275 0.470157146
v -1.89219213 0.541657925 0.48353073
v -1.88100946 0.50410527 0.77169925
v -1.67275298 0.532432497 0.874530017
v -1.44856036 0.53350687 0.997362792
v -0.553750515 0.484195143 1.12462831
v -0.468565792 0.524734735 0.98177278
v -0.125855803 0.562151194 0.63057667
v -0.222343773 0.526835024 -0.855925441
v -0.502168298 0.519373 -0.992151737
v -0.826244056 0.518798649 -1.08736897
v -0.942673862 0.528223515 -1.05563116
v -1.2187978 0.482786447 -1.19714403
v -1.57858956 0.51937151 -0.981580853
v -1.80748522 0.515630603 -0.799319804
v -2.0182724 0.514803767 -0.484638989
v -2.06747413 0.524136424 -0.303387403
v -2.09799933 0.524662793 -0.210285425
v -2.1216352 0.525699139 0.0521726981
v -1.78524971 0.513802648 0.853665948
v -1.02375078 0.521379769 1.11138654
v -0.834893286 0.524564385 1.09664798
v -0.201496854 0.483079135 -0.995101213
v -1.61863792 0.455847412 -1.10423279
v -1.68450677 0.521593213 -0.887871802
v -1.83454204 0.477826864 -0.887878716
v -2.03678393 0.480406463 -0.634617507
v -2.0934515 0.476458192 -0.548558831
v -1.61692572 0.510253191 1.00370729
v -1.49515045 0.494376808 1.10535789
v -1.24054527 0.475115776 1.22022581
v -1.14288557 0.489397436 1.20569551
v -0.385250509 0.486216247 1.06701982
v -0.272348851 0.510006785 0.964296997
v -0.0576152764 0.543797731 -0.755188644
v -1.37667572 0.448439211 -1.22024012
v -2.23350358 0.460256547 -0.252347708
v -2.18517017 0.504761696 -0.0811051354
v -2.1488905 0.474693865 0.425530791
v -0.80726558 0.485976398 1.20239699
v -0.0314059705 0.512280762 0.900387287
v -0.0587083362 0.500735939 -0.923689246
v -0.34102571 0.379795909 -1.20281374
v -0.503044248 0.455237597 -1.15150523
v -0.854837 0.405591875 -1.31668758
v -1.13089859 0.447722584 -1.26523376
v -2.25514865 0.469061553 0.0569707118
v -2.09506536 0.484404624 0.524135411
v -1.97378266 0.47481969 0.739104211
v -1.89379442 0.461473912 0.873998761
v -1.61726284 0.436808348 1.14545596
v -1.18411326 0.438620806 1.28776598
v -0.814080298 0.427586824 1.2963624
v -0.651715577 0.43604514 1.24277031
v -0.28036809 0.437141031 1.11548591
v -1.2302382 0.40586862 -1.31246972
v -1.37804973 0.353168637 -1.33338606
v -1.6123116 0.385117859 -1.21601164
v -2.06045866 0.385921091 -0.843508899
v -2.23407722 0.403665364 -0.512554049
v -2.30814719 0.435051024 -0.082288824
v -2.35822535 0.398662746 0.0391374379
v -2.19474411 0.429341823 0.509103417
v -2.11503625 0.442682862 0.633014023
v -1.87538159 0.372066259 1.0396992
v -1.72678769 0.3952142 1.13160789
v -1.28895569 0.416155934 1.29775608
v -1.03027582 0.409776449 1.33282673
v -0.92201674 0.396563619 1.34386003
v -0.366727978 0.420046598 1.16479647
v -0.0764145181 0.422141761 -1.08210886
v -0.466228366 0.342201024 -1.29019189
v -1.71838105 0.391910136 -1.13973081
v -1.96824265 0.387526274 -0.932294667
v -2.41217589 0.335792065 -0.0618094355
v -2.37059188 0.329745293 0.317906618
v -2.22493339 0.365584552 0.5983392
v -2.1437571 0.325260729 0.799025655
v -0.72405082 0.276112556 -1.41102505
v -0.730482459 0.369280815 -1.33670592
v -1.0303328 0.383065373 -1.35218382
v -1.10974193 0.365463644 -1.36539614
v -1.23215461 0.313269675 -1.39359283
v -2.1597352 0.333345741 -0.788772821
v -2.40897369 0.268846542 -0.331763089
v -2.32870436 0.301867336 0.492283791
v -2.13857865 0.271428168 0.880742788
v -2.02341485 0.252262235 1.02872145
v -1.77331233 0.310039848 1.18372202
v -1.63616061 0.374229759 1.21520483
v -1.29047334 0.340055555 1.37819445
v -0.668061137 0.33842355 1.35079193
v -0.381733298 0.305367947 1.28425682
v -0.270714492 0.367608905 1.19272602
v -0.0873503685 0.326242566 -1.19272554
v -0.337385654 0.236084819 -1.32329261
v -1.5442884 0.331386387 -1.30025411
v -2.0713551 0.313266248 -0.920297146
v -2.36075735 0.299550891 -0.425733328
v -2.43266463 0.307293832 0.0859938189
v -2.32301641 0.210972205 0.629211962
v -1.55341542 0.334342092 1.29420543
v -1.45645738 0.345801681 1.32520473
v -0.986436486 0.284445286 1.43745196
v -0.523952782 0.261690766 1.36114645
v -0.226091415 0.199579597 1.29616618
v -0.197321787 0.283112913 -1.24906385
v -0.882632136 0.278853953 -1.42076635
v -1.48137069 0.258137226 -1.37303936
v -1.62250757 0.206474498 -1.34271109
v -1.97920132 0.280775666 -1.04428506
v -2.31496119 0.295825422 -0.574083805
v -2.49245167 0.186209172 0.138111368
v -2.40357256 0.316226572 0.225675434
v -2.42301345 0.227914602 0.372119606
v -2.22444201 0.244661763 0.771796405
v -1.48117471 0.266171843 1.36857164
v -1.36690331 0.242488712 1.4219203
v -1.24987483 0.251300544 1.44390368
v -0.0854821056 0.172754347 -1.28597748
v -0.43552798 0.158014089 -1.38583159
v -0.598449767 0.160474285 -1.43695581
v -2.07794476 0.120422773 -1.04561281
v -2.10669494 0.212229639 -0.969074845
v -2.34677958 0.184141606 -0.644242227
v -2.47803068 0.176838383 0.24305366
v -2.11478496 0.139658332 1.00888216
v -2.03939462 0.164088413 1.07061028
v -1.95092976 0.234230116 1.1095022
v -1.67483962 0.235819563 1.29654777
v -1.09541166 0.179152995 1.48644722
v -0.840373456 0.166491896 1.48610985
v -0.0789310932 0.175164551 1.27726328
v -0.248235434 0.154500306 -1.32767606
v -0.821043015 0.133731872 -1.47669137
v -1.46875584 0.165097415 -1.41598713
v -1.72350526 0.156677648 -1.31449521
v -1.82935953 0.176599786 -1.23966026
v -2.39722586 0.156212032 -0.547992051
v -2.45078492 0.182203606 -0.322897792
v -2.49173379 0.18842274 -0.0312133823
v -2.30186892 0.101645917 0.747570634
v -2.22060776 0.102374457 0.882663667
v -1.72434092 0.0853139907 1.32143486
v -0.216699988 0.0758958161 1.33106303
v -0.364693582 0.0954786316 -1.37929368
v -1.07003939 0.0433827937 -1.5090518
v -1.09012222 0.145578191 -1.48843741
v -1.89970386 0.0562261678 -1.22480392
v -2.29904985 0.0984341502 -0.770521283
v -2.37802458 0.0966435224 -0.630063176
v -2.43991613 0.0924094617 -0.457957685
v -2.52154613 0.0590995438 0.0656648651
v -2.1611135 0.0813483447 0.973079801
v -1.3894006 0.0903411508 1.46038151
v -1.01155162 0.144435316 1.50154185
v -0.126727 0.0778918117 1.31042051
v 0.1276972 0.535387456 -0.15751937
v -0.127737865 0.555195212 0.38364172
v -0.0548365824 0.553410351 0.253997117
v 0.099292703 0.544224083 0.204014227
v 0.0485391282 0.558437288 0.37288934
v 0.0680697858 0.553689599 -0.689447284
v 0.0213606395 0.563765109 0.638387084
v 2.49347544 0.0558515079 -0.284548461
v 2.27759719 0.0859042555 -0.809013069
v 2.18203998 0.0499876589 -0.956177354
v 2.07209396 0.0690808445 -1.07443094
v 1.9338454 0.115309663 -1.1777755
v 1.69370043 0.0703986809 -1.34505844
v 1.04411161 0.0842596516 -1.5079143
v 0.459296525 0.0853656381 1.42448437
v 0.556132376 0.0891285241 1.45691109
v 0.835399687 0.0427957773 1.51255167
v 1.00928164 0.0252764896 1.51829195
v 1.31991839 -0.00070303306 1.47660887
v 1.49415827 0.0434318744 1.43389547
v 1.97823763 0.0887004063 1.1435914
v 2.28311825 0.0761243626 0.800065577
v 2.50177312 0.0545550697 0.22044456
v 1.16788387 -0.0300178062 1.50493097
v 1.3245703 0.0823634341 0.256179243
v 0.991379499 0.0441608056 -0.409233391
v 0.640092254 0.0597905032 0.192530394
v 0.76292491 0.0756181553 -0.331813037
v 0.679504216 0.0706649646 -0.252444923
v 0.598199964 0.0521818176 -0.0631433874
v 0.674506366 0.180630386 0.296791583
v 1.39913821 0.0937697589 0.109828956
v 1.05805612 0.152618527 -0.426710129
v 0.85474515 0.108905584 -0.388617456
v 0.569245577 0.170596883 0.0590261593
v 0.746769726 0.112413123 0.334070086
v 1.01032913 0.0537437126 0.407602727
v 1.21489263 0.10027688 0.35752517
v 1.41552973 0.230834097 0.202929139
v 1.4230479 0.137644574 -0.034295857
v 1.39307749 0.0789694488 -0.12221954
v 1.22427249 0.129630685 -0.361477464
v 0.991838992 0.197506577 -0.447285414
v 0.829602659 0.283759892 -0.458730251
v 0.720117509 0.205773801 -0.34239769
v 0.593197346 0.23377572 -0.214308679
v 1.4818933 0.28089723 -0.0772398859
v 1.39114344 0.170057759 -0.191374421
v 1.53540206 0.368513495 0.171638116
v 0.530742168 0.3558698 -0.281055212
v 0.503876746 0.33472839 -0.187186062
v 0.658631921 0.26077354 0.33950147
v 0.806356192 0.252477765 0.435214013
v 1.24411333 0.269105077 0.417248935
v 1.30640161 0.227870181 0.344793797
v 1.42473531 0.341896713 0.326319695
v 1.0357548 0.415697902 -0.613510132
v 0.616328895 0.331959963 -0.358778387
v 0.456395596 0.350085527 -0.0285587832
v 0.507217348 0.290825039 0.0712173283
v 0.588596761 0.262177706 0.252535492
v 0.657323718 0.380773187 0.466778874
v 0.995233834 0.303101987 0.508093238
v 1.12073863 0.330422938 0.51328975
v 1.0786097 0.183537468 0.434067011
v 1.58387423 0.402151227 -0.117534667
v 1.46888959 0.326464802 -0.230509058
v 1.47161663 0.425645143 -0.410246253
v 0.770608962 0.407283217 -0.554861486
v 0.718725443 0.316204458 -0.426487952
v 0.627352774 0.426720858 -0.499148607
v 0.591671705 0.331139445 0.341632575
v 1.34747827 0.328476101 0.394216746
v 1.41355073 0.411450446 0.451393247
v 1.32103336 0.404508263 -0.506965399
v 1.15942812 0.3611947 -0.533423007
v 0.989556015 0.381618917 0.575475395
v 1.26934075 0.40591234 0.541086733
v 1.44376552 0.450514227 -0.492901415
v 0.66422236 0.463980258 -0.590471089
v 0.368852317 0.431260467 -0.0792794153
v 1.16257572 0.459266633 0.662053823
v 1.632882 0.433900982 0.0817921013
v 1.63030195 0.466281086 -0.282834321
v 1.72426462 0.512188673 -0.323386252
v 1.29571044 0.46096012 -0.614233077
v 1.17373824 0.480973691 -0.697357535
v 1.02252638 0.479148775 -0.715429366
v 0.387382656 0.450797409 -0.255390078
v 0.300372213 0.479096323 -0.146243691
v 0.386747688 0.416344941 0.0685885623
v 0.371690691 0.450564861 0.218778059
v 0.777437568 0.494532764 0.723080337
v 0.951657534 0.470763713 0.694622338
v 1.05206907 0.481436491 0.715270817
v 1.650365 0.467786938 0.271100879
v 1.63730407 0.497747988 -0.402694851
v 0.630805254 0.515921831 -0.705698311
v 0.496006936 0.500392377 -0.568317831
v 0.233437985 0.519589663 -0.288560659
v 0.245112151 0.502774417 0.148232073
v 0.574161947 0.485845625 0.59795922
v 0.710283399 0.460390627 0.623879552
v 1.04135418 0.517018378 0.813923061
v 1.33795297 0.482532442 0.647633672
v 1.46540225 0.46746394 0.527260423
v 1.75339675 0.502263904 0.239246428
v 1.73745203 0.494750112 0.12568745
v 1.67207968 0.456693798 0.000540115871
v 1.5273416 0.494210094 -0.538756549
v 1.40150833 0.499057502 -0.650484085
v 1.2038008 0.528363645 -0.833132625
v 1.05824864 0.521199346 -0.833491504
v 0.89664799 0.511955976 -0.80066973
v 0.277605146 0.482086211 -0.0506578758
v 0.37568298 0.504187822 0.449782312
v 0.460781366 0.510837257 0.577640951
v 0.509902954 0.518715203 0.666024566
v 0.739831984 0.526042223 0.826530814
v 1.18758047 0.518809795 0.807860374
v 1.56543183 0.483354121 0.475301325
v 1.81655765 0.517840087 -0.0017788983
v 1.84524071 0.531486928 -0.316530883
v 1.71098447 0.533606589 -0.557726502
v 0.694169343 0.526068866 -0.782193661
v 0.592863142 0.539348185 -0.808089733
v 0.191518664 0.554302454 0.530007541
v 0.609984934 0.519707739 0.742743731
v 1.45855939 0.525510728 0.727549672
v 1.59288132 0.526215732 0.656434
v 1.78934062 0.53397876 -0.417951137
v 1.47019064 0.539025962 -0.806756496
v 0.497887254 0.540164232 -0.881547093
v 0.347431719 0.537041664 -0.8510077
v 0.355303138 0.529491663 -0.54251045
v 0.320263386 0.544959664 0.634419382
v 0.666187644 0.535171032 0.909365594
v 1.35801721 0.528203487 0.802976549
v 1.88901854 0.533263803 0.138705999
v 1.59473622 0.535006642 -0.720637441
v 1.57029366 0.538144112 -0.83410418
v 1.47328269 0.519395113 -0.992642999
v 1.3245815 0.53708899 -0.916426122
v 1.13428032 0.533010423 -0.895222366
v 0.229075611 0.540469825 -0.445225567
v 0.522253036 0.534757674 0.844566405
v 0.818200409 0.535206556 0.978530645
v 0.922863185 0.538306236 0.942020714
v 1.63314819 0.5323928 0.74158591
v 1.73244381 0.522362113 0.532104433
v 1.84733796 0.527944148 0.413269818
v 1.95536184 0.531729996 0.27878049
v 1.98230958 0.539113641 0.0143163595
v 2.07435155 0.53050673 -0.105445191
v 1.99458909 0.53325361 -0.264529139
v 1.93652558 0.535331309 -0.37533924
v 0.851150453 0.529840708 -0.96203661
v 0.662872672 0.535468161 -0.942141056
v -0.00528964587 0.564356029 0.464356959
v 0.0708011612 0.566010475 0.559174001
v 0.156325459 0.559862316 0.627532005
v 1.42388964 0.52971226 0.952838957
v 2.12625217 0.498935074 -0.372764081
v 2.04547977 0.517691076 -0.424079984
v 1.78643131 0.532767713 -0.680061877
v 1.23987341 0.515230596 -1.08615875
v 0.879418015 0.52062726 -1.07435656
v 0.228528678 0.548695207 -0.724438667
v 0.381993145 0.542132318 0.784434259
v 0.674980342 0.511915505 1.08003616
v 1.18948543 0.530237317 1.0542146
v 2.02130413 0.509906471 -0.533749819
v 1.68449759 0.52219522 -0.866160333
v 1.64375699 0.513312161 -0.949433029
v 1.30333745 0.456122011 -1.22048855
v 1.10158455 0.498044789 -1.16209757
v 1.05816162 0.519661307 -1.09267521
v 0.139566511 0.537966311 0.805048227
v 0.214088559 0.549938202 0.739116013
v 0.388234824 0.525179982 0.92732507
v 1.00674534 0.530161023 1.08496666
v 1.57806218 0.503222108 0.993156731
v 1.84279108 0.476974845 0.857543766
v 2.1523335 0.50115484 -0.236885786
v 1.86269653 0.48623091 -0.840382397
v 1.52361345 0.487284213 -1.08585262
v 0.536834717 0.510552764 -1.03314936
v 0.460154742 0.518790424 -0.987368941
v -0.0911046118 0.552703977 0.737255573
v 0.548970401 0.519944727 1.01315165
v 0.781040311 0.511904836 1.11681592
v 0.988080502 0.477779746 1.2271173
v 2.01808238 0.513815761 0.437725276
v 2.23218703 0.459883511 -0.291889638
v 2.05831361 0.465222746 -0.671994686
v 1.73199892 0.47567907 -0.987650633
v 1.57189512 0.403735995 -1.20305634
v 0.976436615 0.491055101 -1.19065046
v 0.293252259 0.47005257 -1.05138457
v 0.105047457 0.493736684 0.951785386
v 0.269641846 0.4803451 1.02105308
v 0.399601579 0.476237863 1.08180106
v 1.07120657 0.508034945 1.16160989
v 1.30482221 0.508865714 1.1137042
v 1.75299609 0.449432015 1.01317561
v 2.26922894 0.425047308 0.298112661
v 2.14951515 0.508829951 0.0411653146
v 2.29890275 0.428176731 -0.160395443
v 2.09355903 0.487265527 -0.509260774
v 1.68422306 0.454719514 -1.06733489
v 1.04951787 0.4251526 -1.30189383
v 0.867051244 0.422225475 -1.29284787
v 0.615063131 0.456957698 -1.17763233
v 0.118513338 0.474351287 -0.999542177
v 0.279867083 0.403316826 1.155797
v 0.413358659 0.396064579 1.21463382
v 0.659393132 0.458177358 1.21329224
v 0.809405327 0.450482875 1.26053751
v 1.37202919 0.454461545 1.21563137
v 2.03493214 0.459069878 0.704814196
v 2.24053669 0.417973608 -0.45119825
v 2.15797448 0.416287661 -0.64563477
v 1.8095969 0.404574841 -1.05404258
v 1.07953835 0.315400034 -1.40986347
v 0.183535308 0.438259602 1.07145834
v 0.968163252 0.42273134 1.31625533
v 1.41510844 0.36171189 1.32091355
v 1.51048088 0.417114586 1.21963465
v 1.89982796 0.43606782 0.911402524
v 2.02714396 0.418947667 0.817532957
v 2.14281464 0.403468698 0.683153152
v 2.20637941 0.399186254 0.578424692
v 2.34430671 0.401357621 -0.0801204368
v 2.35075212 0.353019297 -0.319972813
v 2.23251748 0.373916775 -0.596708298
v 2.08634019 0.395993978 -0.792657614
v 1.74018717 0.372491568 -1.14193845
v 1.30817997 0.371355385 -1.32828605
v 1.14266992 0.396910429 -1.32686675
v 0.730405271 0.361079693 -1.3307668
v 0.446245164 0.398454547 -1.21813107
v 0.246466979 0.424092382 -1.11625195
v 0.858095646 0.340210319 1.39206898
v 0.999531567 0.344583601 1.39630783
v 1.1625607 0.350728691 1.37975955
v 1.24532175 0.389740378 1.33043492
v 1.64438403 0.35659802 1.2223146
v 2.06367922 0.342273533 0.902236342
v 2.31493282 0.419942617 0.0624592304
v 2.42616701 0.30691576 -0.0232202914
v 2.03827596 0.328310192 -0.938071907
v 1.88167703 0.340202063 -1.07844424
v 1.63117445 0.316755354 -1.26391888
v 0.871706486 0.340474248 -1.376719
v 0.587841034 0.356499314 -1.30016685
v 0.250905067 0.359348387 -1.19635904
v 0.0826154202 0.348671079 -1.1681118
v 1.5220015 0.225402042 1.37661362
v 1.51637065 0.333105415 1.31214857
v 1.85246491 0.366658092 1.06962895
v 2.12813711 0.339512676 0.819484293
v 2.30551386 0.362081647 0.451017946
v 2.33950424 0.353304148 0.362408727
v 2.49179697 0.182513177 0.0414994098
v 2.41184068 0.300487518 -0.190712824
v 2.39237738 0.2726641 -0.371141881
v 2.30548429 0.240070894 -0.66018641
v 2.14177942 0.287464201 -0.870750308
v 1.584885 0.213582739 -1.35354686
v 1.37180269 0.23789008 -1.41624844
v 0.798394561 0.249062464 -1.43076897
v 0.478497773 0.312055916 1.32578909
v 0.673586845 0.288757324 1.3986423
v 2.26687169 0.268024266 0.68932277
v 2.30193949 0.317716628 0.548329353
v 2.41013622 0.274317861 0.304621965
v 2.42735147 0.297411919 0.131534964
v 1.08235776 0.183220997 -1.48092675
v 0.635144949 0.241433144 -1.40482032
v 0.236860469 0.167281836 -1.3154763
v 0.321908057 0.290435344 1.28137624
v 0.746593952 0.235481292 1.44645953
v 1.13364995 0.248776525 1.4499687
v 1.58809793 0.25668335 1.33757782
v 1.89271295 0.251007646 1.14734948
v 2.09931207 0.274674892 0.935910642
v 2.35140419 0.202046409 0.591085911
v 2.48178649 0.136634514 -0.259008467
v 2.3960104 0.161827669 -0.548009396
v 2.26339555 0.187805027 -0.784171164
v 1.7193135 0.21858795 -1.27975762
v 0.375160933 0.107283652 -1.37751973
v 0.0902294889 0.248829946 -1.24903762
v 0.432830006 0.209159195 1.37614322
v 1.29187667 0.273686111 1.41118848
v 1.98547125 0.184026718 1.10964489
v 2.31737065 0.0976205692 0.729107738
v 2.39328671 0.255158275 0.401396602
v 2.4753747 0.196793735 0.159740195
v 2.48601294 0.184976876 -0.113810666
v 2.50726771 0.0771375299 -0.18753238
v 2.22524691 0.162873223 -0.861796856
v 1.4623735 0.17176646 -1.42058897
v 0.616453707 0.13366501 -1.44713271
v 0.54080385 0.176420391 1.42684543
v 0.825099051 0.15694657 1.48989046
v 1.24987781 0.134147123 1.47683871
v 1.89849889 0.150140569 1.1900804
v 2.05904365 0.176045105 1.04231608
v 2.1935463 0.112165153 0.909490645
v 2.52177143 0.0377035514 -0.0421168953
v 2.41450667 0.0821026266 -0.551488578
v 1.78435254 0.120407619 -1.27710855
v 1.53874683 0.0865357146 -1.41577756
v 1.14573157 0.0901108086 -1.49867892
v 0.606672466 0.0357193574 -1.4628737
v 0.199919149 0.047620289 1.333143
v 0.35294798 0.123746589 1.37288499
v 0.921194255 0.0946208537 1.51209557
v 1.68675292 0.137156814 1.33708322
v 2.43467879 0.0632313341 0.471865505
v 2.4482913 0.175868228 0.327410787
v 2.51966214 0.074882172 0.101525724
v 0.103586771 0.538122535 0.0432754718
v -1.72440708 0.536534786 -0.52734381
v 0.590553284 0.17876105 -0.147161826
v -0.693388164 0.209591329 1.43681538
v 0.88134563 0.106364608 -1.49464178
v 1.7325927 0.494154692 -0.155071571
v -0.710125625 0.250062555 -0.375156671
v -1.7573359 0.510767817 -0.213219747
v 1.59241498 0.426056802 1.15766776
v 0.0728259981 0.560419679 -0.526020646
v -1.98733187 0.4027991 0.88027072
v 1.90351999 0.516858399 0.585291207
v -0.211696461 0.550502121 -0.562588394
v -0.048641786 0.558247089 -0.401770234
v 1.99717891 0.211694837 -1.08174324
v -0.448215038 0.494331658 -0.524129093
v 0.931102872 0.166625351 0.428720176
v -0.889935255 0.29196927 0.490303069
v 0.248282656 0.520091653 0.319503039
v -1.07007742 0.256763935 -1.43979049
v -0.618151665 0.46121937 -0.577655971
v 0.448716223 0.451811761 -1.13623989
v -0.230039656 -0.028104458 -1.34259915
v -0.594206512 -0.0156935714 -1.4568783
v -0.508643806 -0.0065443702 -1.43499446
v -0.688365042 -0.0168825798 -1.47955477
v -1.21418881 -0.0188329834 -1.50336432
v -1.30780494 -0.00270747999 -1.48659921
v -1.41140497 0.00182277663 -1.46123028
v -1.78680539 -0.00119500142 -1.30378616
v -2.03066301 -0.0195077937 -1.1131202
v -2.09024119 0.036742948 -1.04945707
v -2.1457448 0.00869803224 -0.987671852
v -2.24874449 -0.0114814295 -0.856432378
v -2.19686103 -0.0438090377 -0.921421945
v -2.34982467 0.0472619087 -0.70126766
v -2.39202762 0.013079755 -0.621073008
v -2.41894102 -0.0218942706 -0.547100365
v -2.44288731 -0.0166226979 -0.470261246
v -2.46747732 0.0254099909 -0.37980783
v -2.5155108 0.0218205508 0.12326023
v -2.51727247 5.03259523e-09 0.0428402796
v -2.50083947 0.00103112683 0.235387787
v -2.47558522 0.0229042955 0.350364208
v -2.37784028 -0.000964295119 0.616560042
v -2.32292271 0.0171332788 0.725066721
v -2.16708136 -0.0270866007 0.967911839
v -2.11808228 -0.0169154927 1.0257411
v -2.21014714 0.0182583816 0.912883997
v -2.04865217 0.000453315675 1.09435678
v -1.3983953 0.00336051174 1.46575892
v -1.32918108 -0.0613287129 1.47923863
v -1.13513827 -0.0853613764 1.50490856
v -1.21918178 -0.0245361477 1.50111938
v -1.02712536 -0.0264682807 1.518749
v -0.931055605 -0.029755123 1.51644218
v -0.830189943 0.00881848484 1.51275575
v -0.737538457 0.0161889046 1.49933779
v -0.68907398 -0.0138712386 1.48887563
v -0.749046981 -0.0477235354 1.49924123
v -0.603370786 0.0101914397 1.4659878
v -0.447238445 -0.0112247514 1.41646171
v -0.376185924 0.040711917 1.38621819
v -0.267475009 0.00352836051 1.35043955
v -0.0117446631 0.00140937802 -1.30827212
v -0.116755672 0.00419492088 -1.31819081
v -0.975290835 0.020355586 -1.50791848
v -2.50450802 -0.00493623689 -0.18349269
v -2.51344728 0.0277798343 -0.107387364
v -2.51915359 9.71201675e-10 -0.0477373451
v -2.43775058 -0.0736897141 0.463600308
v -2.26536918 0.0422484577 0.822120726
v -1.91526985 -0.0529422313 1.20562327
v -0.64434576 8.75019168e-09 -0.203329876
v -0.641266465 -2.48074061e-10 -0.197736725
v -0.732558787 1.75479109e-09 -0.311712593
v -1.34374857 -2.58357002e-09 -0.216647476
v -1.31597733 3.20786619e-10 -0.246188894
v -0.750566602 -5.3852145e-10 -0.323982924
v -1.1499027 -1.84807858e-09 -0.383221895
v -1.09360123 1.24498012e-09 -0.397856683
v -1.24185264 -1.10759801e-09 -0.328844249
v -1.34981561 1.08285714e-09 -0.20162788
v -1.39957929 8.93130681e-10 -0.0167968031
v -1.39139152 -2.39069187e-09 -0.108526535
v -1.37297356 1.17502608e-09 0.150089428
v -1.36413419 4.97186203e-09 0.168071479
v -1.30177522 1.01700506e-08 0.273816913
v -1.24438202 -3.0738958e-09 0.319574505
v -1.19364834 -3.6050003e-09 0.35951522
v -1.04671168 -4.1095273e-11 0.401721388
v -0.754683256 -2.43354092e-09 0.324946374
v -0.830138028 2.25942465e-09 0.368581444
v -0.71204263 -4.56243932e-11 0.282394618
v -0.666852474 -8.2897369e-09 0.244184315
v -0.590730727 -8.08891709e-09 -0.0326346084
v -0.596277237 4.80686269e-10 -0.00570337567
v -0.592725277 2.02769398e-11 -0.0448661521
v -0.852702737 -4.38979519e-10 -0.38809514
v -0.922390163 -2.381082e-09 -0.403138548
v -1.00993824 -5.27291188e-09 -0.412040502
v -1.26482534 -6.47956022e-10 -0.312376291
v -1.38194799 -5.72227765e-10 0.0956991315
v -1.04534221 5.78231005e-11 0.402190447
v -0.879236102 1.92854355e-09 0.394298613
v -1.04399824 -1.18683818e-09 0.402031243
v -0.638640165 6.95113411e-10 0.181506932
v -0.604936898 2.02651007e-10 0.12011569
v -1.40306175 -1.81038939e-09 0.0171121806
v -0.854382873 0.0195105523 -1.49931109
v -0.444711655 0.0596584752 -1.41019928
v -1.55536687 0.0465572514 -1.41160786
v -1.78398335 0.00994277559 1.29912186
v -1.48355365 0.0524058677 1.43403447
v -0.156176001 0.00337289856 1.32146919
v -0.342486858 0.0103982873 -1.37803638
v -1.62088943 -0.000665292144 -1.38598812
v -1.70369017 0.0472174324 -1.34666169
v -1.87620246 -0.0180432145 -1.24277234
v -2.30422044 0.0154895252 -0.778579831
v -1.70771003 -0.0157236401 1.34049058
v -0.523130655 0.0249054357 1.44034135
v -0.060032919 0.0238217395 1.30533624
v 0.00680116517 -0.0106648188 1.30236626
v 2.5170567 0.00672843726 -0.0952489078
v 2.51051688 0.0157238748 -0.21633783
v 2.49703908 -0.0334180631 -0.282068163
v 2.47362137 0.00341353379 -0.37279588
v 2.37479281 0.0225814637 -0.645252824
v 2.27179718 -0.0103932535 -0.825421631
v 2.32216454 0.00893518981 -0.74475795
v 2.21197319 -0.0292127561 -0.915788233
v 2.0494206 0.0229328666 -1.10480464
v 2.08892059 0.00995866396 -1.06898332
v 2.00165009 0.0587496683 -1.13759029
v 1.9342854 0.00221514888 -1.19718766
v 1.82502759 0.00982032437 -1.26828122
v 1.6400311 0.031705983 -1.37546754
v 1.46185637 -0.0166190211 -1.44519269
v 1.18454564 -0.00613950007 -1.50289726
v 1.0989064 0.00482167862 -1.50975966
v 0.907356441 0.0300554764 -1.50908315
v 0.544068098 -0.0145144854 -1.44474888
v 0.674651563 -0.0356378332 -1.47653699
v 0.462212563 -0.0110347755 -1.41879117
v 0.311828226 -0.0510140508 -1.36359322
v 0.214949578 -0.00196369924 -1.33705151
v 0.14184767 -0.0331797898 -1.32015538
v 0.167074457 -0.0355667546 1.32374382
v 0.384607375 0.0390503928 1.40060508
v 0.460512131 -0.0240455829 1.42871618
v 0.539937019 0.0146567561 1.45803428
v 0.597603142 -0.0491469614 1.4704107
v 0.649174094 0.0264656041 1.48498976
v 0.917367399 -0.00836488698 1.52018309
v 0.751118958 -0.013953316 1.50397778
v 1.49455595 -0.0621654615 1.43073475
v 1.41191089 -0.0277265627 1.45556927
v 1.77366352 0.00836317427 1.30474162
v 1.92759442 0.0355303325 1.19099772
v 2.01621151 -0.00649054209 1.11632693
v 2.08566284 0.0229350161 1.0531323
v 2.30117059 0.0397486612 0.777229488
v 2.26682901 -0.00202053948 0.828071892
v 2.3442111 0.0261722431 0.695098162
v 2.3777287 0.0181486681 0.626791894
v 2.48991609 0.0344622433 0.281028479
v 2.46114492 0.0746375173 0.365849853
v 2.5206511 -2.84017632e-09 0.013239705
v 2.51838493 -2.76308842e-09 -0.0450203307
v 2.15500665 -0.0123462817 -0.995714843
v 1.68082976 0.0341235213 1.35475087
v 2.4155488 -0.0132609969 0.538481414
v 2.49825978 -0.0257130079 0.232218787
v 0.682048619 -4.10293177e-09 0.253766418
v 0.638769805 4.46139525e-09 0.196257859
v 1.1018976 -1.21898436e-10 0.398385465
v 1.12823582 2.35846731e-10 0.385790169
v 1.26192009 -2.98725977e-09 0.311940849
v 1.31898916 -7.36011296e-09 0.266082644
v 1.351789 -8.44037729e-10 -0.213717714
v 1.29788303 -2.01998818e-09 -0.280494541
v 1.07519555 1.00632336e-09 -0.392777115
v 1.13697636 -1.1521295e-09 -0.386407048
v 0.986522615 3.62266972e-09 -0.409391373
v 0.967095733 9.67554659e-09 -0.408210069
v 0.905822992 9.66720037e-11 -0.387464255
v 0.829500377 -1.69160375e-09 -0.369508594
v 0.729678035 -1.03754783e-11 -0.303755611
v 0.807839334 -3.43315065e-09 -0.355161995
v 0.611693978 -3.84895316e-09 -0.122526079
v 0.593008876 1.47714108e-09 -0.0662152693
v 0.6097489 1.73556391e-09 0.100283422
v 0.730718791 -1.4276722e-09 0.316055745
v 0.839818478 -7.42371609e-10 0.375679612
v 1.08593428 3.38721384e-10 0.399509072
v 1.21818042 2.076459e-09 0.352944225
v 1.34855676 4.25589342e-10 0.211425871
v 1.38188362 -1.18310295e-09 -0.147221088
v 1.39758539 -2.11466844e-09 -0.0579578765
v 1.25969315 3.44512952e-09 -0.322109282
v 1.15103483 6.47233489e-10 -0.379329473
v 0.693516433 1.16259002e-09 -0.267633021
v 0.64103359 4.4547912e-09 -0.200253725
v 0.599872112 1.34399603e-09 0.0346471034
v 0.905327439 -2.84760948e-09 0.393368542
v 0.987850368 4.64951011e-09 0.411135942
v 1.38697767 1.62172942e-09 0.13933
v 1.40861619 -1.31936884e-09 -0.0141657749
v 0.597746253 7.98795363e-10 0.0711199567
v 0.86628902 -3.20670779e-09 0.389030248
v 1.40301013 -1.08584897e-09 0.0258148666
v 0.373669386 0.0124929966 -1.38744318
v 2.14369893 0.0291284379 0.984698772
v 2.44850135 -0.0275402069 0.433271646
v 0.0546652451 0.036816135 -1.31056082
v 2.20056868 0.0190379191 0.915841877
v 2.51516795 0.0172244087 0.114006549
v 0.0999625027 0.00971572846 1.31305039
v -1.70817208 -0.0489139184 -1.34559119
v -1.94868016 -0.0771676004 -1.17589712
v -2.09548092 -0.0503171906 -1.04641938
v -2.29390383 -0.095937036 -0.781511188
v -2.35454917 -0.0448622182 -0.698413432
v -1.49314225 -0.0519596189 1.4344641
v -0.541014731 -0.0693102852 1.44541788
v -0.188415408 -0.0774660856 1.32161939
v -0.421454132 -0.0685975775 -1.40124273
v -0.732178628 -0.0922022015 -1.4822228
v -1.28096712 -0.0959118456 -1.48526847
v -1.40538168 -0.0909264982 -1.45667648
v -1.61487341 -0.109808013 -1.37624943
v -2.34254909 -0.139640152 -0.684887409
v -2.49029994 -0.0255039204 -0.273939371
v -2.50826216 -0.0684321821 0.150764018
v -2.37199712 -0.10893508 0.605709553
v -2.24044418 -0.0404277779 0.867022693
v -1.75837946 -0.0893363059 1.30926061
v -1.63055658 -0.0509025715 1.37622905
v -1.5011692 -0.139026374 1.4155941
v -1.35023403 -0.133025378 1.46039522
v -0.439455628 -0.119532906 1.40119588
v -0.0631948411 -0.0745248869 1.29861498
v -0.214816749 -0.169349432 -1.31038821
v -2.02589011 -0.120717436 -1.10242808
v -2.18958426 -0.108800948 -0.921659112
v -2.26076412 -0.199564248 -0.781222105
v -2.43902111 -0.121066593 -0.435796648
v -2.48740554 -0.0536036976 0.298515141
v -1.99567688 -0.0775060058 1.1349529
v -1.8649509 -0.136479393 1.22742343
v -1.73839903 -0.175736785 1.29359436
v -0.960995257 -0.205735415 1.47823918
v -0.41061905 -0.203543618 1.36346567
v -0.618152499 -0.233865827 -1.41331816
v -0.800720811 -0.238547415 -1.44708133
v -0.856338859 -0.178419068 -1.47817981
v -1.64973485 -0.189958289 -1.3344444
v -1.80095577 -0.0750079304 -1.28809643
v -2.50845003 -0.0689914301 -0.170920208
v -2.0762527 -0.175084025 1.02574527
v -1.07055008 -0.1357373 1.50268781
v -0.805604219 -0.176784962 1.48071253
v -0.686083853 -0.209236488 1.44712842
v -0.347582817 -0.277927637 -1.29773152
v -1.21479499 -0.192170173 -1.47104692
v -2.08235407 -0.218000412 -0.999087811
v -2.46471119 -0.223292202 -0.134733304
v -2.50988626 -0.102139935 0.00339324027
v -2.41291833 -0.294664055 0.201481536
v -2.37802529 -0.242931291 0.478960603
v -1.32263291 -0.275151789 1.4103868
v -0.29146719 -0.246623889 1.29340684
v -0.128373131 -0.159860462 1.28404319
v -0.22694236 -0.307971656 -1.23770452
v -0.703639627 -0.344692498 -1.3536973
v -0.866020977 -0.39016071 -1.33227086
v -1.11662686 -0.227530539 -1.46630061
v -1.68457866 -0.326102525 -1.22734821
v -1.97253573 -0.23474811 -1.09099293
v -2.05714893 -0.293816179 -0.964966297
v -2.22292161 -0.306279421 -0.732469559
v -2.30835271 -0.326293558 -0.519073665
v -2.44652748 -0.267490298 0.0325068496
v -2.30781317 -0.23859033 0.644826412
v -1.41376638 -0.298731178 1.3656168
v -1.33159137 -0.35641861 1.34244502
v -0.114073187 -0.299790412 -1.21107793
v -0.328501254 -0.351213098 -1.23769522
v -0.554149926 -0.309982151 -1.3483839
v -1.0887593 -0.340218693 -1.3945055
v -1.92948532 -0.370870948 -1.0041151
v -2.13870144 -0.387854129 -0.721007407
v -2.19331622 -0.384010971 -0.643901467
v -2.37963915 -0.355963707 -0.101440966
v -2.3202343 -0.305765361 0.511655748
v -0.524715602 -0.308548272 1.34060299
v -0.348527402 -0.315380991 1.26853311
v -0.194338635 -0.346279144 1.1833216
v -0.0558864661 -0.41777119 1.07358599
v -0.355611801 -0.438345075 -1.14522839
v -0.441763461 -0.318038493 -1.30503654
v -0.984518051 -0.384095073 -1.35388255
v -1.21664715 -0.324208587 -1.39314914
v -1.36829221 -0.35260281 -1.33351815
v -1.51601779 -0.37977609 -1.25827253
v -1.97580183 -0.472700149 -0.738030493
v -2.34875464 -0.39045462 0.0619235933
v -2.09769201 -0.296243608 0.910285056
v -1.87380302 -0.33249265 1.09958196
v 0.0522678941 -0.394851595 1.10422421
v -0.147471473 -0.452369273 -1.04598904
v -0.188302502 -0.406924307 -1.12420905
v -0.593637288 -0.39135018 -1.28340375
v -1.38012791 -0.452300549 -1.21289086
v -2.29663444 -0.408879906 -0.25478065
v -1.86253226 -0.406173021 1.01163185
v -1.59002411 -0.441316694 1.13905585
v -1.24272668 -0.444060951 1.25899029
v -1.05939925 -0.400089353 1.33421993
v -0.603861928 -0.384967893 1.29437029
v -0.92211777 -0.46567589 -1.23281467
v -1.11772108 -0.437449753 -1.28166664
v -1.19971657 -0.420734107 -1.28984368
v -2.22307158 -0.477918983 0.0915277973
v -2.2723999 -0.405167788 0.396717727
v -1.9775027 -0.434614629 0.852800667
v -1.71319222 -0.463772565 1.02993023
v -1.50596189 -0.364661694 1.27632391
v -1.38603497 -0.462113053 1.19622016
v -1.09459782 -0.484498411 1.20151496
v -0.907623947 -0.432144135 1.28646219
v -0.319839895 -0.488387465 1.02814269
v 0.0113086728 -0.537009895 -0.807031155
v -0.164910659 -0.501262724 -0.947441697
v -0.573135018 -0.475181401 -1.15139675
v -0.750558138 -0.451699495 -1.22725511
v -1.45552242 -0.463512748 -1.16657495
v -1.76922381 -0.490599096 -0.902513504
v -2.06528258 -0.469418615 -0.616652608
v -2.19220448 -0.43748194 -0.485347867
v -2.16510248 -0.47729829 -0.356738865
v -2.26837397 -0.444584817 -0.06987416
v -2.10222316 -0.501966774 0.41374892
v -2.08046556 -0.493823469 0.523249447
v -2.00821042 -0.449384242 0.775358796
v -1.75104988 -0.497706831 0.919157803
v -1.47673512 -0.464598924 1.15805387
v -0.630719066 -0.46241194 1.19496465
v -0.54658705 -0.494275123 1.10069203
v -0.126776457 -0.530588388 0.830216348
v 0.0636183769 -0.454262644 1.01780009
v -0.284503996 -0.492063761 -1.01029694
v -0.413694263 -0.484757602 -1.08430648
v -1.59284091 -0.504266083 -1.00966716
v -2.11657619 -0.478846252 -0.456947476
v -2.15434027 -0.496495068 -0.1875889
v -2.1896832 -0.477632612 0.255739003
v -1.99032366 -0.512271881 0.585413694
v -1.84201455 -0.494356036 0.84134388
v -1.38206863 -0.523351073 1.02880442
v -0.780317008 -0.480368853 1.19587231
v -0.42239809 -0.479579508 1.08892977
v -0.0181371793 -0.551136196 0.718850553
v -0.184399337 -0.547794461 -0.756534219
v -0.487569004 -0.53234154 -0.94404006
v -1.21140993 -0.507717907 -1.12698913
v -1.35148096 -0.517386198 -1.08094871
v -1.60460699 -0.523615181 -0.929152966
v -2.07699919 -0.528298736 0.122768179
v -1.84977579 -0.529102862 0.667344391
v -0.324765414 -0.539397717 0.776669085
v -0.365419298 -0.543489873 -0.72642976
v -0.286442101 -0.536925852 -0.85241133
v -0.564254045 -0.525775433 -1.00928438
v -1.25622571 -0.533027172 -0.848573148
v -1.28525555 -0.535236418 -1.0124985
v -1.81738353 -0.519640386 -0.723894
v -2.0153265 -0.533551455 0.2662898
v -1.74574447 -0.521766007 0.807247281
v -1.22203493 -0.514406502 1.11465681
v -0.929467022 -0.519217789 1.12184334
v -0.835709929 -0.533831418 1.05855584
v -0.512904108 -0.536777854 0.814302623
v -0.168396652 -0.553387105 0.65923804
v -0.0176515933 -0.554614902 -0.304478973
v -0.434904188 -0.542734504 -0.816257834
v -1.63496017 -0.53549999 -0.749101043
v -1.969329 -0.54082793 -0.00199116417
v -1.88212574 -0.531773388 0.590439796
v -1.43721044 -0.535401285 0.881219983
v -1.30059969 -0.538911879 0.973095596
v -0.51249975 -0.525906146 0.981818557
v -0.336049289 -0.53049916 0.567375422
v -0.0899535939 -0.559521019 0.413621038
v -0.111464173 -0.545802593 -0.223909631
v -0.209709972 -0.5523929 -0.622935534
v -0.698423862 -0.536150098 -0.934137642
v -1.09655142 -0.530561745 -0.87323451
v -1.89716947 -0.534084857 -0.423946738
v -1.90418565 -0.53864491 -0.263530642
v -1.91750085 -0.535894036 0.148825198
v -1.90167153 -0.540089965 0.311284959
v -1.73885131 -0.53352952 0.699151337
v -1.54819107 -0.531022608 0.72645402
v -1.1361239 -0.543139637 0.932787955
v -0.92639637 -0.543093264 1.00941706
v -0.653896272 -0.536729574 0.864508629
v -0.11111477 -0.548446894 0.258565485
v -0.540584505 -0.540167034 -0.877073824
v -0.997289419 -0.536104858 -0.995003641
v -1.47601807 -0.531987429 -0.763440788
v -1.65058577 -0.526903987 -0.574737191
v -1.78977311 -0.525212944 -0.279768914
v -1.83056033 -0.539390981 0.415426373
v -1.03156304 -0.544570923 0.948055387
v -0.606161535 -0.512809098 0.707374752
v -0.309692919 -0.522446394 0.448857367
v -0.246771678 -0.526008606 0.361239642
v -0.289069116 -0.525575399 -0.459076047
v -0.697010636 -0.516261578 -0.77154547
v -0.842044294 -0.525689244 -0.843492091
v -0.914444923 -0.530398667 -0.870906651
v -1.47433674 -0.515772641 -0.657718241
v -1.84714592 -0.530016124 -0.123864479
v -1.80791223 -0.524188519 0.239041105
v -1.36350751 -0.509940863 0.708079576
v -0.900633633 -0.536518931 0.866502285
v -0.44714576 -0.52585417 0.671236157
v -0.209477723 -0.524859607 -0.222841442
v -1.28334033 -0.442554533 -0.587681115
v -1.45226681 -0.508426011 0.650995374
v -1.18902826 -0.488474339 0.714528799
v -0.896726429 -0.497376233 0.737065911
v -0.764995694 -0.472113788 0.65740025
v -0.416596949 -0.496896267 0.489423364
v -0.243694112 -0.501044512 -0.0515635014
v -0.566926837 -0.444593787 -0.509856641
v -0.813017786 -0.46289131 -0.663827896
v -1.57337976 -0.470128119 -0.397874385
v -1.67823088 -0.4928523 -0.29906565
v -1.68165326 -0.474625796 -0.177963287
v -1.7220099 -0.483760089 -0.0208340101
v -1.67871952 -0.506147265 0.371614277
v -1.3414098 -0.473338485 0.621326327
v -1.06133127 -0.511351287 0.785541177
v -0.313697129 -0.473988295 -0.132620856
v -0.38459909 -0.497175425 -0.449155837
v -0.955878437 -0.484252632 -0.725882947
v -1.38563812 -0.477023035 -0.599409044
v -1.52056527 -0.488218904 -0.521025956
v -1.5672673 -0.457474887 0.36626935
v -1.60524344 -0.501293659 0.458220512
v -0.821410239 -0.422052979 0.593039334
v -0.389120936 -0.463632166 0.317693204
v -0.328783661 -0.487872243 -0.30464071
v -1.11789739 -0.438228101 -0.636929631
v -1.48078358 -0.405383974 -0.367099106
v -1.54197955 -0.398780584 -0.242006212
v -1.16491401 -0.402970463 0.574112415
v -1.03046834 -0.433372825 0.634442568
v -0.664413214 -0.369794905 0.450576454
v -0.258883774 -0.500707865 0.18071574
v -0.51891017 -0.273689181 -0.0847768188
v -1.35866487 -0.416287512 -0.501151025
v -1.61607563 -0.420534134 0.0895801857
v -0.738843143 -0.397003084 0.525176287
v -0.447501421 -0.387679815 -0.188206196
v -0.500486374 -0.408987105 -0.356442124
v -0.895029128 -0.252441078 -0.467553377
v -1.03109276 -0.329956293 -0.527104497
v -1.1999042 -0.332803518 -0.491552442
v -1.49325383 -0.290085673 0.0506095514
v -1.39885592 -0.26908198 0.271361947
v -0.62977469 -0.270292789 0.312927336
v -0.4979904 -0.360099316 0.237112403
v -0.391329139 -0.411447287 -0.0181225669
v -0.776100814 -0.384484917 -0.54165858
v -1.41980171 -0.286768883 -0.261939228
v -1.39193225 -0.340690911 0.364632189
v -0.766340315 -0.300854981 0.440447599
v -0.491294205 -0.314900994 0.0794411972
v -0.627881169 -0.304341346 -0.354768127
v -1.33712399 -0.300096661 -0.376470774
v -0.831262112 -0.336063951 0.497263283
v -1.34997511 -0.168399543 -0.257002622
v -1.40776968 -0.177646622 -0.153119847
v -1.4239738 -0.221051574 0.165725112
v -1.27646196 -0.220135719 0.362528175
v -1.12865353 -0.136104226 0.401031941
v -1.02609539 -0.173390672 0.433177114
v -1.0040462 -0.325085819 0.519723177
v -0.747250915 -0.184788167 0.357130527
v -0.617669106 -0.0602744706 0.14596191
v -0.677646279 -0.142706037 -0.283749014
v -0.814994037 -0.0950349867 -0.376995057
v -0.975358188 -0.0826936588 -0.415524095
v -1.25608683 -0.0401374437 -0.31830138
v -1.43162727 -0.172507495 -0.0419483967
v -0.654850066 -0.0994160473 0.232765675
v -0.567378819 -0.162456483 0.0472985767
v -0.585667372 -0.142925426 -0.10802833
v -1.11571455 -0.0634253174 -0.394918054
v -1.38772571 -0.0787672848 -0.127512217
v -1.40129209 -0.0249600951 0.00939028896
v -1.32428253 -0.123673119 0.258009285
v -1.17571712 -0.0667590648 0.366470218
v -0.715398312 -0.0571886264 0.290436089
v -0.858952582 -0.0758062601 0.385694116
v -0.0299893543 -0.0959261954 -1.29507291
v 0.0548360497 -0.209140956 1.25548077
v 0.0184509885 -0.47029379 -0.994623482
v 2.24395204 -0.10723538 -0.852720797
v 2.09520316 -0.0764672607 -1.05880642
v 2.02513433 -0.0254825428 -1.12913811
v 1.73234522 -0.0136989076 -1.32582986
v 1.56927872 -0.0348488316 -1.40810752
v 1.28993881 -0.0252173543 -1.48642409
v 0.0493184626 -0.060025841 -1.30564225
v 0.109833121 -0.0567900762 1.31005764
v 0.535818517 -0.0447648168 1.45522213
v 1.56327367 -0.0862383097 1.40380359
v 1.77703667 -0.0829592571 1.29718912
v 2.21725249 -0.0718513131 0.886409342
v 2.5054388 -0.144132555 -0.0561195388
v 2.50821924 -0.0617816038 -0.203409761
v 2.46805048 -0.0848773345 -0.368692875
v 2.42746401 -0.169298202 -0.43931362
v 2.41912031 -0.023429187 -0.546596229
v 2.34949422 -0.05866649 -0.689910471
v 1.49481392 -0.123373158 -1.42372811
v 0.767372727 -0.0211597458 -1.49232543
v 0.137455612 -0.129473507 -1.30035031
v 0.918324828 -0.0871257037 1.51232576
v 1.85245085 -0.027761925 1.25022364
v 2.38523746 -0.0697355047 0.61194855
v 2.47740316 -0.120609857 0.259635001
v 2.5190208 -0.0548720248 0.0938031599
v 2.16834545 -0.0744737834 -0.974049985
v 2.05461693 -0.146572426 -1.07532549
v 1.94580269 -0.168646157 -1.16012132
v 0.867750227 -0.177377999 -1.4780997
v 0.419579208 -0.121672392 1.39860833
v 1.24672496 -0.0659032688 1.48617768
v 1.43164837 -0.125254825 1.43717086
v 1.69704616 -0.130065888 1.33178341
v 2.12008095 -0.137253761 0.984111011
v 2.30362415 -0.125777766 0.742601931
v 2.45286942 -0.15564689 0.352874577
v 2.48388219 -0.166206896 -0.201999038
v 2.41583633 -0.262981951 -0.311914951
v 2.36760473 -0.266479313 -0.479489803
v 2.37411499 -0.149178177 -0.597803414
v 1.81099844 -0.163947761 -1.25497949
v 1.46652639 -0.214892447 -1.40016329
v 1.30509126 -0.26232487 -1.41476321
v 0.593674064 -0.225522339 -1.40998793
v 0.706777632 -0.212135479 1.45150375
v 0.919564545 -0.231301129 1.46313369
v 1.07775986 -0.137542292 1.49687231
v 2.40409255 -0.174702823 0.507489324
v 2.43904161 -0.270957589 -0.172732249
v 2.46051502 -0.268327892 -0.0172735322
v 2.2807169 -0.294086456 -0.641148448
v 2.20953774 -0.178024679 -0.877153099
v 1.8412652 -0.291808695 -1.16492629
v 1.72452736 -0.223282173 -1.28050244
v 1.5627135 -0.340891004 -1.27671039
v 0.976039767 -0.308059096 -1.42290568
v 0.42595318 -0.190790743 -1.37275565
v 0.210328296 -0.237579167 -1.27472186
v 0.323723376 -0.265549093 1.29453158
v 0.663641214 -0.306911945 1.38650322
v 1.6636647 -0.252346098 1.29314125
v 1.92303276 -0.175709531 1.16564226
v 2.00973654 -0.230898365 1.0573324
v 2.33769941 -0.226213947 0.613606453
v 2.34138417 -0.281298697 0.516096711
v 2.39405084 -0.260541379 0.408471614
v 2.48213911 -0.2027978 0.0976559669
v 2.32383084 -0.388211876 -0.237379462
v 2.16446662 -0.341130525 -0.778122723
v 2.0970962 -0.304059774 -0.916863799
v 2.1055088 -0.23114486 -0.975674331
v 1.9683454 -0.284709424 -1.06466806
v 1.40587258 -0.318609446 -1.35616243
v 1.1490078 -0.300526708 -1.41571283
v 0.869246542 -0.33565703 -1.39605463
v 0.4667826 -0.310880929 -1.32148278
v 0.342822343 -0.259063065 -1.31001294
v 0.0774944723 -0.280808687 -1.21822059
v 0.254582971 -0.388747305 1.1640172
v 0.531765401 -0.356180698 1.30808794
v 0.949715853 -0.338141292 1.39979219
v 1.04438925 -0.267112732 1.44704425
v 1.88953757 -0.27344355 1.13499522
v 2.42297125 -0.2681427 0.241713628
v 2.39127278 -0.360714734 -0.0640700832
v 2.29991102 -0.391190231 -0.346417487
v 1.71822262 -0.308021337 -1.22591603
v 0.831500947 -0.339724094 1.38575149
v 1.98885071 -0.322284698 0.994124651
v 2.08512616 -0.297440082 0.918929458
v 2.2677207 -0.28244257 0.679369688
v 2.41262031 -0.330311894 0.0782209858
v 2.17046452 -0.37961337 -0.693265498
v 1.94827938 -0.403384119 -0.937981308
v 1.81420076 -0.402674764 -1.06447673
v 0.761895478 -0.378855705 -1.3430717
v 0.394422293 -0.405184686 -1.19939172
v 0.234054804 -0.341022074 -1.20957494
v 0.1301952 -0.413604379 -1.09996915
v 0.208265662 -0.433853298 1.08714914
v 1.26464486 -0.369176388 1.3478843
v 1.60571945 -0.34914425 1.24596131
v 1.81008041 -0.407264352 1.05072331
v 2.15590596 -0.339306533 0.777573109
v 2.21610904 -0.362534314 0.635148346
v 2.2074399 -0.437786669 0.459648758
v 2.2710309 -0.454326928 -0.108448967
v 2.24769926 -0.391544729 -0.515617907
v 1.57637262 -0.418247014 -1.18846083
v 1.48080719 -0.410667747 -1.24229717
v 1.34927428 -0.439868361 -1.2429285
v 1.23031902 -0.372811347 -1.3408885
v 1.09141493 -0.411557198 -1.32303369
v 1.02452981 -0.368208379 -1.37424934
v 0.408579022 -0.38808009 1.22231841
v 0.669768989 -0.403409868 1.29699481
v 1.21448457 -0.428595185 1.29059029
v 1.35192657 -0.436224371 1.2457099
v 1.48225808 -0.452735007 1.17115176
v 1.73832595 -0.464542121 0.999282718
v 2.31913471 -0.371449322 0.36353448
v 2.33327913 -0.417396754 0.026006924
v 1.97806132 -0.509981871 -0.609722376
v 2.04765511 -0.469793111 -0.677689195
v 1.93987155 -0.479452431 -0.78685832
v 0.983370483 -0.465932548 -1.24836159
v 0.863112032 -0.400118917 -1.33158433
v 0.727384865 -0.445652276 -1.2505337
v 0.190652668 -0.497834444 -0.964537561
v 0.559580088 -0.415530264 1.25227702
v 0.952789426 -0.418402702 1.31849289
v 1.86228991 -0.454290271 0.928444445
v 2.03883505 -0.456223607 0.710597813
v 2.07667136 -0.48159793 0.54001385
v 2.20085168 -0.47412768 0.265293032
v 2.20312595 -0.445355922 -0.442911416
v 1.79395795 -0.504082322 -0.840253353
v 1.80181384 -0.446172446 -1.00108516
v 1.5686307 -0.482223988 -1.07705891
v 1.28141427 -0.499055654 -1.14479065
v 0.366558701 -0.510807872 -0.985348642
v 0.120757289 -0.523425043 -0.870461226
v 0.249909103 -0.4837282 1.00794852
v 0.335609615 -0.474702954 1.06349885
v 0.552887678 -0.475046456 1.1476227
v 0.658053577 -0.49907127 1.11935663
v 0.828505456 -0.447602004 1.26187468
v 0.948705435 -0.473301381 1.22699952
v 1.12549829 -0.478475958 1.21563995
v 1.21933258 -0.494026512 1.17244709
v 1.67985213 -0.404316127 1.14235795
v 2.22024059 -0.475501716 0.169300184
v 2.23119187 -0.480464041 0.0478117354
v 1.89227045 -0.509652257 -0.726802468
v 1.64937603 -0.483576328 -1.02665925
v 1.18971467 -0.442094892 -1.2601248
v 0.94859302 -0.499031454 -1.1779635
v 0.446866155 -0.453953147 -1.14091432
v 1.5400281 -0.498445183 1.04335129
v 2.14541531 -0.485680461 0.390603721
v 0.557922363 -0.525158286 -1.00265408
v -0.0117955748 -0.563546062 0.540405631
v 0.0902431533 -0.551887155 0.714861453
v 0.189203724 -0.531374037 0.843767643
v 0.372577339 -0.534075022 0.883027077
v 0.485449165 -0.526426673 0.979175448
v 0.822021067 -0.51978904 1.09921396
v 1.26917207 -0.519552827 1.06064451
v 1.91605687 -0.490895867 0.767969489
v 2.09983897 -0.526531219 0.0872048885
v 2.13077641 -0.51726222 -0.066361472
v 1.73429048 -0.531971097 -0.710070968
v 1.39023197 -0.524127424 -1.04142559
v 1.30428064 -0.535500169 -0.997392952
v 1.00630271 -0.517052948 -1.10850453
v 0.781048834 -0.493093818 -1.16249216
v 0.176644504 -0.553279579 -0.699497461
v 0.0367255956 -0.561475813 -0.611510396
v 1.09914076 -0.515628755 1.11631882
v 1.45454478 -0.520992041 0.98821038
v 1.60503864 -0.527742505 0.889669061
v 1.83352649 -0.522775471 0.698516786
v 1.96678567 -0.534024119 -0.308511496
v 1.60116363 -0.53199929 -0.850321293
v 1.49969649 -0.538749814 -0.820078313
v 1.51527238 -0.533247292 -0.929761291
v 0.732319653 -0.533871114 -0.987638116
v 0.433862388 -0.54378891 -0.794050038
v 0.380699068 -0.545931458 -0.721309066
v 0.0801758692 -0.557404101 -0.440062821
v -0.0947887674 -0.557022274 -0.480445951
v 0.25001663 -0.542903483 0.791488111
v 0.449341506 -0.540716588 0.745159864
v 0.658920825 -0.529505551 1.01082277
v 0.988050044 -0.530291915 0.876412809
v 1.00041366 -0.526792109 1.06612515
v 1.66682923 -0.538518727 0.730857909
v 1.97358215 -0.531747758 0.402467549
v 2.05919266 -0.527256727 -0.184601694
v 1.86450076 -0.531884015 -0.339067668
v 0.143652678 -0.532987833 0.085032545
v -0.0207264852 -0.549577534 0.168012246
v -0.00390699506 -0.557714701 0.274878234
v 0.110042401 -0.55852741 0.415706396
v 0.211087003 -0.542635679 0.399338931
v 0.372027546 -0.537234366 0.610668957
v 0.514026344 -0.539992571 0.890516996
v 0.694257736 -0.53813535 0.850456119
v 0.821297407 -0.537100673 0.934657037
v 1.83866096 -0.537873745 0.341587365
v 1.92531288 -0.540831983 0.278611541
v 1.84811938 -0.532850683 0.189352065
v 1.96744919 -0.543491662 0.142252669
v 1.85747707 -0.531875491 0.0706387013
v 1.96690297 -0.537655592 -0.0283355769
v 1.20923376 -0.536750317 -0.922073722
v 1.03882968 -0.534228861 -0.942382395
v 0.881817758 -0.533619702 -0.89659369
v 0.696563244 -0.513088524 -0.728953719
v 0.511435628 -0.538578033 -0.75949198
v 0.180096149 -0.549997628 -0.496513605
v 0.268139094 -0.528945863 -0.428507
v 0.12515749 -0.544188559 -0.279594094
v 0.0244142879 -0.545782268 -0.0161650404
v 0.534054756 -0.503332376 0.606853783
v 1.51785982 -0.506701469 0.595293224
v 1.70752871 -0.534717143 0.551092863
v 1.71229911 -0.527712882 0.448975623
v 1.71063066 -0.49578315 -0.270359755
v 1.71802819 -0.519486606 -0.445806146
v 1.53601432 -0.530522883 -0.721581995
v 0.734262347 -0.530364156 -0.817940652
v 0.439366132 -0.529667616 -0.632866383
v 0.163793966 -0.526302934 -0.119657651
v 0.155587316 -0.53939563 0.242768273
v 0.26765427 -0.540655673 0.489687324
v 0.583883762 -0.536278009 0.774498165
v 1.06472075 -0.518527746 0.818395436
v 1.38185096 -0.513643146 0.715522945
v 1.79896319 -0.512714207 -0.0479471572
v 0.430244774 -0.506683588 -0.53047365
v 0.711412311 -0.507257581 0.711483777
v 1.01181042 -0.485584885 0.724723279
v 1.60579717 -0.510006249 0.492668867
v 1.71897411 -0.486840338 0.0947654098
v 1.57176137 -0.457834005 -0.379628658
v 1.12063992 -0.50890249 -0.779784203
v 0.949956 -0.517449558 -0.81433177
v 0.274932802 -0.501601696 -0.246051535
v 0.277826101 -0.483288169 0.0168808848
v 0.315143943 -0.4977144 0.320685774
v 1.09567893 -0.467841536 0.680989265
v 1.35630631 -0.44739306 0.561153173
v 1.71388543 -0.484478682 -0.174085557
v 1.40905917 -0.385010839 -0.419458002
v 1.12499237 -0.473463923 -0.692718565
v 0.835454285 -0.489870906 -0.721465111
v 0.735030234 -0.469466507 -0.638809919
v 0.560514033 -0.416792065 -0.430715621
v 0.415048748 -0.454580963 -0.335977256
v 0.336135775 -0.45028457 -0.0667677298
v 0.477275908 -0.424993217 0.348259926
v 0.390462428 -0.504459262 0.461545974
v 0.643704176 -0.487138122 0.629641891
v 0.858389795 -0.44625634 0.643711865
v 1.60357177 -0.470505476 0.342304498
v 1.65684724 -0.449964881 -0.0674801692
v 1.63094556 -0.452051073 -0.236291409
v 1.31466472 -0.402885765 -0.510274291
v 1.30288911 -0.456217617 -0.605400622
v 0.700003922 -0.397409469 -0.507409632
v 0.43186745 -0.402124226 0.197136432
v 1.18374586 -0.416914403 0.588127851
v 1.49400067 -0.464375108 0.482890248
v 1.51499701 -0.39992407 0.300428629
v 1.19381213 -0.391847163 -0.550917208
v 0.889034331 -0.405548215 -0.591268003
v 0.37081182 -0.425751686 0.0461250246
v 0.581677973 -0.42607671 0.46879065
v 0.842980444 -0.324753225 0.49911043
v 0.997941315 -0.31459257 0.514229298
v 1.0811528 -0.379445165 0.564668536
v 1.57873535 -0.391550273 0.0466560796
v 1.29108357 -0.322909921 -0.435227394
v 0.539129615 -0.342359781 -0.275802821
v 0.475069046 -0.331425697 -0.0805350393
v 1.49878597 -0.324067026 0.146743804
v 1.49302745 -0.292044073 0.0195274521
v 1.52381241 -0.341351777 -0.107834414
v 1.44134295 -0.200720474 -0.0651137605
v 1.10746646 -0.266850084 -0.467563719
v 0.831074715 -0.287266284 -0.462756991
v 0.690063238 -0.296082199 -0.38985008
v 1.38934851 -0.230965838 0.249859631
v 1.43217683 -0.229581773 -0.160346091
v 1.33451211 -0.223279864 -0.317595869
v 1.15042949 -0.157885432 -0.403104126
v 0.52132839 -0.257980555 -0.0355735384
v 0.671796918 -0.389605433 0.482064128
v 1.43369579 -0.194267109 0.0829095617
v 1.06358922 -0.149695292 -0.424277246
v 0.64181906 -0.183640525 -0.257396877
v 0.900587261 -0.173775584 0.424771935
v 1.30083847 -0.0860914737 0.28895399
v 0.910268903 -0.169066295 -0.425770015
v 0.715553224 -0.0471355356 -0.287972301
v 0.562554598 -0.195239171 0.096179381
v 0.742379665 -0.230604455 0.382577211
v 1.00599706 -0.0867944285 0.415533125
v 1.01795125 -0.206249207 0.450740248
v 1.26577973 -0.219519719 0.374970734
v 1.24661732 -0.0825206265 -0.332273155
v 0.809700966 -0.0303442031 -0.354063272
v 0.584584773 -0.105762929 -0.0445516296
v 0.607374191 -0.0331938192 0.0989618525
v 0.62642014 -0.0918103084 0.176495969
v 0.729920566 -0.0712044463 0.310193837
v 1.24150872 -0.0638449937 0.337291867
v 0.853855312 -0.0526297092 0.383283645
v 1.40459406 -0.0383614711 -0.0085555315
v -1.21858227 -0.537370384 0.890471637
v 2.24068785 -0.452004552 -0.273471624
v 2.14956951 -0.502247572 -0.20729962
v 0.409645557 -0.234303027 1.3471452
v -0.646860063 -0.311313629 1.37593997
v 1.52169454 -0.232368663 1.36575162
v -1.59022236 -0.325195074 -1.27736449
v 0.257601649 -0.552096426 0.605002642
v 1.33293402 -0.215227336 1.42987227
v 2.32838225 -0.395117849 0.19142729
v 1.27926409 -0.529500306 0.855177164
v 0.804195523 -0.130999684 0.375374824
v -1.72875965 -0.535231233 -0.63160634
v 1.89086974 -0.530493438 -0.230288729
v 1.45370448 -0.477287531 -0.563777387
v -0.64434576 8.75019168e-09 -0.203329876
v -0.641266465 -2.48074061e-10 -0.197736725
v -0.732558787 1.75479109e-09 -0.311712593
v -1.34374857 -2.58357002e-09 -0.216647476
v -1.31597733 3.20786619e-10 -0.246188894
v -0.750566602 -5.3852145e-10 -0.323982924
v -1.1499027 -1.84807858e-09 -0.383221895
v -1.09360123 1.24498012e-09 -0.397856683
v -1.24185264 -1.10759801e-09 -0.328844249
v -1.34981561 1.08285714e-09 -0.20162788
v -1.39957929 8.93130681e-10 -0.0167968031
v -1.39139152 -2.39069187e-09 -0.108526535
v -1.37297356 1.17502608e-09 0.150089428
v -1.36413419 4.97186203e-09 0.168071479
v -1.30177522 1.01700506e-08 0.273816913
v -1.24438202 -3.0738958e-09 0.319574505
v -1.19364834 -3.6050003e-09 0.35951522
v -1.04671168 -4.1095273e-11 0.401721388
v -0.754683256 -2.43354092e-09 0.324946374
v -0.830138028 2.25942465e-09 0.368581444
v -0.71204263 -4.56243932e-11 0.282394618
v -0.666852474 -8.2897369e-09 0.244184315
v -0.590730727 -8.08891709e-09 -0.0326346084
v -0.596277237 4.80686269e-10 -0.00570337567
v -0.592725277 2.02769398e-11 -0.0448661521
v -0.852702737 -4.38979519e-10 -0.38809514
v -0.922390163 -2.381082e-09 -0.403138548
v -1.00993824 -5.27291188e-09 -0.412040502
v -1.26482534 -6.47956022e-10 -0.312376291
v -1.38194799 -5.72227765e-10 0.0956991315
v -1.04534221 5.78231005e-11 0.402190447
v -0.879236102 1.92854355e-09 0.394298613
v -1.04399824 -1.18683818e-09 0.402031243
v -0.638640165 6.95113411e-10 0.181506932
v -0.604936898 2.02651007e-10 0.12011569
v -1.40306175 -1.81038939e-09 0.0171121806
v 0.682048619 -4.10293177e-09 0.253766418
v 0.638769805 4.46139525e-09 0.196257859
v 1.1018976 -1.21898436e-10 0.398385465
v 1.12823582 2.35846731e-10 0.385790169
v 1.26192009 -2.98725977e-09 0.311940849
v 1.31898916 -7.36011296e-09 0.266082644
v 1.351789 -8.44037729e-10 -0.213717714
v 1.29788303 -2.01998818e-09 -0.280494541
v 1.07519555 1.00632336e-09 -0.392777115
v 1.13697636 -1.1521295e-09 -0.386407048
v 0.986522615 3.62266972e-09 -0.409391373
v 0.967095733 9.67554659e-09 -0.408210069
v 0.905822992 9.66720037e-11 -0.387464255
v 0.829500377 -1.69160375e-09 -0.369508594
v 0.729678035 -1.03754783e-11 -0.303755611
v 0.807839334 -3.43315065e-09 -0.355161995
v 0.611693978 -3.84895316e-09 -0.122526079
v 0.593008876 1.47714108e-09 -0.0662152693
v 0.6097489 1.73556391e-09 0.100283422
v 0.730718791 -1.4276722e-09 0.316055745
v 0.839818478 -7.42371609e-10 0.375679612
v 1.08593428 3.38721384e-10 0.399509072
v 1.21818042 2.076459e-09 0.352944225
v 1.34855676 4.25589342e-10 0.211425871
v 1.38188362 -1.18310295e-09 -0.147221088
v 1.39758539 -2.11466844e-09 -0.0579578765
v 1.25969315 3.44512952e-09 -0.322109282
v 1.15103483 6.47233489e-10 -0.379329473
v 0.693516433 1.16259002e-09 -0.267633021
v 0.64103359 4.4547912e-09 -0.200253725
v 0.599872112 1.34399603e-09 0.0346471034
v 0.905327439 -2.84760948e-09 0.393368542
v 0.987850368 4.64951011e-09 0.411135942
v 1.38697767 1.62172942e-09 0.13933
v 1.40861619 -1.31936884e-09 -0.0141657749
v 0.597746253 7.98795363e-10 0.0711199567
v 0.86628902 -3.20670779e-09 0.389030248
v 1.40301013 -1.08584897e-09 0.0258148666
v -2.52187467 0.0462145172 1.05673248e-09
v -2.51816225 3.1116878e-09 1.01744524e-09
v -1.42580903 0.182051599 1.58652469e-09
v -1.40588605 0.117095046 -2.02380335e-11
v -1.40130436 -4.46056941e-10 -1.05721853e-09
v -1.46475911 0.262334883 -1.70547487e-09
v -1.51101243 0.322989047 8.65621796e-10
v -1.53709853 0.358058333 -2.99001424e-09
v -1.63590765 0.443669438 2.45724707e-09
v -1.58753443 0.39883557 -1.84722149e-09
v -1.68882346 0.47054553 2.02825312e-10
v -1.75644207 0.506154239 8.47993409e-09
v -1.81346047 0.522894323 4.53879823e-10
v -1.87038541 0.538972139 9.90951765e-10
v -1.95943713 0.54595083 -8.40898018e-10
v -2.00575876 0.54562968 4.43464487e-10
v -2.14650655 0.517503023 -5.10814502e-10
v -2.09503007 0.531829 1.69070136e-09
v -2.22627521 0.48379159 -1.46381673e-09
v -2.2768302 0.455147922 -2.68927325e-09
v -2.34208441 0.410391212 1.68036696e-10
v -2.37914205 0.374287575 -9.72707248e-10
v -2.42074394 0.323874474 -6.21647755e-09
v -2.47600317 0.220079228 1.87186222e-09
v -2.49186611 0.188014686 2.75195222e-09
v -2.5013392 0.146755859 -2.03169104e-09
v 1.4173584 0.12720415 -5.00982011e-09
v 1.43603849 0.172233626 -1.42750678e-09
v 1.47221243 0.262083203 -5.41278578e-10
v 1.53441942 0.341637284 -3.96231359e-09
v 1.56124759 0.373350322 -3.06643555e-09
v 1.67228973 0.456823826 3.9927308e-11
v 1.70572972 0.470935225 7.47735207e-13
v 1.81545365 0.517517865 -3.93919923e-12
v 1.8174752 0.518035412 -2.45210362e-11
v 1.97501051 0.538787544 -4.64940753e-09
v 1.83487713 0.520191312 5.3012128e-10
v 1.99331236 0.538084745 2.36715003e-09
v 2.12841082 0.51491636 5.48792478e-09
v 2.17684269 0.498470932 3.5673593e-09
v 2.27818131 0.44527927 1.52790669e-09
v 2.32780051 0.411801159 -6.92579505e-09
v 2.39602113 0.337547541 2.50035881e-10
v 2.42634463 0.305489749 1.2645448e-09
v 2.44971395 0.262282312 9.73746417e-10
v 2.49025154 0.183171481 -6.03335515e-09
v 2.50667357 0.110643059 1.139699e-09
v 2.52115297 0.0486045517 5.29265964e-10
v 2.52091908 0.00901760161 9.21141496e-11
v 1.67167616 0.456444293 -1.81031509e-11
v 2.52013612 -2.82265789e-09 1.93530747e-09
v 1.40662992 -1.23662902e-09 1.15889509e-09
v -2.51050138 -0.095361501 1.45809675e-09
v -2.50985837 -0.101494655 1.96277175e-10
v -2.50877643 -0.105116181 1.19240368e-10
v -2.4500618 -0.25889942 1.82915627e-09
v -2.43029475 -0.288961291 7.14420523e-10
v -2.36046147 -0.377380788 1.18842891e-09
v -2.30778313 -0.421146512 8.71329231e-10
v -2.24472499 -0.465481609 8.76566286e-09
v -2.15005708 -0.506949484 2.2794211e-10
v -2.1107955 -0.520792246 -7.00868785e-09
v -1.9710474 -0.540627956 7.07898673e-09
v -1.96860647 -0.5408023 4.63709071e-11
v -1.84131336 -0.52802527 3.35895228e-10
v -1.96043503 -0.539917409 -1.16293867e-11
v -1.77347028 -0.502869904 1.59744795e-09
v -1.72635317 -0.486176759 -7.47967466e-10
v -1.70202124 -0.47183001 8.3250945e-10
v -1.60280943 -0.409994662 2.76857826e-09
v -1.53524113 -0.337339014 5.64670088e-10
v -1.49088132 -0.292436212 1.31294975e-12
v -1.4250071 -0.161958694 -5.09606579e-09
v -1.45955718 -0.225795358 -2.52840193e-09
v -1.40684068 -0.0519477874 5.87783766e-10
v -1.40067792 -0.0160097871 -8.02700129e-11
v -1.40036154 -0.0286507905 -6.92820201e-09
v 2.51052284 -0.110720269 -5.78492809e-10
v 2.49693561 -0.165542111 -1.92172767e-09
v 2.46376514 -0.25847894 1.12691478e-09
v 2.45185161 -0.279539883 9.79480941e-10
v 2.40088511 -0.347025096 -1.22096822e-09
v 2.35002303 -0.401031584 2.16700569e-09
v 2.32123876 -0.424539924 1.61627123e-09
v 2.2433815 -0.472466767 3.4881249e-09
v 2.18914151 -0.495873839 4.85693885e-09
v 2.11740732 -0.521267712 -1.76282811e-09
v 1.99950469 -0.534927428 -6.81884327e-10
v 1.96699369 -0.538625002 1.82397897e-09
v 1.93557513 -0.536000788 -1.69318826e-09
v 1.82262182 -0.520461559 3.73787667e-10
v 1.77208924 -0.504021347 3.01943892e-09
v 1.68268669 -0.465301901 4.53789539e-09
v 1.61066556 -0.415428728 -3.14207682e-09
v 1.56214869 -0.376390338 -1.18945476e-09
v 1.49774742 -0.299604058 2.54302468e-09
v 1.48110342 -0.270974934 -9.9464903e-10
v 1.4379791 -0.197881714 2.11396856e-09
v 1.40731621 -0.05294469 3.18678417e-12
v 1.40325427 -0.0399038643 7.78085374e-11
v 1.40662992 -1.23662902e-09 -3.26208782e-11
v 1.40419984 -0.0288124736 2.07565964e-09
v -1.40130436 -4.46057025e-10 -4.66520156e-11
v -2.51816225 3.1116878e-09 1.01744524e-09
v -2.52187467 0.0462145172 1.05673248e-09
v -1.40588605 0.117095046 -2.02380335e-11
v -1.42580903 0.182051599 1.58652469e-09
v -1.40130436 -4.46056941e-10 -1.05721853e-09
v -1.40588605 0.117095046 -2.02380335e-11
v -1.42580903 0.182051599 1.58652469e-09
v -1.46475911 0.262334883 -1.70547487e-09
v -1.51101243 0.322989047 8.65621796e-10
v -1.46475911 0.262334883 -1.70547487e-09
v -1.51101243 0.322989047 8.65621796e-10
v -1.53709853 0.358058333 -2.99001424e-09
v -1.58753443 0.39883557 -1.84722149e-09
v -1.63590765 0.443669438 2.45724707e-09
v -1.58753443 0.39883557 -1.84722149e-09
v -1.53709853 0.358058333 -2.99001424e-09
v -1.63590765 0.443669438 2.45724707e-09
v -1.68882346 0.47054553 2.02825312e-10
v -1.68882346 0.47054553 2.02825312e-10
v -1.75644207 0.506154239 8.47993409e-09
v -1.75644207 0.506154239 8.47993409e-09
v -1.81346047 0.522894323 4.53879823e-10
v -1.87038541 0.538972139 9.90951765e-10
v -1.81346047 0.522894323 4.53879823e-10
v -1.95943713 0.54595083 -8.40898018e-10
v -1.87038541 0.538972139 9.90951765e-10
v -1.95943713 0.54595083 -8.40898018e-10
v -2.00575876 0.54562968 4.43464487e-10
v -2.09503007 0.531829 1.69070136e-09
v -2.14650655 0.517503023 -5.10814502e-10
v -2.09503007 0.531829 1.69070136e-09
v -2.00575876 0.54562968 4.43464487e-10
v -2.22627521 0.48379159 -1.46381673e-09
v -2.14650655 0.517503023 -5.10814502e-10
v -2.22627521 0.48379159 -1.46381673e-09
v -2.2768302 0.455147922 -2.68927325e-09
v -2.34208441 0.410391212 1.68036696e-10
v -2.2768302 0.455147922 -2.68927325e-09
v -2.34208441 0.410391212 1.68036696e-10
v -2.37914205 0.374287575 -9.72707248e-10
v -2.42074394 0.323874474 -6.21647755e-09
v -2.37914205 0.374287575 -9.72707248e-10
v -2.42074394 0.323874474 -6.21647755e-09
v -2.47600317 0.220079228 1.87186222e-09
v -2.49186611 0.188014686 2.75195222e-09
v -2.47600317 0.220079228 1.87186222e-09
v -2.5013392 0.146755859 -2.03169104e-09
v -2.49186611 0.188014686 2.75195222e-09
v -2.5013392 0.146755859 -2.03169104e-09
v -2.52187467 0.0462145172 1.05673248e-09
v 1.43603849 0.172233626 -1.42750678e-09
v 1.4173584 0.12720415 -5.00982011e-09
v 1.47221243 0.262083203 -5.41278578e-10
v 1.43603849 0.172233626 -1.42750678e-09
v 1.53441942 0.341637284 -3.96231359e-09
v 1.47221243 0.262083203 -5.41278578e-10
v 1.56124759 0.373350322 -3.06643555e-09
v 1.53441942 0.341637284 -3.96231359e-09
v 1.70572972 0.470935225 7.47735207e-13
v 1.67228973 0.456823826 3.9927308e-11
v 1.70572972 0.470935225 7.47735207e-13
v 1.81545365 0.517517865 -3.93919923e-12
v 1.81545365 0.517517865 -3.93919923e-12
v 1.8174752 0.518035412 -2.45210362e-11
v 1.83487713 0.520191312 5.3012128e-10
v 1.97501051 0.538787544 -4.64940753e-09
v 1.83487713 0.520191312 5.3012128e-10
v 1.8174752 0.518035412 -2.45210362e-11
v 1.97501051 0.538787544 -4.64940753e-09
v 1.99331236 0.538084745 2.36715003e-09
v 2.12841082 0.51491636 5.48792478e-09
v 1.99331236 0.538084745 2.36715003e-09
v 2.12841082 0.51491636 5.48792478e-09
v 2.17684269 0.498470932 3.5673593e-09
v 2.17684269 0.498470932 3.5673593e-09
v 2.27818131 0.44527927 1.52790669e-09
v 2.27818131 0.44527927 1.52790669e-09
v 2.32780051 0.411801159 -6.92579505e-09
v 2.39602113 0.337547541 2.50035881e-10
v 2.32780051 0.411801159 -6.92579505e-09
v 2.39602113 0.337547541 2.50035881e-10
v 2.42634463 0.305489749 1.2645448e-09
v 2.44971395 0.262282312 9.73746417e-10
v 2.42634463 0.305489749 1.2645448e-09
v 2.49025154 0.183171481 -6.03335515e-09
v 2.44971395 0.262282312 9.73746417e-10
v 2.50667357 0.110643059 1.139699e-09
v 2.49025154 0.183171481 -6.03335515e-09
v 2.50667357 0.110643059 1.139699e-09
v 2.52115297 0.0486045517 5.29265964e-10
v 2.52115297 0.0486045517 5.29265964e-10
v 2.52091908 0.00901760161 9.21141496e-11
v 1.67228973 0.456823826 3.9927308e-11
v 1.67167616 0.456444293 -1.81031509e-11
v 1.67167616 0.456444293 -1.81031509e-11
v 1.56124759 0.373350322 -3.06643555e-09
v 2.52013612 -2.82265789e-09 1.93530747e-09
v 2.52091908 0.00901760161 9.21141496e-11
v 1.40662992 -1.23662902e-09 1.15889509e-09
v 1.4173584 0.12720415 -5.00982011e-09
v -2.50985837 -0.101494655 1.96277175e-10
v -2.51050138 -0.095361501 1.45809675e-09
v -2.50985837 -0.101494655 1.96277175e-10
v -2.50877643 -0.105116181 1.19240368e-10
v -2.4500618 -0.25889942 1.82915627e-09
v -2.50877643 -0.105116181 1.19240368e-10
v -2.4500618 -0.25889942 1.82915627e-09
v -2.43029475 -0.288961291 7.14420523e-10
v -2.36046147 -0.377380788 1.18842891e-09
v -2.43029475 -0.288961291 7.14420523e-10
v -2.30778313 -0.421146512 8.71329231e-10
v -2.36046147 -0.377380788 1.18842891e-09
v -2.24472499 -0.465481609 8.76566286e-09
v -2.30778313 -0.421146512 8.71329231e-10
v -2.15005708 -0.506949484 2.2794211e-10
v -2.24472499 -0.465481609 8.76566286e-09
v -2.1107955 -0.520792246 -7.00868785e-09
v -2.15005708 -0.506949484 2.2794211e-10
v -1.9710474 -0.540627956 7.07898673e-09
v -2.1107955 -0.520792246 -7.00868785e-09
v -1.9710474 -0.540627956 7.07898673e-09
v -1.96860647 -0.5408023 4.63709071e-11
v -1.96043503 -0.539917409 -1.16293867e-11
v -1.84131336 -0.52802527 3.35895228e-10
v -1.96860647 -0.5408023 4.63709071e-11
v -1.96043503 -0.539917409 -1.16293867e-11
v -1.84131336 -0.52802527 3.35895228e-10
v -1.77347028 -0.502869904 1.59744795e-09
v -1.77347028 -0.502869904 1.59744795e-09
v -1.72635317 -0.486176759 -7.47967466e-10
v -1.60280943 -0.409994662 2.76857826e-09
v -1.70202124 -0.47183001 8.3250945e-10
v -1.72635317 -0.486176759 -7.47967466e-10
v -1.70202124 -0.47183001 8.3250945e-10
v -1.49088132 -0.292436212 1.31294975e-12
v -1.53524113 -0.337339014 5.64670088e-10
v -1.53524113 -0.337339014 5.64670088e-10
v -1.60280943 -0.409994662 2.76857826e-09
v -1.45955718 -0.225795358 -2.52840193e-09
v -1.4250071 -0.161958694 -5.09606579e-09
v -1.45955718 -0.225795358 -2.52840193e-09
v -1.49088132 -0.292436212 1.31294975e-12
v -1.4250071 -0.161958694 -5.09606579e-09
v -1.40684068 -0.0519477874 5.87783766e-10
v -1.40036154 -0.0286507905 -6.92820201e-09
v -1.40067792 -0.0160097871 -8.02700129e-11
v -1.40036154 -0.0286507905 -6.92820201e-09
v -1.40684068 -0.0519477874 5.87783766e-10
v 2.51052284 -0.110720269 -5.78492809e-10
v 2.52013612 -2.82265789e-09 1.93530747e-09
v 2.51052284 -0.110720269 -5.78492809e-10
v 2.49693561 -0.165542111 -1.92172767e-09
v 2.46376514 -0.25847894 1.12691478e-09
v 2.49693561 -0.165542111 -1.92172767e-09
v 2.46376514 -0.25847894 1.12691478e-09
v 2.45185161 -0.279539883 9.79480941e-10
v 2.45185161 -0.279539883 9.79480941e-10
v 2.40088511 -0.347025096 -1.22096822e-09
v 2.35002303 -0.401031584 2.16700569e-09
v 2.40088511 -0.347025096 -1.22096822e-09
v 2.32123876 -0.424539924 1.61627123e-09
v 2.35002303 -0.401031584 2.16700569e-09
v 2.32123876 -0.424539924 1.61627123e-09
v 2.2433815 -0.472466767 3.4881249e-09
v 2.18914151 -0.495873839 4.85693885e-09
v 2.2433815 -0.472466767 3.4881249e-09
v 2.18914151 -0.495873839 4.85693885e-09
v 2.11740732 -0.521267712 -1.76282811e-09
v 1.99950469 -0.534927428 -6.81884327e-10
v 2.11740732 -0.521267712 -1.76282811e-09
v 1.96699369 -0.538625002 1.82397897e-09
v 1.99950469 -0.534927428 -6.81884327e-10
v 1.96699369 -0.538625002 1.82397897e-09
v 1.93557513 -0.536000788 -1.69318826e-09
v 1.93557513 -0.536000788 -1.69318826e-09
v 1.82262182 -0.520461559 3.73787667e-10
v 1.82262182 -0.520461559 3.73787667e-10
v 1.77208924 -0.504021347 3.01943892e-09
v 1.68268669 -0.465301901 4.53789539e-09
v 1.77208924 -0.504021347 3.01943892e-09
v 1.68268669 -0.465301901 4.53789539e-09
v 1.61066556 -0.415428728 -3.14207682e-09
v 1.61066556 -0.415428728 -3.14207682e-09
v 1.56214869 -0.376390338 -1.18945476e-09
v 1.56214869 -0.376390338 -1.18945476e-09
v 1.49774742 -0.299604058 2.54302468e-09
v 1.4379791 -0.197881714 2.11396856e-09
v 1.48110342 -0.270974934 -9.9464903e-10
v 1.48110342 -0.270974934 -9.9464903e-10
v 1.49774742 -0.299604058 2.54302468e-09
v 1.4379791 -0.197881714 2.11396856e-09
v 1.40731621 -0.05294469 3.18678417e-12
v 1.40325427 -0.0399038643 7.78085374e-11
v 1.40731621 -0.05294469 3.18678417e-12
v 1.40419984 -0.0288124736 2.07565964e-09
v 1.40662992 -1.23662902e-09 -3.26208782e-11
v -2.51816225 3.1116878e-09 1.01744524e-09
v -2.51050138 -0.095361501 1.45809675e-09
v -1.40067792 -0.0160097871 -8.02700129e-11
v -1.40130436 -4.46057025e-10 -4.66520156e-11
v 1.40419984 -0.0288124736 2.07565964e-09
v 1.40325427 -0.0399038643 7.78085374e-11
v -1.48957825 -0.534435987 0.808783233
v 0.655722976 0.402455747 -1.26499033
v 1.82277632 0.519354284 0.655261695
v -0.596352756 0.420957088 -0.485354334
v 1.92599773 -0.532745659 -0.116365537
v -0.968354166 0.277089179 -1.42767036
v 1.37196696 -0.528199792 0.809515476
v 1.211555 -0.533365607 0.904264927
v 0.725954056 0.395553619 0.526028574
v -0.186714843 0.524889588 0.137085035
v 0.412740409 0.509458423 -0.512528241
v -1.22891974 0.442662567 0.620971262
v -2.24987674 0.0752773434 -0.845123947
v 1.37129331 -0.166238382 -0.228589922
v 1.55290663 -0.495331913 -0.544173956
v 0.810988426 0.335042626 0.503070533
v 0.0306226239 -0.559618652 0.629707634
v 1.82791471 0.446530312 0.95436126
v -0.946767688 -0.172806099 -0.44104892
v 1.81752801 0.52263701 0.560142219
v 0.0276673809 0.488881469 -0.957898259
v -0.229753032 -0.155637428 1.31259608
v 0.707503974 0.460940987 -1.1940676
v 1.43764174 -0.470140398 0.553157508
v -0.958919942 0.060775023 0.405828685
v 1.5102644 -0.411847293 -0.351789683
v -1.54085958 -0.530031502 0.889284432
v -0.583539248 0.0948514864 -0.0502762496
v -0.858178198 -0.175127611 -0.420496523
v 0.118759669 0.535317719 -0.0578978918
v -0.415073663 -0.45552665 -0.345932454
v -1.92739677 0.393969834 0.958563328
v -1.72191083 -0.224784642 -1.27700782
v 1.31082022 -0.146492302 -0.300709248
v 0.904896855 -0.476709783 0.708218098
v 1.16447341 -0.106613517 1.49363399
v -0.805906475 -0.486313194 -1.16312563
v 2.12283826 -0.483345181 -0.450411677
v -1.35487711 0.259337544 0.309063435
v -1.34691477 0.363120794 0.42691958
v 0.490952641 -0.351791352 -0.196273118
v 0.420991063 0.523169756 -0.597685814
v 0.363904744 -0.426156878 1.15140867
v 1.36203873 -0.150779799 0.234878466
v 1.45731616 -0.21165967 1.39682484
v -1.72581446 -0.137012929 -1.31302226
v -0.532014012 0.476943135 -0.549229026
v 1.27085626 0.530608594 -1.00044072
v -0.375112116 -0.535530567 0.705977559
v 0.490905285 0.467871338 -0.469661117
v -0.57644695 0.504741192 -1.06324458
v 0.838766873 -0.45369342 -0.654118419
v 2.24545789 0.456829816 0.0864389986
v -0.839031339 -0.319820613 -0.501266837
v 1.54335845 -0.522513449 0.94457078
v 0.740403175 0.204544544 0.36910367
v 0.072833173 -0.441493154 -1.04863298
v 0.492054492 0.524148822 -0.669029832
v 2.00075173 0.289774358 -1.01322532
v -1.44919038 -0.524931908 0.736706913
v 2.3997736 0.296944767 -0.27208969
v 1.28209269 -0.530712605 0.951686502
v 0.734474421 -0.522358119 1.06209266
v 0.217905059 -0.526763797 0.288122833
v -0.449050993 -0.412789881 0.282122314
v -0.185126245 -0.258566618 1.2481463
v 0.36890474 -0.509603024 0.980602562
v -0.425320476 -0.536146939 0.778735757
v 0.304588646 0.236543134 -1.30638731
v -0.892216086 0.208496287 -1.45608974
v 0.285552382 0.0715543777 -1.35186601
v -1.88778269 -0.242633119 -1.15577817
v 2.04705834 -0.522750378 0.337689221
v -2.35189342 -0.213973954 0.572229981
v -1.13175595 0.430883497 0.630232275
v 0.219213948 0.515473962 -0.209326327
v -1.04385591 -0.471990496 -0.705254197
v -1.19540453 -0.270565867 -0.447584242
v 1.36679482 -0.300394118 -0.356792539
v 1.92256117 -0.246322453 -1.13571382
v -1.53222859 0.494469851 -0.516049743
v -2.14234996 0.105070256 -0.975017428
v 1.40942526 -0.270211339 -0.264430732
v -0.0841064304 -0.252423465 1.23142016
v -1.18653369 -0.51863426 0.794019938
v 1.98706341 -0.519200623 0.50446099
v -1.56103206 -0.301414639 1.30377603
v -0.541025043 -0.496511549 0.620950997
v 0.859599948 0.194881439 -1.46462262
v 1.99230647 -0.42258957 -0.856356084
v -1.3318516 -0.277268469 0.358766198
v -1.90668452 0.277653277 -1.1096431
v -0.843049467 -0.382312626 1.34054875
v -0.232191488 0.52855891 -0.358772874
v -1.04084933 0.090454489 0.413808227
v -1.72769034 0.269212842 1.24415421
v 1.08770967 0.260346204 0.474079609
v -0.751583338 0.306275666 0.446994543
v 2.38382697 -0.0747144222 -0.610622764
v -1.04172313 0.233858868 1.46329665
v -0.197496086 -0.543883085 -0.472859204
v 0.859687388 -0.279001534 1.43282211
v 1.61007965 -0.489192665 -0.448662102
v 0.659352422 0.324105918 0.404278755
v 1.53198493 0.360815793 -1.26677322
v -2.34460616 0.24201633 0.545218766
v -0.936035037 -0.0985936821 0.408894837
v 0.735137284 0.328182518 0.460734218
v -0.208720326 0.522445202 -0.212920159
v 0.635851204 -0.529952347 -0.99464184
v 1.33718431 -0.392558575 0.487074912
v 1.95843041 -0.349197417 -1.00017071
v 0.164573878 -0.531660438 -0.203617051
v -0.0032500145 -0.56017524 -0.488640636
v 1.68044007 0.439869255 1.0813092
v -1.42825174 0.305472791 0.252949506
v -0.987505734 -0.503520608 0.759435952
v -1.93698239 -0.527265906 -0.482789695
v -1.44177473 -0.421052217 1.23373008
v 0.565735817 0.504797101 -0.629619598
v -0.119824089 -0.374021709 1.13733947
v 2.09845066 0.334719837 -0.866117537
v 1.35864294 0.443163902 0.554085374
v 1.88243937 -0.399591655 -1.00448287
v -0.932272732 -0.319800913 -0.519928277
v 1.32280433 -0.189551488 0.305863053
v -0.582794547 -0.0866285115 -0.0363495275
v 0.323211402 -0.516518056 0.423768342
v 0.230928645 -0.509243071 -0.179073378
v -2.02467275 -0.154543802 1.0834794
v -2.48674393 -0.164204195 -0.0673666522
v -2.48674393 -0.164204195 -0.0673666522
v -0.13481845 -0.548765361 -0.400918514
v -1.42804766 0.207833067 0.105372868
v 0.0404717699 -0.329968631 -1.17598271
v -0.310120553 -0.540653527 0.680581868
v 0.222517461 0.494844824 -0.974913538
v 1.66717362 0.481211334 1.00033879
v 1.41243124 -0.436266601 -0.505361378
v 0.781531572 -0.16647692 -1.47054541
v 1.36397159 0.525473177 -1.00211692
v -1.18106771 -0.471948773 -1.20941842
v -0.0739864558 0.553103983 -0.659729838
v -1.33144021 -0.536059976 0.875952959
v 1.87088501 -0.459559947 -0.895865381
v -0.675838232 0.139540046 1.45931435
v -2.20044565 0.467415631 -0.331423342
v 0.714445651 -0.312975943 0.431287736
v 1.43978572 -0.317612648 0.278609931
v 0.0351726152 0.554065764 0.280112743
v -1.34343648 0.527397156 1.03320611
v -1.35493505 -0.245487109 -0.311103106
v 0.570798099 0.463074833 -0.531792521
v 0.0872248709 -0.538136363 -0.0603581145
v 1.23590386 0.344549835 0.485077471
v 0.606746495 -0.322928458 -0.33404696
v 1.48828411 -0.521794915 0.691453397
v -0.154665619 -0.554412782 -0.561376691
v 0.343255371 -0.495799035 -0.382160187
v 2.26238823 -0.100466393 0.811839998
v 0.957718015 0.121041507 -0.421635717
v -2.30077434 -0.285830081 0.592618704
v 1.35109901 -0.525141835 1.00599217
v 0.880014002 -0.336167008 -0.517917275
v -1.56342089 -0.371242732 0.0750861615
v -0.572674632 -0.501984656 -0.667686462
v 0.279668987 0.496168792 0.222286239
v -1.57942426 -0.3550179 1.25351071
v -0.496888131 0.44901827 -0.447128654
v -1.24042273 0.496962368 -0.706577718
v 2.32731557 -0.38183865 0.265062511
v -0.873125434 -0.47270903 -0.693080842
v -0.0421074629 -0.560057402 -0.566854835
v -1.13297999 -0.372871131 -0.551004589
v 0.621555746 0.153416842 0.211483046
v -1.24931812 -0.140242711 0.344205648
v 0.898033977 0.352626592 0.539967358
v -2.28440595 -0.0543998368 0.793220043
v 0.175932288 -0.540605843 -0.370571703
v 1.73481214 0.523450255 0.615566254
v -1.17890143 -0.483428001 1.19236255
v 1.96633685 0.515377283 0.512808859
v 0.27065441 -0.513049304 -0.329128385
v -0.222067356 0.556797028 0.630913079
v -0.465358049 -0.436720997 0.36539799
v 2.44589734 0.230448872 -0.225382552
v 1.88587201 -0.331971943 -1.0876621
v -0.973199546 0.250523776 0.473572254
v -2.22891188 0.452578515 0.277584374
v 2.03597879 -0.292696357 -0.990636945
v 0.430466324 -0.531944752 0.920551419
v 0.48166585 -0.397591561 -0.295621008
v 0.23331672 0.297345191 1.24615848
v -1.57053983 0.447322071 0.314135909
v -0.314445943 0.217588291 1.31212258
v -0.0818838775 -0.558582962 0.622096956
v -1.54299784 -0.405395418 0.268845409
v 1.98159981 0.357713699 0.962654233
v 0.654368162 0.485296339 -1.12484944
v -1.43155766 0.466576934 1.17274666
v -1.59067559 -0.397679806 -1.20207238
v -1.64334023 0.15579918 1.34332955
v -0.513984859 -0.495467871 -0.603605986
v 0.216888905 0.538085341 0.411984921
v 0.550842285 -0.379321367 -0.354337007
v 2.02091408 -0.361800969 -0.923215747
v -0.544645727 -0.351321876 -0.311917424
v -0.0648839697 -0.483265936 -0.971453369
v -1.25892866 0.156792328 -0.346591383
v 1.77665079 -0.533964157 -0.638267517
v 0.902861834 -0.400853783 0.588490248
v -1.43393981 -0.346214712 -1.31683874
v 0.56057179 -0.512491763 1.05120146
v 1.06196249 0.0594259873 -0.404931337
v 1.36578155 0.264278919 1.4011333
v -0.631407976 -0.481942058 0.629511714
v -0.391508698 -0.44323808 0.243525147
v -0.642516494 -0.453697026 -1.20089865
v -1.57337296 -0.181507096 -1.3722707
v -0.683624327 -0.0621486977 -0.265378058
v -0.456246763 -0.346020609 -0.0296646915
v 1.83515847 0.336168796 -1.11690152
v -1.45489836 -0.22595185 0.0732210428
v 2.17367411 -0.135467589 0.918199241
v 1.65916884 -0.488132328 -0.350372195
v 2.32629609 -0.337188959 0.442832589
v -0.111328691 0.536002636 -0.02772291
v 1.60823762 0.524540722 -0.612368524
v -2.27161121 -0.229794025 0.717518985
v 2.39775872 -0.256008774 -0.394909114
v 1.21103883 0.286824703 1.41771817
v 0.504397392 0.332923025 -1.30010891
v -0.0241634008 -0.557228148 -0.397675335
v -1.65288782 -0.532883048 0.765490174
v -1.42091131 0.387647986 0.39327088
v 1.4646982 0.29271251 0.188549697
v -1.79697359 0.41204536 1.05778778
v -0.713768482 0.471414596 -1.18809378
v -1.76616251 -0.51565814 -0.810824215
v -1.49798036 -0.305658311 0.106809601
v -0.623424292 -0.218975008 -0.264429659
v 2.4469173 -0.0612632185 -0.45519796
v -2.50623083 0.101257868 -0.073765859
v 1.78012419 -0.531614304 -0.546513438
v -2.15762162 0.49143362 0.290335268
v -1.52076173 -0.351980329 -0.168642417
v -0.600852489 0.53655529 0.806886554
v 1.21930027 0.529522836 0.871070802
v -2.03648782 0.201715484 -1.04571831
v -1.86823428 0.534199119 0.591394484
v -0.118193679 0.540875494 0.189632595
v -0.870853186 0.369378388 0.555936575
v -1.79953158 0.535518825 -0.443887562
v -1.31222904 0.341807812 -1.3572433
v -1.63307643 -0.535275578 0.662344158
v 1.93709517 -0.0678544939 1.18017149
v -0.727759123 -0.491297096 -1.13545525
v -2.3000102 0.40555042 0.268853724
v 0.277667105 -0.524180949 0.892029285
v 2.04934096 0.527180314 -0.191580638
v -0.419914246 0.431420445 0.263576001
v 0.377474546 -0.44969517 0.241973177
v -1.56244934 -0.0792493895 1.40331626
v -0.0588180795 0.559921324 -0.47852248
v -0.620790124 0.475842476 1.16760623
v -0.709533513 -0.45645538 0.608925521
v -1.71415019 -0.531226635 -0.735714674
v -1.24233401 -0.507590711 -0.743981898
v 1.20627177 -0.245814949 0.422539651
v 1.83167195 0.516230941 -0.132536069
v 1.54528892 0.405908048 -0.259653717
v -0.642780721 0.137943253 0.236758858
v -0.593185484 -0.0612466596 0.0556288883
v 1.41842806 0.257348388 -0.226965114
v 1.6376915 -0.279259771 -1.28981972
v 2.38213372 0.347167581 0.0892202333
v -1.84594035 -0.533352137 -0.502891779
v -0.993440509 -0.387743622 0.582235038
v 0.0585719235 0.545911193 -0.21156995
v 0.787191868 -0.40427056 -0.559266031
v 2.01354361 0.405582517 -0.852918804
v 1.16984248 0.20083642 -0.417089522
v 1.24813724 -0.134397656 0.352750659
v 1.47047365 -0.49103424 1.09407735
v -1.8503406 -0.481125742 -0.844343245
v 0.595056951 0.381300867 0.411950946
v -0.681175947 0.410253674 -0.523968101
v -1.59452605 0.246599182 1.33074379
v -1.64101696 -0.531839848 -0.660801172
v 1.2619679 0.499255359 0.72664392
v 1.89654434 -0.536616623 0.460031629
v 1.63422239 -0.352317363 -1.23347175
v -0.676441014 -0.196057186 0.309449315
v 0.114487499 0.55678606 0.440335482
v -0.482633144 -0.449964434 -0.430641383
v 0.975584507 -0.197017178 -1.47613645
v -0.32540071 -0.500835896 -0.375982463
v 1.17874169 -0.521677554 0.828708291
v -1.90446842 -0.48743391 -0.766271412
v -0.707648158 -0.217096955 -0.353980064
v -0.361488611 -0.531610072 0.868671298
v -0.591695368 0.0616027787 0.0343155079
v -1.73976648 0.177472219 1.28383446
v 1.61506009 -0.499946117 0.997730494
v -0.252115965 -0.44923383 -1.08223987
v -2.27378392 0.445670515 -0.155532032
v -0.0230736211 -0.563579559 0.458003163
v 2.44437718 -0.250931561 0.157916307
v -0.795881391 -0.2527695 -0.432248473
v -1.38748384 0.161315605 0.160720825
v -1.92808521 -0.125256062 1.18127406
v -0.127445936 0.547596455 -0.344884396
v 0.0995590761 0.420776933 -1.08293295
v 1.82988465 0.505840302 0.747785985
v -1.10343409 0.114425689 1.50300002
v 1.73864341 -0.50359273 0.893657088
v -0.954940975 -0.442118287 -0.654901028
v 0.762269437 -0.516951442 -1.0774194
v -0.577529848 0.333147377 -0.333233207
v 0.870232642 -0.398479581 1.33368456
v -0.395548105 -0.483766854 0.405237615
v -1.93839562 -0.536010921 -0.338885635
v 0.969703436 -0.385241002 -0.575944304
v -1.26449585 0.111638956 -1.47978854
v 0.329417586 -0.17953676 1.34241951
v 0.150142327 -0.535485804 0.163398907
v -0.0329592079 -0.427844077 -1.0653044
v -0.605178416 -0.338206142 0.362154126
v -1.5865413 -0.249084309 -1.33175921
v 1.29153883 0.319444537 -1.37761474
v -2.17273355 0.498464674 0.118883982
v 0.588626087 0.116322607 -0.08393085
v 2.22815108 0.0655734241 -0.88835597
v 0.175138116 -0.52038461 -0.00441836566
v 1.02917171 0.25246042 1.45377779
v 0.123583063 0.512962878 -0.898387969
v -1.92351747 0.511682868 0.671042502
v 0.339765906 0.484097213 0.307025284
v -1.39333594 -0.528824747 0.801681459
v 1.6602844 0.525780439 0.655257881
v -0.882347941 -0.506749749 -0.775758088
v 0.555678904 0.401826739 -1.24094272
v 0.297148228 -0.489781708 0.223029286
v 1.16041851 0.220162913 0.426869422
v -1.92409468 0.536515117 -0.438373864
v -1.26395524 -0.0519196242 0.304134786
v -0.568997204 -0.430514663 0.467925608
v 0.20222944 0.51408875 -0.102679811
v -2.24258566 0.164496154 -0.820262134
v 0.0538536683 -0.562916517 0.483817667
v 1.61735129 -0.52734971 0.589069247
v -0.269770086 -0.324772984 1.2299701
v 0.324260175 0.461636931 0.118307278
v -0.989713848 -0.247350201 -0.47352758
v -1.21838903 -0.372722447 -0.5232113
v -0.675304949 -0.404426098 -1.28150868
v 1.40042567 -0.0604685545 0.0664338544
v 0.949860573 -0.442695677 -0.650643766
v -1.13282728 -0.305283487 -0.491251528
v -0.466674954 -0.399054617 -0.272706807
v -0.679737628 0.275002718 1.39476156
v 1.7719022 0.398245841 1.08082235
v 1.3679682 -0.53140229 0.909119189
v -0.384154975 -0.445206463 -0.229963183
v 1.58755279 -0.530503869 0.67332226
v -1.10849667 -0.0553757101 0.390113443
v 2.42624307 0.193069056 -0.39693445
v 1.28790557 -0.46410799 0.629249513
v -0.334934294 0.496172547 -0.366981626
v 2.42488313 0.217976809 0.359279722
v 1.49193931 0.456288785 -1.15827918
v 0.405441076 -0.321311712 1.28397453
v 1.08240473 -0.203326389 1.47343326
v 0.699015856 0.159965381 -0.300167501
v -1.94544983 0.52726388 -0.521697879
v -1.7506355 -0.353458703 -1.15734947
v 1.80323648 -0.0854239315 -1.27994084
v -0.84729284 -0.16136083 0.402045131
v 0.993275821 -0.0621783659 1.51526213
v -1.36593771 0.281671613 -0.319986165
v 1.85773206 -0.12000677 1.22967374
v 0.131575301 -0.558217049 0.623848081
v 1.56014299 -0.416534394 1.1893518
v 0.818611562 -0.210686415 1.46621442
v 0.523738742 -0.490760684 -0.563203692
v 1.91931093 0.500684142 0.679773629
v -0.311683446 -0.490070909 0.270903498
v 1.81774986 0.14392972 1.24983943
v 0.582697749 -0.535083532 0.957419455
v 1.72247577 -0.496335387 0.180666313
v -1.03497362 -0.0608422197 0.406892896
v 1.58171642 -0.442833811 -0.31144473
v -0.65538168 0.341518968 -0.419391692
v 0.678308129 -0.516874611 -1.05865204
v 1.46129501 0.265716881 -0.137872726
v -0.0865824372 -0.540552497 0.0773034245
v -2.26882267 0.365088642 0.500425577
v -1.71054876 0.511989892 0.327195495
v -0.0109596094 -0.277345031 -1.21586645
v 1.47525895 0.384088337 -0.325970262
v 1.36080742 0.407573342 -1.27043045
v 1.27950335 -0.283473402 0.410151303
v -0.130657777 0.547190905 0.298714221
v 0.014590811 -0.504978955 -0.913506508
v -1.57489705 -0.408012152 -0.178504556
v 0.567687035 0.425779969 0.460625201
v -2.31279397 0.354000717 0.415623695
v 0.821616828 -0.105940878 -1.48941863
v -0.106465578 0.537154377 0.08986976
v 0.895266414 0.413993806 0.602665901
v -0.638228297 0.491728336 -0.667285979
v -0.950351536 0.458115518 -1.24372292
v 0.0507847369 0.520544648 0.868781805
v -1.47373843 -0.521798372 0.982565582
v 1.59520471 -0.402469844 -0.0808049664
v -1.93707263 -0.409879684 0.937739015
v -2.37772512 0.223228112 0.48522386
v -1.56507576 -0.536207259 -0.826821566
v 2.45041537 -0.183331951 -0.324311793
v 0.956876874 -0.532318354 -0.90689677
v -0.498402685 0.50278759 1.05922353
v 1.78104365 -0.518836319 -0.769875467
v 1.26049709 -0.50410074 0.744307697
v -1.27313435 -0.516637027 -1.09262049
v 1.63367069 -0.433372319 0.0789298341
v 2.44513035 -0.235023528 -0.249341458
v -0.83894974 0.150479302 -0.401736736
v 2.39754772 0.330756366 -0.103399925
v 0.540249825 -0.26034081 -0.137012452
v -1.11826193 -0.501536727 0.75826019
v 1.10701942 -0.494372874 -1.1710639
v 1.23800588 0.53557688 -0.910704136
v 0.0115645044 -0.434779048 1.04713511
v 0.912517548 -0.0826021209 0.405300498
v -1.41315448 0.400712669 -1.27187538
v -0.572962224 -0.311018795 0.281767577
v -1.41426003 -0.0924903974 1.45230901
v 2.36550593 -0.322593242 -0.330508798
v 2.06305408 -0.480606824 -0.596002281
v 2.00422931 -0.533071339 -0.101956069
v 2.29796958 0.268232405 0.627963126
v -0.577450275 0.343952864 0.333747894
v 2.20648241 -0.156357422 0.861973226
v 2.10357332 0.28415525 -0.914478242
v -1.72468829 -0.429045588 -1.07816815
v 1.41032588 -0.0925152227 -0.0462912507
v -0.289969981 0.496250331 0.231366634
v 0.0122849643 0.392425328 -1.11515224
v -2.45948911 0.106866032 -0.377225488
v 0.467725486 -0.434886068 1.18353117
v 0.867422581 -0.137584046 1.49516273
v 0.901454985 0.451543689 0.661512196
v 0.168997124 -0.509549081 0.916442335
v -1.44826043 -0.417992264 -1.23676097
v 0.684493244 -0.537314534 -0.910961628
v -1.57073748 0.40937829 -0.192028537
v -0.49031648 0.397083938 -1.23505449
v 0.166014075 -0.100943744 1.31298697
v 1.76455164 -0.491409034 -0.913218617
v 2.43465042 -0.222833067 0.304398775
v -2.32922077 -0.16767323 0.660278022
v 0.298577517 0.307584137 -1.2596494
v 0.680280864 -0.448277682 -0.576119423
v -1.26371062 -0.481511533 0.675359011
v 0.997359633 0.210884809 0.452655494
v 1.28262675 -0.292090476 1.39880526
v 0.752552867 -0.525791705 0.80185163
v 1.15420866 0.495075256 0.738317251
v 1.72714865 0.490445435 0.918164194
v -0.621265054 0.406937689 0.465590209
v -0.771476567 -0.0263755247 -1.49315488
v 1.81835306 0.234975532 1.20833051
v -1.5730722 -0.532979846 0.809607744
v 1.83324456 -0.533796132 -0.438083589
v -1.36884093 0.0712777451 0.162303478
v -2.48721123 -0.116626374 0.218929604
v 0.48205179 0.232284516 -1.36269319
v -1.7903347 0.526611567 -0.302842557
v -1.15015519 0.214273155 -1.45895779
v -0.146094605 0.457662821 -1.03501499
v 2.46167564 0.105001628 -0.371003985
v -1.32037437 -0.528133333 -0.792153358
v 0.851586878 0.268735588 1.43992138
v 1.18968153 -0.222384781 -1.45019531
v 0.677690685 -0.537805915 0.916601539
v 0.225215405 -0.514341772 0.193494067
v 1.17817068 -0.519718051 1.09303808
v -1.00880837 -0.252105057 0.472425282
v 0.543782175 -0.255953074 0.147435755
v 1.51130998 -0.149441034 1.40375733
v -1.1628238 0.277208894 -1.42526782
v -1.05713975 0.476967841 -1.21148098
v -0.401248515 -0.411892176 -0.115417928
v 1.84948397 -0.502053082 -0.789761424
v 0.807426155 0.380968094 -1.32738888
v -0.784656584 -0.166756719 -0.38558054
v -1.26869309 -0.272415936 0.406812608
v -0.771664083 0.525427103 -1.03401577
v -0.806150615 0.235670239 -1.43769193
v 0.853201449 0.522371948 -0.849453032
v 2.33319831 -0.219740704 -0.620812178
v -1.56239617 0.475231469 0.411082029
v -1.03877914 0.528791308 -1.05888939
v 1.4590553 -0.532777786 0.878267169
v -1.60264933 -0.502388 -0.490970135
v -0.266002774 -0.527253568 0.86178124
v -1.2411077 0.527930439 1.04130399
v 1.2464385 -0.172777325 -0.361421287
v -0.633761108 -0.104057856 -0.204329044
v -0.294705689 0.550013185 0.767968774
v -0.571313441 0.182581976 0.120871529
v 1.81323349 0.280205697 -1.1746639
v -1.05558634 0.381709069 0.575343788
v 1.40615618 -0.438868076 0.507693052
v 1.27482796 0.527026415 -0.824034929
v -1.21528018 -0.302859277 0.455986232
v 0.680232942 -0.226616576 0.324376583
v 2.13947153 -0.207825631 0.921018839
v -0.991353929 0.190212876 -1.47001326
v -0.22326301 0.507689834 -0.0502997711
v 0.574237168 0.487214684 -1.10087419
v 1.30540359 0.492437333 -1.14487624
v -1.3942734 0.438382685 -0.51564616
v 1.90348649 -0.52977246 -0.523678005
v -1.15532947 -0.534648538 1.05031919
v 1.99410188 0.495233804 0.600602388
v 1.65151525 -0.0783676282 -1.36171436
v -1.35352075 0.507960737 0.696154594
v -0.0973073095 0.25628823 -1.24509656
v -1.34629238 0.514218271 -1.0893544
v 0.28233099 -0.54880023 -0.709987521
v 1.40090692 0.534588635 -0.927956045
v 0.651226699 0.236629397 -0.296154797
v -0.261661381 -0.512573183 -0.302623719
v -2.50915432 -0.0852430463 -0.085460104
v -2.50915432 -0.0852430463 -0.085460104
v 0.925302148 -0.114859544 -1.49676085
v -0.557821631 -0.21574907 -0.121365935
v -0.358216554 -0.437949121 0.0453117937
v 1.83571863 -0.226056695 1.20005345
v 0.805681884 0.501845956 -0.747300446
v -0.89418304 0.497188419 -1.16013801
v -0.967581809 0.333355784 0.532537818
v -0.331004173 -0.498526841 0.358763307
v -0.585092366 0.512891412 1.05262256
v 0.768886268 0.42070052 -1.26921451
v -0.347317189 0.161714852 -1.35496616
v -0.929383337 -0.287998915 0.485616088
v 0.277124137 -0.540553212 -0.524086952
v -0.918504953 0.292611688 -0.49074772
v -0.121164471 -0.311705023 1.19683051
v 0.404252142 -0.451885372 0.309585631
v 0.147943899 -0.542226195 0.783394098
v 0.0337175578 -0.533839166 0.808814228
v -1.00468779 0.34070909 -1.38533664
v -1.68043137 -0.119122013 1.33948016
v -1.88924515 0.306349307 1.09824479
v -1.54418206 0.12853545 -1.40188849
v 1.66514516 0.36377725 -1.20024514
v 0.789258599 -0.234089866 -1.44540703
v 0.0807887241 -0.548895776 0.218134075
v 0.586114466 -0.115911506 0.079808563
v 1.12921393 0.528481245 0.871174216
v 0.822007895 -0.495970458 0.73372674
v -0.824171782 -0.0906398073 -1.493397
v -0.596331537 -0.134181559 0.137494653
v 0.157404184 -0.289787769 -1.22952628
v 0.892003715 -0.528896332 1.05689716
v -2.46318269 -0.061087098 0.387690902
v 0.893894553 -0.267742068 0.470091939
v 0.836999476 0.154474691 0.39836058
v -0.456736803 0.283326715 1.32433963
v 0.627010405 0.438814491 0.534708738
v -1.36851668 -0.514437556 -0.718270063
v 1.79888046 -0.464859128 0.956600666
v -0.11363636 -0.540653944 0.160915017
v 1.46575534 -0.343508601 -1.31445575
v 1.94473636 0.444327801 0.848557115
v 0.0363876112 0.551194906 -0.275163561
v 0.92965734 0.525250375 -0.874583125
v -0.79468745 0.352485746 -0.501293719
v -0.0277925469 -0.179446086 1.26798332
v 1.40626955 -0.156479791 -0.138325959
v -0.0371427387 0.0919946507 -1.30243766
v 0.82018733 0.0568295456 0.36987254
v 0.104623124 -0.268496692 1.22683978
v -1.40094852 0.133284852 -1.44343519
v -1.99789989 0.487681031 0.663728118
v -0.189227 -0.393420398 1.12801397
v -0.168084905 0.204925478 -1.28808081
v -0.181798309 -0.521762908 0.102129005
v 1.01936841 -0.53617394 0.970255911
v -1.92591834 0.541069746 0.266276985
v 0.907628536 0.230726004 0.454847962
v 0.333968431 -0.350628108 1.23048377
v -1.43835628 -0.255681515 -1.38246953
v -0.129315823 0.484088659 -0.978827417
v 0.135545477 0.047377117 -1.31979668
v -1.28898621 0.400093675 0.517944038
v 1.19552124 -0.345661193 1.37534046
v 2.38359904 -0.310712397 0.296706527
v -0.910865009 0.34205249 -1.38012469
v 1.34347618 -0.12162248 1.45869303
v -1.63817739 0.0442861505 1.36992204
v -0.0406408533 0.558873594 0.358801126
v -0.43264094 0.41469416 -1.19285262
v 1.69799626 0.487167776 -0.227447346
v -1.40316212 0.490497798 -1.12845397
v 1.27889466 0.226305917 -0.367688835
v -1.95773125 -0.180380464 1.13162303
v -2.32284379 0.410367012 0.123435654
v -1.56084704 -0.465229362 -1.10893679
v 0.683950901 0.0866743252 0.263439894
v 0.294538796 0.54347688 0.565767229
v 0.111831173 -0.212486371 -1.26340342
v -1.54255676 -0.406682819 1.21314967
v 0.281824529 0.542628229 -0.785719573
v -2.2627871 0.424473971 -0.330953151
v -1.17215776 0.51888293 -1.1054281
v -1.32138765 -0.195365265 0.304826736
v 0.393199652 0.461870253 -0.316271663
v -2.25615001 -0.304647774 0.652795434
v -0.542808712 -0.202676535 -1.4037261
v 0.323379993 0.428077728 -1.13337171
v -1.67697847 0.471802145 -0.178301543
v -1.38417017 -0.535670578 0.943344116
v -0.445771903 0.544580817 0.829783976
v -1.1945014 -0.527310252 -1.04515958
v 1.59162498 0.0316541679 1.39660382
v 0.0289301388 0.549497306 0.743506193
v 0.485334575 0.4296588 -0.368494689
v 2.3237288 -0.283627301 -0.56219697
v 2.25349593 -0.452849001 -0.174144894
v 0.637582064 0.152724355 -0.228266224
v 1.73777032 -0.536817551 0.696724832
v -1.20522583 0.511827826 -0.766474128
v -2.00279903 0.322777301 -0.980949223
v 0.966295719 -0.531241655 -1.01123369
v -0.383064896 0.498265743 -0.454538047
v -1.01138377 -0.319534689 -1.40987134
v -0.873804212 -0.257553011 -1.44283748
v -1.06129396 0.481202036 -0.707726777
v 1.12987888 0.258455515 -1.44197202
v 1.64341402 0.515512347 0.566783607
v -1.2735014 0.537197113 0.896223605
v -1.32042766 -0.194398031 1.44901466
v -0.76904422 0.40654707 0.557714641
v 1.7632302 -0.176230058 1.27288556
v 0.783876538 -0.53563267 -0.904328167
v 0.825360954 0.447633058 0.645842075
v -0.239910737 0.275837123 1.2557013
v 1.73366308 0.291607261 -1.22012115
v 0.172920063 0.389621645 -1.14061427
v -0.824178159 0.278494358 0.457063615
v 0.409893781 -0.394673884 -0.0459904745
v 0.248378366 -0.494837224 -0.0855625719
v 0.0638568923 -0.500819564 0.918641269
v -1.31633306 0.500184894 1.13557208
v -1.74837923 0.544718683 0.667117059
v 1.68861091 0.534268677 -0.698349774
v 1.78664601 0.513095617 -0.221847147
v -1.60995066 0.506599009 0.460360438
v -1.703655 0.500148833 -0.292467982
v 1.56763065 -0.283257455 1.31362176
v 1.50340974 0.522371709 -0.677967072
v -0.769980669 0.190353647 1.46297729
v -1.90667009 0.480883121 -0.803530276
v -2.00931239 -0.508869648 -0.517704606
v 2.45401144 -0.207054734 0.22968632
v 1.48007882 0.23950465 -1.37963653
v 1.74192107 -0.407663107 1.09740603
v 0.710470319 0.196267962 -1.44105089
v 2.05958533 -0.51314044 -0.374007374
v 0.974869907 0.510799348 -0.794724464
v -2.37289762 0.16979377 0.560421646
v -0.0658625811 -0.197674632 -1.2613833
v -2.13047385 -0.254507184 -0.90727073
v 1.23974729 0.350798279 -0.492670417
v -2.30958891 0.403853923 -0.233211398
v -0.821399331 0.322220504 -1.3881675
v -1.39175534 0.292266577 -1.37595856
v 1.30420828 0.092977114 1.47329581
v -0.276494563 0.483641595 0.0386339277
v -1.84530437 0.536052525 -0.361511081
v 0.771751225 -0.284782588 1.41880274
v 2.39907622 -0.307181984 -0.237839431
v -0.115354173 -0.383225739 -1.13617563
v -0.293504298 0.496066511 -0.273339748
v 0.489907414 -0.43419987 -0.38650924
v 2.12171721 0.504765749 0.189947143
v 2.1583221 -0.381247073 0.704005957
v 1.15367854 0.423289388 1.30248392
v 2.1930995 0.325898528 0.738558054
v 0.586790502 0.0943880379 0.0143131278
v -1.52397847 -0.528142035 -0.957524002
v -0.4992567 0.401353449 -0.341626376
v 1.48717666 -0.323028147 -0.194413289
v 2.23004079 -0.294638246 -0.729269445
v -0.901936412 0.313187599 1.41246355
v -0.178189561 0.146333322 1.30345893
v -2.41845846 0.057789214 -0.544233382
v 1.56870341 -0.39274922 -0.168150455
v 0.620729208 0.528370082 0.819379389
v 0.262963444 -0.497437656 -0.986262083
v -2.37693024 0.275067031 0.415691674
v -1.59534967 -0.14540115 1.37266684
v 0.297139704 0.513968885 -0.372769058
v -0.293155372 0.532292902 -0.505829513
v -1.29287279 0.0529644601 -1.48769438
v -0.140615314 0.112993233 -1.31172383
v -1.47916198 -0.343365192 -0.249372333
v -0.845414162 0.299339026 -0.477164775
v -2.19548726 0.337545931 0.704460382
v 0.315688848 0.4863258 -0.260424703
v -1.79568589 -0.530374169 -0.418858409
v 1.79426897 -0.517324984 -0.258035123
v 2.42427611 0.161006257 0.427679479
v 0.384832203 0.472379446 -1.07415831
v -0.484047562 -0.525948763 -0.707385182
v 0.742781103 -0.347964019 1.36702836
v 0.565381587 0.215517819 0.138988927
v 0.3145684 0.160467699 -1.34185123
v 0.134245291 -0.557582617 -0.607537985
v -1.21344197 0.45535484 -0.631622314
v -2.30149555 -0.414542496 -0.152974576
v -0.0358006358 0.553983033 -0.309979886
v 1.86112309 -0.522969246 -0.0452668145
v 0.408811212 -0.404925436 -0.127738357
v 1.67205203 -0.464190364 1.04685926
v 0.262734711 0.231346324 1.2974304
v 1.37462091 -0.45623672 -0.563739598
v 1.23803473 0.425052226 -1.27824044
v -1.96380818 0.207237363 -1.10940444
v -0.146508381 -0.531379223 -0.0200493
v 0.997575343 0.135201946 0.42159766
v 1.02117944 0.260013461 -1.44378281
v 2.13406324 0.0695303157 -1.00735283
v -0.00860203337 0.561101615 -0.521293104
v 2.0690515 -0.528282166 0.146517932
v 1.1521554 0.517310619 -1.08882809
v -1.9588933 -0.537344158 0.0758218318
v -1.68704629 -0.490802646 -0.971876323
v -0.618762732 0.379755855 1.2972095
v -0.463124841 0.453645825 1.14669335
v -1.94753098 -0.538026869 0.227029175
v 1.50691485 -0.374688119 1.2590425
v 1.95981681 0.385768026 -0.942910373
v -1.7863524 -0.45422861 0.992784083
v -1.43567705 0.502082467 -0.633657575
v -1.48002326 -0.31984812 1.32519734
v 0.718173325 0.291438967 -1.38790882
v -0.338000536 -0.505307555 -0.992859662
v 1.9408586 0.53483063 -0.305091143
v -0.067890279 0.545958936 -0.13870354
v 1.70244122 0.475489259 -0.0775357857
v 1.70244122 0.475489259 -0.0775357857
v -2.04379439 -0.18499893 -1.05764794
v -1.85646081 -0.3733114 -1.06066144
v 1.2028147 -0.500691652 -1.13945866
v 0.627537787 -0.348462909 0.395073414
v -1.29581356 -0.483809173 -1.17210412
v -2.16017532 0.495279729 -0.273037732
v -2.07556725 0.330807298 0.884599984
v 1.26463985 -0.472843617 -1.20118868
v -1.46800697 0.455050766 -0.479982853
v 1.45645308 0.361784875 -1.29141998
v 1.36950612 0.0837747976 0.183981329
v -1.45387745 -0.349066675 0.294426054
v -2.45914626 0.24549076 -0.0576446652
v 1.59914517 0.425008327 0.211277559
v -1.67808902 -0.524028838 -0.837310076
v 1.39677143 -0.510160089 1.05895054
v -1.85344625 -0.534302533 -0.343990386
v -0.158252731 0.509628832 -0.910614014
v 1.95421386 0.532403529 -0.100356512
v -1.32266462 0.317085385 -0.402029544
v 1.69879198 -0.530820608 -0.626880169
v 1.29774928 -0.261212826 -0.377552003
v 0.972659707 -0.381104141 0.574097335
v 1.6408236 -0.453117132 0.182286814
v 1.87326217 -0.524820924 -0.628152728
v -0.0363467671 -0.473257929 0.977604866
v -0.563554347 -0.390770346 -0.401007712
v 2.09821367 -0.343780309 0.847102165
v 2.05762315 -0.506583869 0.447132975
v -1.06596351 -0.307705879 0.499875009
v -1.22048402 -0.0728500858 -0.347619683
v 2.33200645 0.393953532 0.148639292
v -0.963085175 0.0777947009 -0.408049643
v 0.600331306 0.0996408239 0.114027329
v -1.90049779 -0.537285149 0.501505733
v -0.673897803 -0.414480031 -0.532054365
v 0.501119733 -0.210312545 1.39259434
v 0.715890884 -0.426456541 0.560648203
v 2.28676844 -0.435842276 0.132409781
v 0.478106976 -0.52437371 -0.967541158
v 1.97784865 -0.533351481 -0.206205145
v 1.93445182 0.524882793 0.429420233
v -1.87997246 -0.164953575 -1.20205486
v -0.114083849 0.5439291 -0.238798171
v -0.181205928 0.415872067 -1.10971022
v -0.804542422 -0.436619252 1.26681018
v 2.44739437 0.250822663 -0.114905022
v -0.787219644 -0.326048464 1.38712919
v -1.36303115 -0.292692184 -1.3780793
v -0.399237752 -0.430912286 1.16213942
v -1.29904163 -0.519490659 1.07491744
v 1.8173275 -0.514799535 -0.136486411
v 0.925501645 -0.50919807 0.784905016
v 1.19520378 0.183061451 -1.46784186
v 0.814797521 0.522107542 -1.05542111
v 2.24914813 0.232352197 0.755414665
v 0.939425588 0.29423508 1.42886627
v 0.0248909779 0.55963695 -0.450487494
v -1.03406739 0.464914769 1.25533926
v 0.75324887 -0.503934681 1.13619804
v 2.05038023 -0.528101683 -0.0601851493
v -2.32794333 0.13873446 0.67906642
v 2.14781952 -0.301293701 -0.856128335
v 0.916179776 -0.534488618 0.974212825
v -1.49890888 -0.388188541 -0.300442755
v -0.282341361 0.0736062899 -1.35474575
v -0.103182994 0.563320398 0.517207265
v -1.09548283 -0.136513293 -0.418482125
v 2.2276628 0.343683511 0.648277819
v -2.47840261 -0.117688343 -0.261215687
v -0.998706937 -0.431588769 1.29465342
v -2.46743751 -0.072841756 -0.361144662
v 0.119154386 -0.544265568 -0.775394797
v -0.0569921806 0.468414307 -0.998659611
v 1.44860721 -0.276290119 0.193572178
v -0.926926136 0.111922488 -1.49133635
v -0.589101315 -0.193969533 -0.177877292
v -0.931124508 0.533433497 -0.926563442
v -1.12310684 0.451971412 -0.648031652
v 0.392182767 0.421654701 0.136759385
v 0.886748612 0.2938613 0.486063868
v 0.536615849 -0.112655632 1.43934047
v 2.06298375 -0.165660426 1.03924882
v 0.605364263 -0.437114269 -0.508171201
v -0.440144897 -0.509806156 0.575690269
v -0.598912179 0.300346851 1.35643029
v -1.13165843 0.490337044 -1.18473577
v 2.22301698 -0.27275759 0.760913193
v -0.480565608 -0.225110129 1.37666786
v 1.31483948 -0.065434739 -0.262294084
v -1.55933928 -0.513964713 -0.593398273
v 2.17591786 -0.438942105 -0.519214451
v 0.803591311 -0.0388977937 0.35560593
v -0.0552139953 0.523176849 -0.846395254
v -0.861632049 0.535125792 -0.937047899
v 1.30559921 -0.488824904 1.16313303
v -1.76792109 0.236585006 -1.24598706
v -1.61905503 0.309075654 -1.28243554
v 0.0459310077 -0.388804317 -1.12091219
v -2.28398156 -0.432524174 0.102370426
v -1.27525628 -0.160877451 -0.33292678
v -2.08278298 0.520156562 0.25621745
v -0.511523068 0.26989007 -0.00385291595
v 0.911492705 -0.486996353 -0.729833782
v 1.26297677 0.449373096 0.614565253
v 1.89610565 0.530307114 0.350672424
v -0.431253403 0.514206827 -0.984568119
v -1.51097488 0.481189638 -1.10784209
v 0.039217297 0.544799209 0.0669438988
v 1.39720798 0.325025111 -1.34539294
v -0.494567454 0.299284607 -1.33202124
v -0.173806757 0.555660903 0.704146326
v 0.53996253 0.227764308 0.0450019203
v 1.66480124 0.225074783 1.31321502
v -1.82738352 -0.5275352 -0.192096993
v 1.53966236 -0.396644056 -0.260179698
v 0.386114389 0.265688807 1.32571566
v 1.76016784 0.516228676 0.402459592
v 1.53995514 -0.466306299 1.11882675
v -0.346711457 0.306324899 -1.27621543
v 0.0652007908 -0.322981805 1.17990303
v -0.961448371 0.404353559 -0.59268868
v -0.179935843 -0.353046417 -1.18179584
v -1.56300306 -0.530500293 -0.702243567
v 0.481887579 0.485967427 -1.07888854
v -1.19398522 -0.540620923 0.980331123
v -0.523690343 0.538820982 0.885499179
v 2.11036825 -0.408644319 -0.737517357
v -0.483437389 0.186479151 1.38375545
v 0.112268604 -0.551956058 0.320899725
v 1.30962217 -0.536683977 -0.889980078
v 0.558355391 0.197858974 -0.0458639264
v 1.0178808 -0.497637153 1.17534721
v 2.11630487 -0.433821619 0.643881977
v 0.9817276 -0.091221422 -0.415894955
v -2.46950483 0.176602095 -0.231136754
v 1.48043895 -0.278046101 -0.0938920379
v -0.857883453 0.46361351 -1.23275018
v 0.85667634 0.412242293 -0.588702857
v -1.6129899 -0.443772823 -0.224413246
v -1.89306438 0.209337637 -1.16952097
v -0.00716645271 0.308938265 -1.19965672
v -1.41179228 -0.458112717 0.541418791
v 1.90034187 -0.522465646 0.626564801
v -0.764555335 -0.322723836 -0.4737975
v -2.33538485 -0.0771361142 0.69447422
v 2.14328241 -0.433438033 -0.603610456
v 2.2490046 -0.200346887 -0.795483232
v -2.19670224 0.140815318 -0.892953634
v 0.447333068 -0.483432829 1.08486867
v 0.779705405 0.525862753 1.04592824
v 1.11116922 0.510142744 0.782777309
v 2.21981955 -0.372433007 -0.614518404
v -1.41898239 -0.367645085 1.30343246
v -0.663265347 -0.53666985 0.934935451
v -1.11190641 -0.24574779 0.452030569
v 1.39844573 -0.535954416 -0.852702081
v -0.531296909 -0.536936224 -0.796957791
v -0.386764556 -0.530452371 0.637931347
v 1.42558241 0.161128297 0.0732175335
v 1.41087878 -0.491617918 0.628576279
v -2.22575259 -0.452260643 -0.304248571
v -2.02282763 -0.528339624 0.362197846
v 1.33240843 -0.363347858 1.33512807
v -1.38974786 -0.487653345 -1.14582849
v -1.99241614 -0.488891929 -0.651206076
v 0.916312575 0.260425538 -1.43573582
v 0.678012073 -0.281167358 0.370574772
v 1.29541254 0.170131817 -1.45822418
v 1.2202456 0.0466146804 1.49472737
v 1.50501716 -0.43306759 0.391005874
v -1.07405901 0.323993444 1.40623295
v 1.29502356 0.318425 -0.424003989
v -1.3976481 -0.234275669 -0.238184273
v -1.25917351 -0.396264225 1.31756485
v 0.12715745 0.120705329 1.30135715
v -1.79762423 -0.25535512 -1.20846927
v 2.07572389 -0.396790564 0.792206645
v 0.546358407 -0.402521908 0.391260773
v 2.08220792 0.516843975 -0.300760865
v 0.365399301 0.521741509 0.520582378
v -1.00780046 -0.512361228 -0.805335641
v 2.05989599 -0.522376716 -0.266274512
v -2.33250523 -0.33110708 0.432370692
v 0.533184111 -0.457572341 -1.16543388
v -0.781891882 -0.489323616 -0.713677704
v 0.879032671 -0.47533685 1.22070932
v -1.73061538 -0.527786911 -0.517722785
v -1.49409258 0.351846308 0.209374279
v 0.91640234 0.0432082079 -0.396729827
v -2.36555719 -0.339257419 0.261977464
v 1.07844532 -0.25382036 -1.44793606
v 1.787606 -0.512568116 0.111851148
v 0.527739346 -0.252488196 0.0658978894
v 1.06846797 0.119545698 0.416468412
v -1.65009737 0.458016425 0.126647338
v -0.982879639 -0.476936162 1.21752203
v -1.90751183 0.106473729 1.19999468
v 0.515432954 0.271498352 -0.0101262713
v 0.631240547 -0.124380603 -1.45235145
v 0.708646536 0.0727002174 -1.47608876
v 1.78095675 -0.350041509 -1.15041852
v 1.66665149 0.532217681 -0.782674551
v 1.53686059 -0.26572445 -1.34240556
v -0.363807142 0.49563399 -1.01104593
v -0.214806527 -0.510240734 0.0269959327
v 1.43110895 -0.42442748 1.23486269
v 0.643364727 -0.179201528 0.253859252
v -0.296369195 0.471975446 -1.04841149
v -1.19270706 0.330416799 0.490773499
v -0.255048573 0.147952929 1.32281756
v 0.165034294 0.525181115 0.113780178
v 0.559702039 0.523914278 0.72682476
v -0.539792657 -0.104177438 -1.43173611
v 0.601405919 -0.208972886 1.42423534
v 2.50475907 0.107629538 -0.090533182
v -1.03214335 0.530646265 -0.869390547
v -1.96067441 -0.441200346 -0.831927001
v -2.18904924 0.492865622 -0.159356132
v -1.41847825 -0.529433548 -0.994977891
v 0.431567907 0.540238619 -0.839742661
v 0.208525017 -0.523505509 -0.266825825
v 2.35726428 0.364869207 -0.208876908
v 0.255052358 -0.218075693 1.29805017
v 0.285803586 -0.44159025 1.10375857
v -0.21659109 -0.484399557 -1.00493157
v 1.32899892 0.388200223 0.481415659
v -0.979995489 -0.491108805 -1.17806149
v -1.3956393 0.403261274 1.2800895
v 1.52729082 0.507606983 0.607952833
v -2.37554669 -0.333286881 -0.213395223
v 1.4795444 -0.299893975 1.33517575
v -0.0512112081 0.363794833 -1.14875162
v 2.38619208 0.231051236 -0.477227449
v 0.970553637 0.517120779 -1.09721315
v -0.569853246 -0.536141217 0.907679379
v -2.45732975 -0.198968619 -0.227078125
v -2.26208711 0.276379406 0.668268263
v -0.910769403 -0.327117473 -1.39694846
v 1.38068402 0.0168646537 -1.46889567
v -0.989852905 -0.532249689 0.853173494
v -1.43449795 0.249343753 -0.157137588
v -0.523543417 -0.380358428 0.326088578
v -1.97357404 0.484935343 -0.711834848
v 1.66053677 -0.528658032 0.835107565
v -1.46305799 0.154518619 1.42215228
v -0.460506439 -0.365539879 0.151824385
v 1.15752566 0.301606983 -0.483293682
v 1.80323744 -0.328366071 1.14583778
v -1.82392561 -0.528759122 -0.607601464
v 1.03743505 -0.521494389 -0.841063261
v -0.445120305 0.532844424 -0.756932497
v 1.72813487 0.514548898 0.811320066
v -0.00136329792 0.548517942 0.158185825
v 0.341016889 -0.478705138 -0.282939345
v 0.179062545 0.539837062 -0.360818058
v -0.660487473 0.439842969 0.553487241
v 0.626939118 -0.272392303 0.313667506
v 1.86571121 0.0984870568 -1.22757208
v 0.495228648 -0.101504318 -1.41850853
v -0.762672246 -0.511994779 1.11670601
v -1.45954168 -0.537403464 -0.887430131
v 1.94261932 0.269490808 1.09335756
v -0.513926804 -0.337476641 -0.229250312
v -0.830958545 -0.478367478 0.683836222
v -0.222096637 0.451370299 -1.06284237
v 1.4322691 0.0837858915 -1.44880271
v -0.958877444 -0.370683312 1.36025417
v -0.975900888 0.492245495 1.19449854
v -2.23698282 -0.125425741 0.84408021
v -0.155154154 0.552607834 -0.629305303
v 2.08572078 0.47291404 -0.590596974
v -1.29606426 -0.480896354 -0.658674419
v 1.19793785 0.448678404 -0.632398307
v -1.02666736 -0.245761022 -1.45658946
v -1.02880478 -0.157691211 -0.43403393
v -0.979508638 0.332625598 -0.522419751
v 0.452788711 -0.407352686 0.264303088
v -1.10932398 -0.529871047 0.852380455
v -2.00187159 0.537861049 0.210440099
v -0.400420189 -0.222598463 -1.34672105
v 0.191167518 0.514892042 -0.000284061767
v 0.596155584 -0.176251516 0.16908741
v -1.12277985 0.534273267 -1.02022851
v 1.85516715 -0.501169443 0.797785819
v 1.79027033 0.524688542 0.47446534
v -2.00660133 0.125192687 -1.11275923
v -0.956750751 -0.285156369 1.43246937
v 2.01588702 -0.38296935 0.882820964
v 2.17195916 -0.431023479 0.548030674
v -1.01805949 -0.517489076 -1.09222364
v -0.628885806 0.370828748 -1.30821455
v 0.0757936761 -0.561560869 0.560829997
v 1.64388633 0.420432448 -1.14339364
v 2.15770984 0.500723004 -0.13116622
v -2.1492362 -0.0727669001 -0.980245411
v -0.532047808 0.355343342 -1.29581571
v 0.186640084 -0.458918601 -1.04117143
v -1.45725286 0.340349644 -1.32094646
v 2.00116801 0.531407356 -0.333999693
v 0.368899137 -0.442692906 -1.13496733
v 0.900106132 0.48706606 -1.18597686
v 1.13289273 -0.181665421 0.422256142
v -0.550768197 0.521525502 -0.73724103
v -2.33748293 0.121067025 -0.699548841
v -1.28238177 0.146901071 0.315268457
v 0.642379284 -0.494510442 -0.652486444
v 1.98522341 0.524608135 0.359437406
v -1.74126923 0.509476721 0.23924984
v 2.27283978 -0.435490191 0.227390453
v -2.12378073 -0.200732678 0.956791461
v 2.04503465 0.208365977 -1.03845382
v -1.82791877 -0.521533132 0.163969859
v -0.649229765 0.0769537538 -1.46503294
v 1.88887095 0.271995246 -1.12788987
v 0.753462195 -0.339849293 -0.472155541
v -0.860013425 0.52889365 -0.86639297
v 2.06847262 0.509076238 0.354050905
v -0.475694716 -0.344108015 -0.13777566
v -0.694394767 0.457021058 -0.604245186
v -0.676230609 0.529442966 1.00882685
v -2.47045612 0.203978032 -0.132029414
v -2.08881211 -0.515324652 -0.243328542
v 1.05495167 0.252978772 -0.472383171
v 2.50778937 -0.0953887552 -0.103358448
v -0.271031886 0.508255124 -0.943319619
v 0.500371218 -0.462767154 -0.472090393
v -0.372954726 0.446303427 -0.204637259
v 1.73004842 -0.125742689 -1.31046796
v -1.81729949 0.538995028 -0.620137572
v 2.1557653 0.471757978 -0.442623168
v 0.918062329 0.481708676 -0.720421433
v 0.773436248 -0.513409555 -0.759447455
v -0.781557798 0.150706246 0.367888957
v 2.07359481 0.232990474 0.993944943
v -0.261780411 -0.390555173 1.15760458
v -0.465445668 0.343140244 0.0683511719
v 0.162069201 -0.509172022 -0.924971938
v -1.65478158 0.298747092 1.26724541
v 1.02447116 -0.397366405 1.34280539
v 0.0841569975 -0.543393731 -0.17784062
v 1.67364311 -0.340011656 1.21808815
v 0.824653625 -0.219796076 -0.417720884
v -2.24333978 -0.367492676 0.56226629
v 2.05329394 -0.526767373 0.236675188
v 0.300996423 0.547614157 0.718940556
v 1.50836957 0.513783514 0.997984529
v -0.71407181 0.169170529 -1.45658863
v -0.30276832 0.0984786898 1.35105479
v -1.33174944 0.403114349 -1.29212356
v 1.420506 -0.1236059 0.0414547808
v 1.420506 -0.1236059 0.0414547808
v -0.146121785 0.318466187 -1.2098608
v 0.80620563 -0.437643468 -1.27843463
v -0.497209817 -0.377832711 1.26285911
v 1.16542351 -0.367532402 -1.35777116
v -0.282521427 0.316507757 -1.24684644
v 0.74497956 0.53521806 0.922125876
v -1.8688283 -0.414309174 -0.9902578
v -1.87031341 0.534118652 0.128515169
v 0.445795238 0.0755662471 -1.4078517
v 0.305194497 -0.465155482 -1.06871998
v -0.587276042 -0.531247795 0.802944958
v 0.610637665 0.503175318 0.678881943
v -1.2829473 -0.433484137 -1.25724149
v -0.300335795 -0.175077781 -1.3309375
v 2.02083921 0.531620264 0.0714115575
v 0.813298404 -0.392981768 0.55893147
v -0.254302263 -0.542554319 -0.5482198
v -0.530881047 0.338546872 1.3042767
v 1.24572563 -0.188873038 1.45488179
v -0.63628602 -0.503019035 -1.09321976
v -1.53560245 0.433941245 -0.342162281
v -1.47259891 0.479815811 0.52254343
v -1.09070778 0.164429575 -0.423214972
v 1.07773983 -0.337312847 -1.3950963
v -2.04990172 0.477759361 0.623192966
v 0.324306816 -0.539483607 -0.82757771
v -1.03652394 -0.41016072 -0.60709995
v 1.17229199 0.399196923 0.57076472
v -0.945854604 -0.202749759 -1.47275972
v -2.00729251 -0.496959239 -0.587753236
v 0.123634651 0.552964151 0.713614821
v 0.255681694 0.491856128 0.0555470102
v -0.931869745 -0.436350018 0.635244191
v -1.95756721 -0.328701079 1.02070332
v 1.86087942 -0.421432167 0.988155723
v -1.90061355 -0.535823405 -0.172247738
v 1.08594513 -0.0462591425 1.51098943
v -2.23767281 0.418593973 0.424825937
v -0.739168763 -0.450615287 -0.622399688
v -2.04519773 0.266631871 -0.994270861
v 0.604533911 -0.540703773 0.849610209
v 1.89966857 -0.538929224 0.380643934
v 1.26901281 0.0530657619 0.307549655
v -0.486177206 -0.453715086 0.440683633
v 0.476530224 -0.36983797 1.27020586
v 0.839730382 -0.518049061 -0.806555748
v -1.98114896 -0.311236411 -1.02199662
v 1.08953738 -0.165872365 -1.48221231
v 2.39757299 0.115807094 0.544073164
v -0.59574759 0.183607355 0.181681052
v -0.56937331 -0.237768382 1.39796543
v -1.99746954 0.449538767 -0.789079845
v -2.39464116 0.338470638 0.140935153
v 1.37466633 -0.0731375515 -1.4632591
v -2.21339893 -0.473773092 0.155631006
v -0.959499002 -0.514447689 -1.11219168
v 1.62060964 -0.402434707 1.17600048
v -1.95793176 0.457701743 0.810777724
v -2.05341744 0.450832427 0.702776611
v -2.41194201 0.0381056219 0.539156377
v -1.20743597 -0.224914655 0.406803817
v -0.279783577 0.548704088 0.560392737
v -0.707615614 0.532650709 -0.909234762
v -0.779432654 0.0627253577 -0.343186915
v 0.040870253 0.544394314 -0.0162620284
v -0.976630151 0.449601054 1.27569497
v 0.72906822 -0.461046487 1.22297561
v 0.776483357 0.347344339 -0.49048382
v 1.46206892 0.331774741 0.252690941
v 0.15184474 -0.361807257 1.15852129
v 0.522590697 -0.540732086 0.798876762
v 1.86207306 0.526090443 0.269974291
v 1.18981016 -0.531653345 0.990409553
v -1.2052176 -0.417100579 -0.581167221
v -1.39255226 -0.533568382 -0.810473859
v 0.648239553 0.213526592 1.43568265
v 0.238430902 -0.550633967 -0.604916513
v -0.961617172 3.70852682e-10 0.398164928
v -0.961617172 3.70852682e-10 0.398164928
v 1.14759243 0.141413942 0.399632663
v -0.27000469 -0.514727235 -0.938566566
v 1.34077489 0.139405116 -0.258226365
v 0.0522291213 0.538511872 -0.784843385
v -1.6224755 -0.432547987 -0.144059449
v -0.564318299 0.528741598 0.9781093
v -2.27512908 -0.41769594 0.309762478
v -0.433704823 -0.406040788 0.213099614
v 0.621390224 0.0882936642 -0.155189306
v 0.429765105 -0.510292351 0.533505797
v 0.597634256 -0.500541449 -1.0882237
v 0.943109572 -0.428892314 -1.30246699
v -2.35394883 0.142825156 0.622901142
v -2.18364143 0.241388351 0.846557319
v -0.140452132 -0.122057214 -1.30426967
v -1.83979702 0.531089783 0.676281691
v -1.48141348 0.289331824 -0.0748776197
v -0.304420739 0.473502427 -0.114163533
v -2.45756865 -0.194863498 0.259958893
v -0.695026278 -0.271523833 0.374834746
v 0.677878082 -0.484018683 -1.15569389
v -0.870625913 -0.368492395 -0.550024033
v -2.14050984 -0.327081829 -0.816258311
v -0.56275928 0.527257442 0.722947001
v -0.596177876 -0.147386968 1.44370365
v 2.07289886 -0.230600938 0.988448918
v 1.93471837 -0.300159842 1.07419395
v -2.47941923 -0.182007805 9.74198278e-10
v -2.47941923 -0.182007805 9.74198278e-10
v 1.75180328 0.195389464 1.27177477
v 0.0663909465 -0.134206846 -1.2903949
v 1.07722831 -0.460755318 -1.25138521
v -2.42547631 -0.263357818 0.247442514
v 0.830856264 -0.223851323 0.422260851
v 1.24556649 0.331458241 1.38031626
v 0.32828176 0.209201962 1.33139229
v 0.504153371 0.411741734 0.363823146
v 0.734066546 -0.206771299 -0.361060172
v 2.04498577 0.0823275298 1.08612633
v 0.054519169 -0.550378859 -0.262787342
v -2.01681924 -0.532009065 -0.0748340786
v 1.40415478 0.163207859 0.155275807
v -0.573782504 0.527462602 -0.95914036
v -2.06298757 -0.444721013 -0.700407743
v 0.325207323 -0.522921383 -0.924979568
v 0.603542387 -0.14093478 -0.15910767
v 0.171250328 0.553940833 -0.527018309
v -0.622054756 -0.446023762 0.542478859
v 0.400865883 0.402772307 0.00500156777
v -0.160035685 0.237053141 1.26216412
v -2.48553538 -0.14269346 -0.1589735
v -1.97424161 0.43252936 -0.852119088
v -0.356808454 -0.0546928421 1.38035631
v 1.16851771 0.148461267 1.48500061
v 0.882279336 -0.258799493 -1.4449054
v 2.48776102 -0.0954963565 -0.281305552
v -1.42598546 0.5234496 -0.707194865
v 1.32012129 0.535362601 0.959940732
v 0.0248427391 0.153030634 1.27980208
v 0.00346326921 -0.547705054 0.0581
v -1.36371899 0.54183501 0.933389902
v 1.99615932 -0.199887186 -1.09974849
v -0.349118084 -0.483620882 -1.05631554
v -0.706177473 -0.305124521 -0.421815783
v 2.18532586 0.483931243 0.144757584
v -1.41367424 0.165221855 -0.0901996642
v -1.79552221 0.542818189 0.546343267
v -1.88079333 -0.535061598 0.218635306
v 2.27255678 -0.395143986 -0.430954993
v -1.93283749 0.518681049 -0.602743208
v 1.59451437 -0.172837317 1.36274779
v 1.22739887 0.507157564 -0.751552403
v -1.1418606 0.249920517 1.45076501
v -0.460407734 0.0777353346 1.41022241
v -0.929737866 0.21789901 1.4701426
v -1.49560881 0.546280086 0.86754024
v 1.22340834 0.210780859 1.45318377
v 1.4584657 -0.537596822 -0.904908478
v 0.349657148 -0.52893579 0.533724725
v 1.98551059 0.137458757 -1.12791932
v -1.97730696 0.513026953 0.578758717
v -1.42484033 0.511599481 1.08168745
v 2.00875139 0.25317663 1.04130638
v 2.15237427 -0.491417885 -0.307642132
v 1.4743396 0.123202071 1.42753208
v 2.37558413 0.226898074 0.495896339
v -1.08682513 0.0586997718 0.398385644
v 0.144606873 0.551934719 -0.705128789
v -0.728593469 -0.373410702 1.33170354
v 1.01530957 -0.204279289 -0.450002819
v 1.59524751 -0.520607293 -0.62574774
v -1.01798499 0.46133548 0.684625745
v -0.989226103 0.345830083 1.39293551
v 0.0205991659 0.512384892 -0.888911664
v -1.60213041 0.545423388 0.700036407
v -0.0465450659 0.0937175453 1.29936326
v -1.19385397 -0.449003935 0.637767076
v 0.820704758 -0.532107949 1.01533067
v -0.418827742 -0.376658261 1.234043
v 1.0568887 0.363210082 -1.3684386
v -1.3723582 -0.0998899788 0.170449555
v -0.607570648 0.10028071 0.143873066
v -1.33641565 0.455802113 1.2239331
v -0.615803719 0.105613306 -0.172217458
v 2.02468038 -0.509757698 -0.493142366
v 0.318969429 0.355970263 1.22185791
v -0.580317378 0.388197243 0.403978676
v -1.51829541 -0.496673465 0.552740216
v 0.855443001 0.497107744 1.17417359
v -0.247659087 0.543460369 0.463048011
v -2.14413309 -0.315586954 0.822005033
v -1.77639627 0.122342981 1.28450394
v -0.749393225 0.328887284 1.3754518
v 0.962422609 0.166237965 -1.48343265
v -2.17355585 0.445427775 -0.508818269
v -1.2913506 -0.0745773613 -0.290887147
v 0.547450542 -0.351746321 0.30559212
v -0.667264819 -0.493703514 -0.688587666
v -0.413528204 0.29441914 -1.31087637
v -1.51076567 0.517849088 -1.02144003
v -0.311518669 0.30874598 1.2566241
v -1.82769632 0.337132454 -1.11825895
v -1.10790241 0.513127089 0.812402487
v -0.378290832 0.51625669 -0.537487626
v 1.52624393 0.336211473 -0.0849477574
v -1.48521519 -0.452971607 0.458899766
v -0.150959268 0.534313679 -0.807984412
v 1.49978936 -0.352907628 0.215229481
v -1.94668818 -0.165627986 -1.1514343
v -0.296774894 -0.491790473 -0.218524873
v 1.96753609 0.40283072 0.909775674
v 1.23507082 0.479633152 -0.676539779
v 1.80386543 0.519778073 0.338362247
v -0.444758087 0.403007597 0.212655231
v 0.984710753 0.322124362 -1.40304422
v 1.06411171 0.535824597 -0.924975991
v -2.0613451 -0.381884247 0.844981492
v 0.562354088 -0.288291991 1.369277
v 0.379254848 0.443015695 -0.192824572
v -2.2865417 0.182525918 0.720782101
v -1.01316059 0.0574936569 1.51574492
v -0.337252885 -0.45015052 -0.0359612331
v -0.471481353 0.530123711 -0.906871736
v -2.26367092 -0.391074151 -0.460223913
v 1.29306829 -0.145028323 -1.46561015
v -1.849913 -0.459111601 0.928947031
v -0.896173358 0.503850937 1.166695
v 1.45414901 0.53532666 0.845550239
v -1.13560236 -0.364600509 1.365224
v 0.944204271 0.530578494 -0.983277678
v -0.586663306 0.22168985 -0.208000436
v 0.739508927 0.0855215639 1.49393773
v 1.48035133 0.469234526 1.13811123
v -2.38520813 0.0908805579 0.581071794
v -0.403715223 0.223068714 1.34076464
v -1.70210826 0.521813989 0.412050337
v -1.05067015 0.434550434 0.643348575
v -2.26896405 -0.38132602 0.473180115
v -0.900478721 -0.0893866569 -0.405811965
v -2.07135201 -0.481283724 -0.553364754
v -0.551952362 -0.43689844 1.20902073
v -0.748468399 0.0615835637 -1.48445237
v -1.98642981 -0.525790989 0.494990528
v 0.337815195 0.512820899 -0.956409097
v -0.59981519 0.207651794 1.40885866
v 0.767979503 0.460620493 -0.636416018
v -0.789829254 -0.0831746235 0.353182763
v 0.296356261 0.445839703 1.09598589
v 1.61858797 0.471168131 0.360821366
v 1.66926336 -0.537543178 0.64690882
v -1.44120276 -0.17439498 -1.42304814
v 1.10111356 0.534315228 -1.00200236
v 2.47495127 -0.0408997312 0.334358424
v -1.0902822 0.520943642 1.11399853
v -2.18020034 -0.384569883 0.653075695
v -2.02402329 -0.534463346 0.061384093
v -2.02402329 -0.534463346 0.061384093
v 1.80565643 -0.537735224 0.497759759
v -1.54871297 -0.519418895 0.626388431
v -2.00625014 -0.229399651 1.06088924
v -0.245402589 0.539951742 -0.767016828
v 2.475734 -0.212280676 -0.080883421
v -2.10758066 0.487901747 -0.455251455
v -1.39074636 -0.369978994 -0.408551604
v -1.62751698 0.544389665 0.791749418
v 2.32713151 0.340055138 -0.4322097
v 1.34617305 0.285441548 -0.352666527
v 2.48026538 -0.16136837 0.171712264
v -1.73479414 0.493660808 -0.102406815
v 0.465364009 -0.335891366 0.0283395965
v -1.33089793 0.205314368 -0.299972832
v -1.1750406 -0.380338609 -1.34421873
v -2.39004159 -0.263671577 0.400424838
v -2.39498258 -0.282063395 -0.330994219
v 0.238747165 -0.119704075 -1.32810175
v 2.34026766 -0.395852685 -0.104240499
v 1.42124701 0.492215306 0.627058148
v -0.636441886 -0.0953116342 -1.45988846
v -2.03827953 0.519551039 -0.398653775
v 0.559464395 -0.180827007 0.0130957812
v -1.43982041 0.316870511 -0.261623114
v -1.79882896 0.410170823 -1.04748297
v 2.17363119 0.120265901 -0.94398886
v -1.27396989 -0.268236518 -1.41863227
v 1.32033885 0.516263485 -1.07009947
v 1.2011292 -0.175459832 0.392021507
v -0.926217973 -0.364777505 0.549179554
v -2.23754716 -0.0910718068 -0.860279143
v -1.0880183 -0.506327033 -0.780368567
v -1.69481003 -0.4682118 0.0848615021
v 0.24725087 0.139263332 1.32860267
v 0.758907616 -0.536028266 0.887548208
v -2.19059277 -0.259196401 -0.82917726
v -1.41598308 0.432356566 0.470522404
v -0.880111814 -0.481871456 1.20573568
v 1.92362833 0.532312989 0.199385822
v 0.69609952 0.391862154 -0.491978467
v -1.70584702 0.334933996 1.21018624
v -0.932129383 -0.524619818 -1.05998993
v -2.04729176 0.408542067 0.79441756
v 1.75073612 -0.277275741 1.22214425
v 1.29646921 0.535555661 0.888178587
v 1.79576409 -0.253040075 -1.2231425
v 1.8136276 -0.525586247 -0.702590704
v -2.14953852 -0.439150363 -0.564308584
v 1.1272819 0.504341125 -0.766486466
v 0.440261275 0.412265241 -0.24432984
v 1.75030386 0.064159438 -1.31087613
v -0.243034929 -0.546600103 0.624824822
v 0.231183887 -0.521839499 -0.896103978
v -0.545565665 0.227123216 0.0742697716
v -1.58535528 0.540204823 0.872551858
v 0.0862260461 -0.539482713 0.0315916315
v 1.70395458 0.374874026 1.15640712
v 1.38999081 -0.282853454 1.37743652
v 0.0904525965 0.21352385 1.26180363
v 0.413634658 -0.488831937 -1.0576812
v -2.12076402 -0.510010302 -0.0918733701
v 1.56315982 -0.388225853 0.138509363
v -1.64481759 -0.306726009 1.26101553
v -0.52310133 0.309602648 -0.195191145
v -0.951473534 0.518183589 -0.820329845
v 1.41849709 -0.403417796 0.437891185
v 0.50588578 -0.200350761 -1.3957535
v -1.62514997 0.0952479169 -1.37493908
v 0.414639264 0.533446729 -0.901375651
v -1.32567036 0.298720062 0.374766737
v 0.41817081 -0.48151654 -0.431442827
v -0.946265459 0.422519058 0.626783729
v -0.508745611 0.540996015 0.784452617
v -1.27310371 -0.244628981 -0.384689659
v -0.386353284 0.451013744 -1.11599243
v 0.624355614 -0.452497154 0.545704663
v 0.841024339 0.531618416 0.887869656
v 0.767462313 -0.272546828 -0.421220928
v 2.32617688 0.10273964 -0.72032249
v -2.08090496 -0.335011244 -0.883117318
v -2.01368332 -0.36090821 0.927699924
v 0.244687214 0.553147137 0.631962955
v 0.202468291 -0.553687274 0.70154655
v -1.14292824 -0.332685202 0.506799877
v -1.54502773 0.404618442 1.22388697
v -0.688117862 -0.49562633 0.6870538
v 1.61263776 0.0987102091 1.3804431
v -1.21968567 0.282397926 -0.435186654
v -1.00024426 -0.12369173 1.5046699
v 0.640626729 0.513580263 -1.03930712
v -1.41157317 0.520508409 -1.03988707
v 1.25949633 -0.399035066 0.539446175
v 0.696819544 0.262096077 -0.364397675
v -1.42110109 -0.334643394 -0.325242639
v -1.28941178 -0.357433408 -1.34250677
v -0.126299039 -0.553697884 -0.675100565
v -1.80697906 0.227992147 1.21687686
v -1.49257755 0.379101783 1.27703583
v -0.879701853 -0.232153073 1.46056807
v -0.553927779 -0.229178861 0.116832078
v -1.63327467 -0.372765452 1.20688069
v -0.526857793 0.224111289 -1.39029157
v 0.570358992 0.287093878 -1.35531521
v 1.49977779 0.44500187 0.438221544
v 0.435160726 -0.379558206 0.118056923
v 0.126399696 -0.353624523 -1.16770923
v 0.639214873 -0.370273679 -0.429234952
v -1.80705917 0.532234371 0.333679736
v -2.1923573 -0.466294885 0.356519192
v 1.22693121 0.184458569 0.378041863
v 1.15876377 -0.348594189 0.523146987
v 0.740056753 0.526825249 -0.994402349
v -0.350032866 0.531982303 0.912558615
v -1.06934035 -0.0640818328 1.51259911
v 0.130245805 -0.425245494 1.07600248
v 2.02934194 0.447103202 -0.755035281
v 1.71398532 0.534974873 -0.624985158
v -2.48223329 0.0754463077 -0.283315331
v 0.896116972 -0.442720264 1.28123546
v -0.227521539 0.358294994 -1.19037879
v 1.20352852 -0.247857258 -0.427003533
v 1.92497051 0.446283787 -0.876037538
v 0.445430219 0.367382824 0.0898851156
v -0.555411041 -0.191932231 -0.0427123681
v 0.00284150802 -0.546943605 -0.101219162
v 1.29872048 0.154974833 -0.313270718
v 0.57995528 0.52967155 0.959812164
v 1.39127338 -0.270202488 -1.39246607
v -0.449603766 0.511348784 -0.597932577
v 1.85290527 0.527312219 -0.638473451
v 1.03138816 -0.451125056 1.26798987
v -2.00870752 0.50878495 -0.554272652
v 0.817601442 -0.489635766 1.18018305
v -1.12396085 0.148278266 0.407118887
v -0.873547018 0.53923291 0.983153939
v 1.10943711 0.452664047 -0.659740388
v -0.550567567 -0.268792391 -0.182089731
v -1.23505771 0.209214941 -1.45113933
v 0.468350768 0.502749681 1.03597748
v -2.42214608 0.301777661 -0.112707652
v -1.12161195 -0.448141247 0.650005341
v -1.35062277 -0.0742219016 -0.213959157
v 0.485412866 0.524873376 0.95045495
v -0.150084406 0.547545016 -0.708883822
v 0.722838998 -0.103605427 -1.47471285
v -1.27699602 0.521117866 -0.774284422
v -2.42017126 -0.293956786 -0.0951938257
v -0.76304549 -0.533464432 -0.964521885
v 1.6337651 -0.532653391 -0.727419078
v -0.236023143 -0.1144199 -1.33183599
v -1.19576502 -0.536820829 -0.927477658
v 0.779438972 -0.399948627 1.31707752
v 0.480429024 -0.408395708 -1.22707129
v 1.86347032 0.523251712 -0.0440104641
v -2.46687508 -0.132221758 0.312097847
v 2.36032772 0.139967844 -0.636462748
v -0.79853493 -0.32040903 -1.38841295
v -0.559959471 0.198983327 -0.100401357
v 2.20617747 -0.12123999 -0.909727454
v 1.75063896 -0.524284184 0.785764337
v -1.78210247 -0.539211631 0.588830233
v 0.537447393 -0.517307222 -0.665056288
v 1.62103927 0.467960089 1.06359899
v 0.642734647 0.125844359 1.46624899
v -0.664194942 -0.504898369 1.10277522
v -0.19885093 0.543022096 0.380351573
v -1.278422 -0.518669665 0.781094611
v 0.550149918 0.29766646 -0.219733238
v 1.19833446 -0.109140426 -1.48777008
v -0.549976587 0.423508346 1.21881437
v 0.0043081129 0.551686645 -0.699618816
v 2.3045342 -0.338197529 -0.503368974
v -1.88631988 0.187067002 1.18679333
v -0.667409182 0.075228706 -0.249251187
v -2.0025382 -0.521568835 -0.409859478
v -0.47221905 -0.435912877 1.17890155
v -1.97132158 0.542286873 0.101459898
v -0.789291501 0.520341098 0.801512182
v 1.45589471 0.227941349 -0.0658414662
v -0.514815569 0.148634523 -1.41488338
v 0.822332263 0.501379848 -1.13077188
v 1.81548119 -0.536641777 0.412600666
v -1.28983271 -0.482186019 1.17595446
v -1.006881 0.140227586 -0.425383836
v -1.35388958 -0.191696614 -1.43698072
v 2.10487819 0.505467355 0.268973142
v -2.16731358 -0.486109108 -0.275194734
v -0.738838196 0.515151501 -0.765279412
v 0.182456791 0.220296666 1.27609038
v 0.88188231 -0.461922437 -1.2463429
v 1.54165196 0.474828601 -0.455935657
v 0.778381467 0.167578742 -0.363960803
v -1.23262608 -0.37614733 0.516357005
v -0.67038542 0.42802459 -1.2468549
v 0.119024172 -0.526585996 0.853122234
v -2.0849154 0.265250772 0.949674487
v 2.26678514 0.437020391 0.197368935
v -2.16645789 0.396600127 0.648674846
v 1.14361584 0.0835310966 -0.390934944
v 0.0729843304 -0.544315279 0.122153789
v -2.04954195 -0.272776425 0.984761477
v -0.616995871 -1.13898557e-10 -0.121301442
v -0.616995871 -1.13898557e-10 -0.121301442
v 1.37633479 0.53514272 0.891113639
v 1.53175986 -0.534140706 0.853233874
v 2.33107901 0.299057186 -0.51949507
v -0.221307397 -0.550473988 -0.691090167
v -1.70903087 -0.254852176 1.26589429
v -1.14055443 -0.437663794 1.27800429
v 0.877640069 -0.0404236242 -1.50523198
v -1.9092803 0.444373131 -0.89164269
v 1.59829152 -0.449184477 0.271287173
v -1.05574572 -0.451312125 1.26464927
v -1.71269119 0.543889284 0.597286344
v -2.02441001 -0.521298051 0.442188501
v 2.18560123 0.431291938 -0.530960441
v 0.370652318 0.497067183 1.01482952
v -2.19646525 -0.314789414 0.741083622
v -1.40614247 -0.200572163 1.42276013
v -1.08423126 0.531905115 0.92270869
v 0.535493493 -0.521698236 0.672487915
v 1.10384333 -0.53046608 1.02794898
v -1.93889689 -0.5365358 0.420450658
v 0.51891464 -0.480549753 0.533813357
v 0.524297297 -0.53844142 -0.84762603
v 0.708323717 0.490681678 1.15639114
v -1.67699134 -0.419267416 1.1264075
v -2.16626668 0.424553752 0.58414048
v 0.499760479 0.302465469 -0.0902651399
v -0.924661875 -0.42832303 -1.29422128
v -1.87698758 -0.203512728 1.18796706
v 1.77818048 -0.300613016 -1.20014954
v -0.5280056 0.442104578 0.44332701
v 2.10694408 0.485081941 0.441217631
v 0.487258762 0.384285033 1.25387955
v 1.3789593 0.490819007 1.13299978
v 0.941362023 0.275597841 -0.48579067
v 2.09026456 -0.0646373481 1.03916681
v 2.34505033 0.30901745 0.452049673
v -1.92553008 -0.517765939 -0.58318007
v -2.38829541 -0.337643802 0.0683141202
v 1.20416605 0.48237139 -1.18449664
v -1.62835228 -0.474733949 1.05535603
v 1.1347723 -0.495599151 0.742904425
v -2.0985353 -0.503295541 -0.338225424
v 0.574596226 0.428879708 1.22807455
v -0.62309283 -0.468415469 -0.599945545
v -0.188448712 0.541134655 0.807184637
v 1.11228085 -0.204366192 -0.434880912
v 0.341074318 -0.338793844 -1.25000191
v 1.47667229 0.496605456 -0.591240466
v -1.67651176 0.465329349 0.064226836
v -1.72209489 -0.330467194 1.19897079
v -0.426500529 -0.298211932 1.31001687
v -1.14771903 -0.488431424 -0.724610865
v -1.54355145 -0.536169648 -0.899707317
v 1.63519526 -0.185184985 -1.33969927
v -1.20822954 0.533605516 -0.864513576
v 2.42891407 0.131101325 -0.46925199
v 2.26976085 -0.364356399 0.515557051
v 0.686118722 0.507796407 0.73506695
v -1.24054873 0.0682115555 0.327144563
v -0.987858355 -0.473304063 0.695197105
v 0.909837604 -0.250000477 -0.46190998
v -0.369271934 -0.438550651 0.148946002
v -1.91096139 -0.426643759 -0.921551287
v 2.23992467 -0.433050901 0.383737057
v 2.46551228 0.227197051 0.0789475814
v 0.705623984 -0.123238638 -0.300343752
v -0.464602143 0.355919391 -0.130856603
v -1.332762 -0.424137592 1.26423538
v -1.39430273 -0.058044605 0.086542353
v -1.80207121 -0.159373268 -1.25802982
v -0.711280107 -0.359614551 -0.480545163
v -1.47743952 -0.323399335 0.214183643
v -0.171181917 -0.553834021 0.560942948
v 1.11584771 -0.326643348 1.39999557
v -0.277733773 0.49587357 -0.185873508
v 1.46867645 0.410184532 -1.2342937
v 2.35604167 0.111710042 0.643176079
v 2.44651318 0.0353829935 -0.46438092
v 2.34950852 -0.388979733 0.0992719233
v -0.943139374 0.525981486 1.08247089
v 0.120810807 0.459124893 1.02282286
v 2.1909411 -0.490006745 -0.0969323441
v -1.63447714 -0.224457785 1.31880391
v 2.03021383 -0.533503234 0.0675523132
v 1.4117769 0.496554881 -1.09863961
v 1.16699958 0.477677405 1.21602607
v -1.3670907 -0.181220576 0.23650308
v 2.24703026 -0.194194242 0.789642692
v 1.69055521 0.15114972 -1.32461309
v -1.00811708 0.101064086 -1.49965596
v 0.694923818 -0.188670069 -1.44538343
v -0.576181531 0.419339418 -1.23262203
v -1.45370913 -0.499108016 -1.09018898
v -1.96713698 0.0347541645 -1.16735339
v 0.0237510689 0.496111006 0.940378487
v -2.27937055 -0.402766883 -0.351508737
v 0.546191812 -0.531737864 0.726647913
v -0.849862814 0.53327322 -1.00308859
v 1.94388127 0.470239997 -0.792060256
v 0.135740891 0.374708742 1.14664912
v -1.04436529 -0.221447632 1.46812224
v 1.3866713 0.458482414 -1.18783462
v -2.02932835 -0.247655302 -1.03436458
v 1.83690715 0.521679282 0.178476334
v -0.620773077 -0.528447986 -1.00648797
v 1.03319263 0.470060676 -1.23269546
v 0.331680506 -0.546578228 0.703407049
v -1.82293451 0.522764444 -0.0979847088
v -2.44013739 0.25711152 -0.196987033
v -2.23217559 -0.457127124 -0.214662656
v 1.62936234 0.439114273 -0.166701362
v 0.0564621575 -0.127476126 1.28848875
v -1.36507344 -0.39570117 -1.2872535
v 0.340410173 -0.167661503 -1.35051525
v 0.128319308 0.295573026 1.21882379
v 0.0607774891 0.553638279 -0.356772572
v 1.01081765 -0.310237914 -0.509294569
v 1.59450817 0.497597575 -1.02539217
v -0.634267986 -0.53433603 -0.842032969
v 0.224470973 0.552004635 -0.631006122
v 0.499876589 -0.497191548 -1.06618547
v -1.13441086 -0.178953797 1.48242009
v 2.1910255 0.475317866 0.241737306
v -1.18634343 -0.167373985 -0.394889593
v -1.8272047 0.139655754 1.2452414
v -2.51455259 -0.0474459343 0.0712639317
v -0.478290796 -0.246957749 -1.36107123
v -0.31587249 0.541142762 -0.697145104
v 1.1844151 0.531208158 -1.00186801
v 2.1239934 -0.50259006 0.304267436
v 2.2763238 -0.391794205 0.433160067
v -1.51559496 -0.237873331 1.36596906
v 0.694553316 -0.295003116 -1.39252913
v 0.441518545 -0.532000542 0.656712234
v 1.07111967 0.425880045 0.621205986
v -0.750461578 -0.531194806 -0.865365982
v 0.499607384 0.447466224 1.16751707
v -1.13612461 -0.275852531 1.43554831
v -0.121535897 0.515199721 0.900196671
v -1.30878115 -0.345358193 0.442657262
v -2.45240879 0.120234802 0.391564757
v -0.229757696 -0.531431198 -0.389242917
v -1.53902769 -0.48950851 1.06772196
v 1.32948685 0.413605452 1.28309226
v 1.85417521 0.514306188 -0.738668859
v -0.460664272 -0.533734679 0.886844039
v -0.456659764 -0.491079271 -0.527879715
v 1.82716501 0.412992746 1.0212847
v 0.990603626 -0.0216702782 -1.51145518
v 1.46846366 -0.263441473 0.107767522
v 1.21568942 0.535817266 0.956844807
v -2.35518289 0.382590711 -0.108087182
v 2.08910775 -0.370153815 -0.832636118
v -0.726595163 -0.530666649 1.01418078
v -1.65279484 -0.264519155 -1.29209816
v -1.20231533 0.152554795 0.375986755
v -0.0354693644 -0.350046664 -1.15716445
v 1.54880786 0.444626451 -0.356788665
v 2.10019708 -0.476440161 -0.53365469
v -0.897244692 0.458934635 1.25678957
v 2.20806503 -0.329027802 0.715257943
v 1.94154978 0.284072489 -1.07516348
v -0.893607497 -0.496332347 -1.15276241
v 2.48047924 0.106107801 0.273132592
v 1.62698913 0.524735272 0.854163229
v 1.10393023 -0.075788036 -1.50312185
v -1.3188839 -0.418487757 0.534905493
v -0.115254864 -0.548245668 0.728657007
v -0.702751577 0.264503419 0.375950485
v -1.33400035 0.201921135 0.28075555
v -2.12248158 0.396614343 0.717693985
v -1.69246757 0.265489906 -1.27312911
v 0.722103238 0.275793463 0.402863383
v -1.13570213 0.532550335 1.00863099
v 1.35534239 0.522017539 1.03786778
v -0.629045069 -0.535698593 -0.935039222
v 0.587769985 0.289175361 -0.271316379
v -1.58030105 0.400257617 -0.0843171626
v -0.40013054 0.401840985 0.0251185782
v 1.02616262 0.533314705 -0.994638026
v 0.406796187 0.537943006 -0.684881806
v -0.645217597 0.536874533 0.906727076
v 0.530551553 0.0540533066 -1.43850696
v 0.319434822 -0.0792414919 1.36758626
v -1.84182262 0.0915095806 -1.26024878
v 1.3249681 -0.362288356 -1.33642411
v -2.10878491 -0.507372558 0.313316703
v 0.548145831 0.499123424 1.07663608
v -0.105595283 -0.541553795 -0.78977102
v -0.197940305 0.51612097 0.0500228629
v 1.91131616 0.530633152 -0.217548236
v -1.84390867 -0.513936281 0.759052515
v -2.42652106 -0.0758558735 -0.513219118
v -1.37832236 -0.496650696 1.12240839
v -0.350912482 -0.523743927 -0.539574504
v -0.352838546 0.359370679 1.22905087
v -0.759869397 0.306799978 -0.447696507
v -1.87084651 -0.102699295 -1.23188305
v -2.32709432 -0.401396692 -0.0675166547
v -1.68663716 0.337667942 -1.21938717
v 0.596186817 -0.47913748 -0.58742404
v -0.19922699 -0.531205893 -0.850504875
v 0.402680516 -0.0873426944 -1.39106941
v 1.27387917 0.526141405 1.04625094
v -1.61779964 0.478944004 -0.353092045
v -2.21086335 -0.444108695 -0.39743802
v -0.134774402 -0.460827082 1.01855016
v -1.73832572 -0.495316118 0.170762599
v 2.0311172 0.525081158 0.191334292
v 0.64136076 -0.437963128 -1.24038923
v -0.854414165 -0.52864486 0.829895496
v -0.71092701 -0.259610653 -1.41807222
v 0.501625419 -0.336783528 0.197944522
v 0.227435425 -0.297030568 1.24070275
v -2.28498983 0.19923535 -0.735093236
v 2.48205757 0.166548043 -0.169524759
v 1.45396936 -0.346048921 -0.305428058
v 1.41224229 -0.174921751 0.145913959
v -1.57153785 -0.382463604 -0.0908204988
v 0.422292531 0.43830502 0.294579476
v 1.76017964 0.52120769 -0.783242762
v -2.21478081 0.18763943 0.844705403
v 1.39058614 -0.535446227 -0.944223344
v 2.05552649 0.490216434 0.519344866
v -1.79153204 -0.438616604 -1.00814557
v -1.51883304 -0.432819486 -1.18831944
v 1.89609325 -0.530228913 0.552571356
v -1.46013606 -0.429842263 -0.438805073
v 0.283994734 0.512539029 0.939885974
v 0.744071901 0.500238359 -1.10925186
v 1.50539422 -0.451744944 -0.45519954
v 1.5173099 0.324677348 0.071678564
v 0.562010705 0.211105272 -1.4012866
v -2.15148687 -0.502973199 0.0951528922
v 1.42855072 -0.363506377 0.359116286
v 1.11572063 -0.532061934 0.918283403
v 0.533866942 0.346579999 0.281581402
v 0.469547033 0.535556376 0.760095417
v -0.999117911 -0.447364807 -1.26928961
v 2.14475346 0.125454277 0.964261293
v 1.4751147 0.535790265 -0.889922082
v -1.9208287 -0.478631765 0.807183325
v -2.1882503 -0.487166554 -0.0526328236
v 2.04744172 -0.215725899 -1.04301775
v 1.88257325 0.188796371 -1.18260038
v -1.79351103 -0.227282435 1.23305357
v -0.0580554232 0.478274912 0.982683301
v -1.16828597 -0.520824492 -0.815220952
v 2.43572927 -0.118316635 0.454557508
v 2.10255718 0.516452193 0.0933431163
v 1.91999793 0.52488631 -0.571533144
v -1.76158929 0.475871205 -0.958271921
v 1.63698614 0.236628219 -1.31570792
v -2.34955502 0.373323798 0.21005398
v -0.51480478 0.351999998 -0.265801907
v 2.09716153 -0.520224333 -0.103660583
v 2.30076146 -0.0997236744 -0.758587003
v -1.48378813 -0.281892329 -0.0827709585
v -0.73685509 -0.101360179 -0.32810688
v 1.54817271 -0.183039621 -1.38284099
v 0.583531857 0.316709489 1.353585
v -1.83436239 -0.32036677 -1.13247073
v 2.15472078 0.211088419 -0.91867578
v 0.911153853 -0.506505609 1.14574564
v 0.405939847 0.485153615 -0.416052878
v -0.293936163 -0.543998003 -0.642807782
v 1.63192534 -0.439705402 -0.143816441
v -0.247798845 -0.543817401 0.533318222
v -0.882894754 0.364098608 -0.540641546
v -1.97479045 0.543277979 -0.108279541
v -0.567306399 0.094795309 1.4404875
v 0.897675455 -0.533441603 -0.977785766
v -1.03201556 -0.509853601 1.14559531
v -0.746401608 -0.535018206 0.885403037
v 1.73218369 -0.520085096 0.357095152
v 1.8422569 0.068349123 1.25080085
v 1.49767375 0.417912513 0.371427655
v 0.0681295693 -0.560275912 -0.532197833
v -1.031111 0.53299886 1.01357925
v 0.631539285 0.400528878 1.2851088
v -2.21845007 -0.227083296 0.805716038
v -0.316336334 -0.0828716159 -1.36164331
v -0.284040928 0.535898745 0.869135141
v -1.18180621 0.172215477 1.48303711
v -0.403945684 -0.524954498 -0.622008502
v 1.68338704 0.506842613 0.449737251
v 1.85324693 0.525649607 0.0693529993
v 1.85324693 0.525649607 0.0693529993
v -1.53161049 0.457819462 1.153934
v -0.213728696 -0.525500655 0.270307571
v 0.646425724 -0.258033007 -0.31788671
v -1.07028854 -0.483682185 -1.19361353
v 0.36713779 -0.440242201 0.155045584
v -0.194530576 -0.524145126 0.864616036
v -0.785892904 0.532983541 -0.938483536
v 0.758960366 0.530900419 -0.878494442
v -2.36802435 -0.247871652 -0.50742662
v 0.316348583 0.545736611 -0.703248858
v 1.75747216 0.494381428 -0.0621640049
v -2.42255712 -0.25770995 -0.262504697
v 0.998533249 0.53025049 -0.904672325
v 1.44601178 0.506207168 1.0530777
v -0.869424105 -0.314245164 1.40507352
v 1.21517062 -0.506170988 -0.754965305
v -1.11655867 0.251692772 -0.454193383
v 1.73994589 -0.489334762 -0.0725255609
v -0.057861045 -0.539463639 0.788577676
v 2.00335503 0.499115616 -0.615273595
v 0.292420089 -0.479881525 0.120585583
v 2.40521121 0.309064388 0.182393238
v -1.38734448 0.209119156 -1.4221034
v 1.1765312 -0.524077952 -0.830308378
v -0.0412348062 -0.545366824 -0.0166560318
v 1.43487692 0.449675322 1.20007277
v -1.05210924 -0.0878520161 -0.4104608
v -2.19183326 0.463002652 0.354760826
v 1.80600011 0.325533867 1.14312518
v 1.62777519 0.429297745 -0.0587673336
v 1.62777519 0.429297745 -0.0587673336
v 1.38971937 -0.489260882 -0.636503458
v -2.34166574 -0.322999775 -0.409513831
v -1.62896132 -0.464620501 0.284883171
v 1.04190409 -0.437365592 0.637110174
v 1.9960109 -0.497998208 0.610772192
v 1.53412282 0.29217279 -1.32399344
v -0.692135811 -0.522446334 0.781169415
v -0.798530579 -0.514295697 0.77150625
v -0.26704365 -0.545251727 -0.768475533
v -1.03298807 -0.166786328 -1.48685539
v 0.599431038 -0.460125685 -1.18286145
v 0.574161708 0.533963501 0.899583519
v -0.0590686537 0.532616496 0.830268145
v 0.727926314 0.425373465 1.27830398
v 1.39535952 -0.47760421 1.15194774
v -2.01341677 -0.528201938 -0.303624928
v 1.55144966 -0.0301672146 1.41603124
v -0.164925307 0.321650594 1.20612121
v -2.01175499 0.327605426 0.959411919
v 0.217044532 0.357847273 1.18747711
v 1.39699435 0.274614096 0.283701271
v -1.86779284 0.42711255 -0.960693359
v 1.06746387 0.37111786 0.560018241
v 0.779198289 -0.103751883 -0.35212782
v -0.178872138 -0.528742194 0.194551468
v -0.525417566 -0.155414179 1.4192301
v -0.869342625 0.528822124 0.86517328
v 1.91572905 0.361611247 -1.01897383
v -0.70538187 -0.524267316 -1.02524042
v 0.325910032 0.521890461 -0.468325019
v -1.16997755 0.33763817 -0.501721323
v -2.12401056 -0.0988293812 0.999698043
v 0.307442933 -0.401940644 -1.16665721
v 0.286323071 0.532870173 0.477318645
v 0.0436116755 0.463638961 1.00760889
v -1.0877775 -0.53295058 -0.988698363
v 0.457286477 0.479335606 0.47166875
v -2.41430807 0.122758262 0.493826896
v -2.45541835 -0.217219278 0.186771452
v -0.342710167 -0.385574073 1.19652569
v -1.23254597 -0.533159673 1.04147625
v 0.380815804 0.434627861 1.14489388
v 0.32755208 0.531958759 0.870360911
v -0.0924132392 0.557711601 -0.557277143
v 1.13039613 -0.430304527 -0.619588614
v 0.0845315605 0.41780895 1.08612001
v 1.07935441 0.345098048 -0.536733985
v 1.01987112 -0.120610595 -1.49841774
v 1.62089741 0.51134485 -0.505382836
v -0.753197551 -0.500602722 0.719137192
v -0.00888740923 -0.551093459 -0.203190148
v 0.905076861 0.467736125 1.24126029
v -2.08022094 -0.519456148 -0.161504045
v 1.70766091 0.525815368 -0.471889436
v 0.143684253 -0.471413106 1.00490916
v 1.31375372 0.475008011 1.19353533
v -2.16764832 0.239714608 -0.872264326
v 0.767126739 0.318265736 1.39525831
v -0.721573591 0.39256987 1.31380498
v 0.588304996 -0.32781589 -1.34189916
v -1.32958317 0.493473411 -0.669269502
v -1.7550143 0.512151837 -0.861735702
v -1.93586707 -0.513488472 0.654819548
v 1.43162215 -0.0895600989 -1.4483583
v 2.10044813 0.15239121 -1.01063621
v 0.580052018 -0.258602679 0.232538223
v -0.402215511 0.450042456 -0.301695049
v -0.321184963 0.550036967 0.65836674
v 1.11184657 -0.399187535 1.33138764
v -2.19298649 -0.444559246 0.463816762
v -2.17842627 0.419580847 -0.582117021
v 2.38584638 -0.340964407 -0.168257341
v -2.39054728 0.322855562 -0.223128989
v 1.01931524 -0.48823747 -0.735196531
v 2.13533664 -0.470770508 0.483071387
v -0.214158773 0.520094812 0.909382224
v -1.05380702 -0.323157668 1.4047637
v -2.40794158 -0.157757327 -0.510819793
v 0.933873713 0.196769252 1.47926867
v 1.53733194 0.526273251 0.9122293
v 0.405215889 -0.279769003 -1.32027197
v 1.11851096 -0.331332952 -0.512039542
v -2.05546641 -0.40284422 -0.801666677
v -0.36928919 0.449645817 0.194410384
v -1.3997519 0.463215053 0.549577475
v 0.555977046 -0.138260365 -1.4295572
v -0.747247517 0.517457306 1.10016239
v -1.91976619 0.129870057 -1.18454075
v 1.28067899 -0.347469598 -1.35716975
v 1.05476224 -0.345465928 1.39134359
v 2.34432244 -0.0644090101 0.689479053
v -1.71072054 -0.497029334 0.270217955
v 1.72681153 -0.4347395 -1.07335746
v -0.479401231 -0.509563804 -1.03798771
v 0.0416091569 -0.0536677577 1.30319071
v -1.45334518 -0.505132496 1.07007337
v 1.23177302 0.373026013 -1.34226346
v -1.51473451 -0.296123207 -1.32990026
v 2.27308154 0.365382463 -0.520439029
v -1.27100825 0.355747849 -0.474818677
v -0.384433955 0.140783995 1.36773741
v 1.56203377 -0.41192168 0.228907913
v -2.12538934 -0.428387582 -0.645489097
v 0.409096926 -0.533914566 -0.890911877
v 0.135463297 0.544664085 0.325755209
v 0.812434971 0.398156583 0.568625629
v -0.868552268 0.504902065 0.77137059
v 0.202197507 0.257738739 -1.26403344
v -0.396143973 0.411561072 -0.0951024294
v 1.95901525 -0.083136268 -1.17513549
v 2.21750045 0.290721893 -0.762352586
v 1.21397638 -0.459994495 -0.646514118
v 0.516281843 0.253143787 1.38062263
v -0.783830225 0.534303308 1.01867402
v -0.33294332 -0.159930378 1.34905684
v 1.90547061 0.392825097 0.986593425
v 1.38823783 0.365983188 -0.399661094
v -1.64029908 -0.448551029 0.189457268
v -1.19663286 -0.399802446 1.32242858
v -1.28588808 0.455746621 -1.23374104
v -2.16011786 -0.436230808 0.571468472
v 1.10762465 0.0682800412 1.50688994
v 1.07352901 0.320114583 1.41158855
v -0.0921477154 -0.550993264 -0.323663294
v -1.55107987 0.18888326 1.37578166
v -0.0395752341 -0.550085604 -0.730172336
v -1.31531882 0.537940264 -0.84905082
v 1.75013447 -0.53721112 0.634676814
v 0.211223423 -0.513484776 0.095906496
v 0.4004668 0.475734383 0.383247465
v 1.54635131 0.528982878 0.700793386
v -1.4680748 -0.487712324 -0.57054919
v 0.426729947 0.535832882 0.85660094
v -2.14767456 -0.160403386 -0.953692734
v -1.95789003 0.537150919 -0.338994801
v 0.0788268298 0.12912403 -1.29688001
v 1.34451103 -0.509109974 1.08496976
v -1.66796052 -0.452439994 -0.0754913539
v -2.40709496 -0.219946057 -0.424042434
v 1.95696127 -0.230239898 1.1084069
v -1.64686549 -0.522684515 0.874016166
v -0.957523942 -0.274508357 -1.43806839
v 1.4310559 0.526293635 -0.7365821
v 0.722386062 0.170607045 1.46882403
v 0.120380409 0.55731374 -0.608579934
v 0.78204453 0.385328621 1.3385464
v -0.631478727 0.27596581 0.318713516
v -0.0854810998 -0.516968727 -0.885523975
v 1.37830949 -0.0694985911 -0.154197052
v 1.54733443 0.450389415 0.391414136
v -1.80611336 -0.138096452 1.26744592
v -1.54523611 0.469280392 -0.429271191
v 2.17291665 0.471280068 0.351342052
v 0.488019973 -0.459120452 0.444998354
v -0.46356836 0.374087185 -0.185390368
v 1.60203624 0.465258569 -1.09636736
v -1.5790751 0.437531322 -0.278861344
v 1.57173789 -0.536000609 -0.772722125
v 1.44673526 0.227132142 0.105010539
v 0.874759197 0.194145501 -0.423066407
v 2.46052289 0.201027855 0.228901699
v 2.16992116 -0.25968641 0.841241717
v 2.1037519 0.0994165689 1.02091396
v -0.484665424 -0.468693703 -1.13607001
v -0.656478703 0.216259882 -0.302504808
v 1.06746125 0.3908436 1.34900558
v 0.170245081 0.516210556 0.899653792
v -0.15305233 -0.546074927 0.338889897
v -1.27240658 0.541204333 -0.961338758
v 2.03988028 0.142376542 -1.07743323
v 1.24734747 0.083533749 -1.48745239
v -0.187481046 -0.54721427 0.449870318
v 1.67563522 -0.391252398 -1.16652095
v 0.480417103 -0.29652229 1.33557057
v -1.93941951 -0.266358137 1.09877241
v 0.962860942 0.361261934 -0.553461611
v -0.706866622 -0.486126423 1.16903746
v 0.516382396 -0.283380002 -1.35488832
v -0.36113435 -0.248554349 1.31973922
v 0.758216619 0.474793762 1.20369089
v -2.25966978 0.346305072 -0.597203255
v -2.12062693 0.437670618 -0.641007602
v -2.40660572 -0.138075501 0.512326479
v -1.68734396 0.481244951 0.168607101
v 0.583072364 -0.536239505 -0.918077171
v 2.23411918 0.327985764 -0.679907501
v 0.181823403 0.539067388 -0.801043212
v 2.41091561 -0.11936222 -0.528300405
v 0.49598825 -0.314557195 0.113422044
v 1.42738259 0.408799648 1.26236093
v 2.37369514 -0.209425077 -0.541535735
v 1.57233059 0.450651079 -1.13426781
v -2.0535543 0.518164337 0.398303419
v 0.465188056 -0.537848413 -0.713506997
v 1.86004055 0.538293064 -0.484127045
v -0.579841316 0.302364916 -1.3572793
v 2.15410137 0.449768245 0.51695168
v -0.522155225 -0.422791451 -1.22127807
v -2.36284637 -0.358224899 0.147924811
v 1.12269223 0.053414911 0.391800553
v 2.10547614 -0.439805448 -0.665557683
v -0.636661112 0.24595207 -1.40930581
v -0.824287415 -0.520896196 -1.05326116
v 1.85366631 0.44581145 -0.942609608
v -2.23597741 -0.385441631 -0.549009442
v -2.16967225 -0.214821026 0.886407137
v 2.27531362 0.146981329 0.779238224
v -0.764846444 0.535944283 0.913871884
v -0.876351893 0.469779283 0.690518558
v 2.29078627 -0.209401011 -0.711316228
v -1.07131231 0.0687253773 -0.403341949
v 0.966916859 0.390371948 -1.34171855
v 0.853992224 0.460578501 -0.664885402
v -2.02618504 0.0787266046 1.10918725
v -0.0609741285 -0.558616579 0.332643121
v -0.602965713 -0.221546948 0.229115859
v 2.50329137 -0.0762609169 0.159697965
v 2.16543913 0.203540042 0.905901194
v 0.871601224 -0.52049166 -1.08001029
v 1.16726387 0.285635173 0.465571523
v -2.09354353 -0.516206741 0.220452026
v 1.24648094 -0.527335346 -0.834294856
v -1.66357195 -0.500163734 0.96953094
v 1.38128436 0.463177055 -0.570825398
v 2.15467882 -0.247425973 -0.901285768
v 1.70934713 0.498135567 0.336901546
v -0.543017924 -0.505219519 -1.06846499
v 1.3532083 -0.280521512 0.344312906
v 0.27127713 0.542911172 -0.537162304
v 1.11247003 -0.521662176 -1.07868433
v 0.431632429 -0.353003502 -1.27230811
v 0.588159323 -0.527869225 -0.738572776
v 0.0247719921 0.447785795 -1.03764367
v -0.187004954 0.399825662 1.13386929
v -1.40586519 -0.0978195518 -0.0658567697
v -1.89591956 0.539703131 -0.15612644
v -1.31313229 0.487217277 -1.16571176
v -0.762774348 -0.177863464 -1.46565557
v -1.53948247 0.54321301 -0.766044796
v 2.30649638 0.197117358 0.683801234
v -0.0337621868 -0.331996799 1.1668613
v -0.999590755 -0.534798682 -0.91474539
v -2.16006446 0.187771574 0.921477497
v -0.964904308 0.152105585 0.428328186
v -0.581317782 -0.320013255 1.35216153
v 0.570060313 0.411471248 -0.429438412
v -2.01087594 -0.480235934 0.689754069
v 1.01213419 0.3120583 -0.512449205
v -1.12018001 -1.82304782e-09 0.380618304
v -1.12018001 -1.82304782e-09 0.380618304
v 1.80159676 0.535864174 -0.53336513
v -0.891985178 0.228958473 -0.445931226
v -0.73857367 0.453320652 1.24433219
v -2.20511055 0.445783406 -0.418246001
v 1.8209089 -0.489026606 0.86840862
v -1.46438289 0.444861352 -1.19324887
v -0.119903989 0.437342614 1.06473362
v -0.2413771 0.547126293 -0.652100384
v 1.029019 0.534826219 0.912491441
v -1.8258146 0.447854012 0.970758557
v -2.28408337 -0.42271921 0.218305767
v 0.469222784 -0.255956858 -1.35626149
v -0.724521101 -0.301350594 1.39935577
v 0.323138326 -0.46925801 -0.181056857
v -1.38487315 0.1652814 1.44757712
v -1.17701542 -0.284340411 -1.42763793
v 2.50120234 -0.124772996 0.0880375654
v -0.291168958 0.522559643 0.39085421
v -0.0885367468 0.371521473 1.14496946
v 0.790432751 0.32904318 -1.37344432
v 1.99306691 -0.449208051 0.784546971
v 1.94545865 0.327285439 1.03491747
v -0.681103408 -0.171073794 -1.45319259
v 2.01376987 -0.11384663 -1.12272906
v 1.864259 -0.341617495 1.09191835
v -2.3396225 0.355305225 -0.326736063
v 0.957194507 -0.142598391 0.425763309
v -1.46014762 0.539884865 -0.768862367
v 1.15658653 0.512380719 1.13939774
v 0.669881463 -0.528550267 0.772735417
v -1.05110765 -0.481333971 0.715318322
v -1.115026 0.535891831 -0.90932703
v -0.0160395876 -0.558213055 -0.654856503
v 1.93529725 0.532954097 -0.47197482
v 0.766402006 -0.491198659 -0.695290446
v 2.10579395 0.451547086 0.605784237
v -0.900139868 -0.142228574 1.49705255
v 1.23340452 0.501850069 1.14833975
v -1.63525116 0.488056451 -1.02929294
v -1.19800496 -0.125112206 1.4906131
v -1.69793653 -0.535875678 0.601618767
v 1.64212668 -0.44904685 -1.10392427
v 0.853349924 0.345984161 -0.518688977
v -1.56148624 0.00363078387 1.40693307
v -1.18630111 0.199505761 -0.404866397
v 1.35489142 0.220883548 -0.284671307
v -0.607723355 -0.163505644 -1.43728757
v 0.587192476 -0.207440421 -0.17789492
v -2.41367888 -0.0520640537 0.532624006
v -0.565393746 0.461261839 0.520156384
v 0.00999351684 -0.561968029 0.383569509
v -1.31969202 0.417634666 -0.523400187
v -1.02835023 0.510651708 -0.786489785
v 0.0188148189 0.250168681 1.23660982
v 0.632119834 -0.456846297 1.20791423
v 1.92560601 -0.402863294 0.952154458
v -0.774929523 0.446190357 -1.24689913
v 1.32610571 0.50928247 -0.725639462
v -0.090025574 0.561296344 0.431492835
v -0.082868889 -0.543972254 -0.114767149
v 1.27494562 -0.522705555 -1.0729326
v -0.828632414 0.43673557 0.625376821
v 1.39705038 0.084311977 1.45192587
v -1.75653791 -0.522248447 -0.352202564
v -1.07030213 -0.0731657073 -1.50581849
v -0.230273366 -0.44599852 1.07023072
v -0.236583307 0.553605497 0.712869942
v -2.43547845 0.248611853 -0.265023023
v -0.350441337 0.482184529 0.305910945
v -0.461725801 -0.163638726 -1.39050221
v -0.0217653085 0.419101745 1.07877684
v 1.07354915 -0.305433273 0.503221452
v 1.35780454 -0.326950878 -1.36019278
v -1.74634647 -0.506002247 -0.211759701
v -1.91045439 -0.457207888 0.874164581
v -1.05330586 0.495094657 1.19332671
v 1.58560586 -0.514338732 -0.970680475
v -1.70410502 0.535534561 -0.784829617
v 2.11169696 -0.408098787 0.720252931
v 2.23381972 0.468032569 -0.134812981
v -0.349624783 0.446441114 0.079230696
v 1.8027674 -0.527929306 0.280930668
v -1.39474082 0.227614105 0.213915989
v -1.20190382 0.534201205 -1.02295721
v 0.583214223 -0.0602304339 -1.45260715
v -1.77800488 -0.393456846 1.09325421
v 1.39289927 -0.203115314 1.41940677
v -0.372094959 0.517070651 0.979680419
v 2.4523623 -0.101212457 0.406368345
v 1.56285095 0.430500418 0.304457307
v -1.51046073 0.472492486 0.470241576
v -1.150877 -0.34577924 -1.38335001
v -2.18722796 0.371118575 -0.678497672
v 0.508789718 -0.345751315 -1.30325949
v -1.53758156 0.203723699 -1.37922454
v -0.65811193 0.310278416 -1.37339056
v -0.417919606 0.360197365 -1.25527382
v 0.379492968 -0.229651853 -1.33988726
v 0.90645659 0.0864963382 0.404490143
v 1.57023394 0.381153226 0.0731290728
v -1.08289826 -0.395377696 -1.33833015
v 1.19939911 -0.528584421 -1.03577292
v -0.128824905 -0.503777027 0.918748498
v 1.56610048 -0.476053059 0.418432564
v 1.76904416 0.497545689 -0.893094182
v -1.31539667 0.0744338483 0.251769394
v 2.2949841 0.418169886 -0.26793465
v 2.25919557 -0.43072331 0.314386725
v 2.27724576 -0.339550793 -0.569785714
v -0.716861486 0.0889996886 0.301659673
v 1.19178498 -0.320584655 -0.480281383
v 0.956596315 0.508007109 1.15264022
v 1.73209667 0.523970783 0.710421205
v 0.842891932 -0.0473200902 1.51298428
v 1.11021614 0.536350965 0.975069821
v -1.88931632 -0.531881869 0.0657915473
v -0.716790378 0.0884567201 -0.303319544
v -2.41277766 0.196881711 0.435176492
v -1.83068502 0.261681288 -1.18410373
v -2.10276389 -0.405550212 0.739808261
v -1.18880415 0.512899458 1.12756062
v 2.33804774 -0.330066621 -0.422312856
v 1.17427611 -0.0897604525 0.380571097
v -1.96582532 0.0314038619 1.16372287
v 0.399952173 0.536864519 0.675651073
v 1.07286823 -0.38048178 -0.566644311
v -2.09436822 -0.130819187 -1.02879155
v -2.34256148 -0.342967212 0.356298208
v 0.88310957 -0.077199623 -0.393443823
v -0.639417171 -0.299465358 -1.37776697
v 0.791407406 0.142333567 -1.47363567
v -2.27254248 -0.316148251 -0.622426927
v 0.925260842 0.369974881 1.37313938
v 0.593377054 -0.0513785556 0.0230560936
v 0.766690135 -0.360093325 0.503287733
v -1.3139658 0.260933906 -1.41267943
v 1.38185811 0.157847524 -1.44689703
v 0.25049144 0.52661562 -0.879897833
v 1.18497539 -0.462446839 0.660495758
v -1.89635086 -0.256964445 1.143929
v -1.36478686 0.529341757 -0.773509383
v -0.427695751 0.23750028 -1.35316503
v -0.571835935 0.152086779 0.0464483798
v -0.340677202 -0.54297626 -0.81561172
v 1.34946692 0.063057296 -0.214658961
v -2.37025166 -0.177683234 -0.590966523
v 0.397745907 0.300910443 -1.29387462
v 2.10411 0.42139709 -0.719573855
v -2.41877627 -0.243016377 0.327032983
v -2.48929954 -0.1482023 0.0769931227
v -0.509365678 -0.368987501 -1.28327179
v 0.565604627 -0.406365454 -1.25656927
v -1.23154986 0.402242959 -0.547531009
v -0.527808726 -0.522143245 -1.01534438
v 0.510016441 0.142535105 -1.41237986
v -2.11787915 0.501429677 0.336945474
v 1.15695357 -0.504042566 1.15530837
v -0.50271076 0.507962644 0.585663557
v -1.93443489 -0.49644509 0.728251755
v 0.707901657 0.499275655 -0.691317141
v -0.571130931 -0.53409797 -0.956864953
v -1.16518056 0.243794888 0.436393797
v 0.939148188 -0.439395726 0.644745648
v -2.03783345 0.0594891608 -1.10263634
v -0.82575947 -0.510489285 1.13849139
v -0.264897615 0.253415912 -1.28851676
v -0.251662314 -0.384124339 -1.17280674
v -1.71091926 0.457739413 -1.03690243
v 0.446787953 0.375829995 -0.141175076
v 0.545342445 0.385408252 -0.357416332
v 1.77645278 0.506133974 0.0628437251
v 1.77645278 0.506133974 0.0628437251
v 1.28129113 0.0795425177 -0.303181529
v 0.0243577473 0.348705769 1.16209471
v -1.96136761 0.138646692 1.14825916
v 2.43942547 0.208121032 -0.319241464
v 0.3414011 -0.537528634 -0.595860183
v -2.16242123 0.493628055 0.219035149
v -1.54989004 0.436252475 -1.1746695
v 2.25392318 0.417212218 0.404698998
v 1.22149813 0.27180016 -0.433965623
v 1.61119342 -0.451969355 1.10528874
v 0.935844839 0.434243113 -0.634672523
v -0.784325063 -0.230817199 0.403485775
v 1.8770113 0.523809969 0.499152243
v 2.19290638 0.260703176 0.81872052
v -1.58435774 0.533742905 -0.901978195
v 1.90859342 0.529652476 0.00715818023
v 1.90859342 0.529652476 0.00715818023
v -1.65286875 -0.463920653 -1.06320965
v 0.831220269 -0.147991255 -0.389928013
v -2.22200775 0.251754194 -0.790683627
v -0.221989885 0.463359356 1.05174696
v -1.51324189 -0.47011888 -0.467921168
v -0.920814574 -0.536789894 -0.968712866
v 0.874807835 0.411673814 1.32242239
v -2.504601 0.127152801 0.0866329074
v 1.6959548 -0.495242685 0.267181009
v 2.40393591 -0.111068167 0.551894844
v -1.03016841 0.422596395 -1.30306542
v 2.44603825 0.250722736 0.1665961
v -2.24903727 -0.146943867 -0.825317562
v 2.34492993 -0.147996247 0.660412848
v -0.178760231 -0.537145495 -0.30881989
v 0.0113997441 -0.260155201 1.22103822
v 1.70618844 -0.048424311 1.34391952
v -1.13640225 0.390517652 1.34810436
v 0.947380006 0.502312601 0.768070638
v 1.01893663 0.538344085 1.00127947
v -2.23203301 0.287246555 -0.735918939
v 1.7659781 -0.519574344 -0.352296233
v -1.82315516 -0.297632366 1.16577506
v -1.69155443 0.544334173 -0.680610776
v 1.96220207 -0.496441275 -0.695266187
v -2.29552722 0.296577156 0.573300481
v 0.53603977 0.470014304 0.522235394
v -1.75088501 0.44813925 1.0391115
v -1.79452765 0.542627513 0.625715971
v 0.065812923 -0.554519773 -0.696727335
v -0.92820847 -0.519907176 0.803072333
v -1.85301137 0.537852705 -0.520021975
v -2.13083172 0.493438154 -0.369222671
v -1.4169544 0.502053916 0.633165658
v -0.828784645 -0.0856347159 1.50539017
v -0.0410910845 0.560816765 0.669770539
v -1.69021118 -0.511327624 -0.412168145
v 0.566000819 -0.190342113 -0.0928922445
v 1.86718798 -0.205226988 -1.20115864
v 1.67567921 -0.502188802 0.944296241
v -1.62594426 0.454884976 -0.237175927
v -0.572918832 0.510175288 0.652943611
v 0.301544636 0.54298389 0.790222943
v 1.45716083 -0.284236044 -1.36235082
v 0.283576429 -0.280558556 -1.27399921
v -0.174306884 0.489733577 0.982064724
v 1.58234334 0.361042291 1.254053
v -0.933388352 -0.203558683 0.440464258
v 1.24584889 0.259967506 -1.4259249
v 0.802245677 -0.298216194 -1.41384006
v -0.254166424 -0.24193354 -1.2895782
v -1.32382607 0.531735897 -1.0271821
v -2.33059549 -0.249615997 -0.60007906
v -1.45397043 -0.463391125 -0.515466809
v 1.3575834 0.168474421 0.248767585
v 1.03044057 -0.492758781 -1.18734205
v -1.17718637 0.480366111 0.708458424
v 1.94155419 -0.531294167 -0.418670326
v -2.30996394 0.327627748 -0.51510483
v 0.559874892 0.53009218 -0.965602458
v 1.42264771 -0.125413209 1.05857767e-09
v 1.42264771 -0.125413209 1.05857767e-09
v -0.869176388 0.0968085155 0.395114094
v -0.150768906 -0.420116782 1.08768463
v 0.30527094 0.0251256302 1.3688612
v 1.54736674 0.171905443 -1.38952899
v -1.90481448 -0.507271826 -0.680208564
v -2.25681639 0.446464181 0.183365881
v 1.39080739 -0.168925062 -1.43727601
v -2.05049205 0.537878275 -0.143218622
v 0.675262153 -0.0824509785 0.250903398
v 1.08743942 0.16490455 1.48731422
v -1.8575865 0.542803228 0.406509787
v 2.22551441 0.179629937 0.835952699
v 2.43674588 -0.16049166 0.41855526
v -1.61302495 0.524240077 -0.555472136
v 0.947848022 0.525204659 0.849408686
v 2.19593382 0.247785956 -0.840097845
v 2.30612111 0.187430665 -0.712689221
v -0.411423087 0.538226187 0.632023335
v -0.627414107 -0.353808343 -1.33154213
v -0.845272601 0.243827239 1.44955981
v -1.614411 -0.522766411 0.568598866
v 2.1191802 0.184820786 0.972239077
v -0.821481228 0.363618523 1.36232471
v -1.77466333 0.535191417 0.742039919
v -1.81742537 -0.539668977 0.507537961
v 0.611449063 -0.520363688 0.712354064
v -1.60482597 0.54249388 -0.820562482
v 1.61814404 0.123797163 -1.37214541
v 0.905929565 -0.352873772 0.536327481
v 0.282901853 -0.219882995 -1.30663741
v 0.608320534 -0.0696310401 -0.120432675
v 0.0286922939 0.545174539 -0.120084696
v -0.224040926 -0.498268813 0.957730651
v 1.51567245 -0.326425403 0.0789603665
v 1.48982048 0.170605853 1.41093242
v 2.17179036 0.405846804 0.631284118
v 1.13849425 0.412318915 -0.592832506
v -0.0778284669 0.283122808 1.22063243
v 1.51042712 -0.50908643 -1.03747249
v 2.01041341 -0.128999725 1.10354555
v -0.720681489 -0.123506978 0.309668541
v 2.18849683 0.449273437 0.438981146
v 1.29059303 -0.411479592 1.29725182
v -0.651925206 -0.0854834169 1.47336948
v 2.37665057 -0.147996366 0.5981161
v -1.71428835 0.536530495 0.806710482
v 1.24480999 0.450110674 1.25040746
v -1.7133193 -0.529025316 0.4754242
v 1.53782117 0.534382463 0.797018766
v 0.974676132 0.436077148 0.640443742
v 0.957045376 0.452006727 -1.26175475
v -0.708916724 0.506896436 0.716130614
v -1.08589637 -0.289600551 -1.43127358
v -1.2594099 0.0669493824 -0.319294006
v 2.30584264 -0.0435739532 0.760617614
v -1.77476859 -0.525315821 0.328935772
v -1.08027995 0.302133292 0.499797672
v -1.18413925 0.133731872 -1.48659801
v -0.71765852 0.370429754 0.489260167
v 0.593196869 -0.353940666 1.32936287
v -2.28355742 0.279720783 -0.655669689
v -2.29798722 -0.228080675 -0.694306254
v -1.45367563 -0.287987679 -0.193726823
v 1.43566346 0.204608396 1.41152978
v 1.54965615 0.526107848 -0.944449067
v 2.1599431 0.32228294 -0.806027293
v -1.09373152 0.453952372 1.27041471
v 0.867810547 0.479761332 0.708987772
v 2.29737639 0.303374201 -0.591818511
v 0.486686081 0.538980246 -0.768079817
v 1.01691997 0.133190036 1.49878752
v 2.16930199 0.488385737 -0.316410065
v 1.28105688 -0.419122249 -1.28154492
v -1.31501031 -0.540545583 -0.927844048
v -1.09756851 -0.230759054 -0.453286827
v 2.45073962 -0.265280575 0.0683591738
v -0.173442736 -0.527553797 -0.120218791
v 1.42103851 0.155659527 -0.0814842135
v 0.855440974 0.514203727 0.798468471
v 2.33968377 -0.140166119 -0.66886425
v 1.43490481 0.373540163 0.364067554
v 0.181281283 0.0977362916 -1.32039297
v 0.195983157 0.524667919 0.221875459
v -0.420049191 -0.387581736 0.0575592369
v -0.6988343 0.482011795 1.17952776
v 1.68632352 0.467200428 0.0845899954
v 0.689701557 0.363233685 1.34028935
v 0.381848454 0.204736561 -1.34540415
v 0.130833238 0.540537119 -0.264457315
v 2.14232302 0.282442987 0.872816622
v 1.72414005 -0.356630892 1.16990316
v 0.553154767 0.375917137 1.28906798
v 2.34976482 0.23561728 -0.57605958
v 1.67307878 -0.508702695 -0.927718282
v -0.995659232 0.504173279 -1.14255929
v 2.34423518 0.371178627 0.247564331
v 2.11383986 -0.150633529 -1.01311874
v -0.563035548 0.235831901 0.156139672
v 1.92820752 0.476731062 0.773798585
v 0.551574945 0.52842617 -0.717127562
v -1.61028516 0.423786759 0.0754852518
v -0.310570449 -0.515360892 0.942750156
v -0.965205073 0.460811824 -0.672523856
v 2.10812926 0.3936584 0.757379293
v -0.940370679 -0.385560155 -0.579376638
v 0.632754385 -0.535888135 -0.831462622
v -1.03868425 -0.534321606 1.05512249
v -0.512862504 -0.473905087 0.520120442
v 0.686119199 -0.0558165461 1.49009335
v 1.21800089 0.40007329 -0.555962265
v -0.639073789 0.282251596 -0.337444812
v -0.627421975 0.474118501 -1.15370023
v 0.9025653 0.529848933 1.05902529
v -0.127677932 0.371433169 -1.15362597
v -1.79242444 0.127818942 -1.28527617
v -0.408552438 -0.517533541 0.970342219
v -1.68212879 0.540484965 -0.604327023
v 1.3216269 0.181738436 1.44501889
v -1.10579824 0.0124135856 1.51380646
v 1.38050652 -0.491930217 -1.13907218
v -0.161339626 -0.219721466 -1.27272546
v -1.17787063 -0.0917843878 -1.50076556
v -2.45570254 0.247809947 0.161880538
v -1.46150196 0.0650748387 -1.43998969
v 1.41662335 -0.369526595 1.30041707
v 2.23629904 0.462757498 -0.206503302
v -1.65677714 0.505553544 -0.965876877
v 1.58029056 -0.120441847 -1.38880599
v 1.67462707 0.465979457 0.167003304
v 1.77038097 -0.515581489 0.209849954
v -2.17365837 0.503232896 0.0603201464
v -2.39412546 -0.0829302371 -0.59444195
v -1.7151581 0.493779451 0.972446918
v -1.62527215 0.439065933 -0.0715451613
v -1.62527215 0.439065933 -0.0715451613
v -1.50913966 -0.21567525 -1.38114798
v 2.49587107 0.148221776 0.103179343
v -2.41916251 0.193080544 -0.431710094
v 2.02967668 0.301442832 0.982894599
v 0.0770210773 0.542642474 0.117145881
v 2.28979707 -0.208740294 0.715654433
v -2.47001958 0.231475487 0.0638624728
v 1.11263156 -0.432531357 0.621486127
v 1.39613879 -0.384021819 -1.29708683
v -0.745717168 -0.118613221 1.4893297
v 2.15306497 -0.50728929 0.0997544974
v 1.95076585 0.498253465 -0.688512743
v 1.88588798 -0.097389482 -1.22239017
v 0.64847964 0.37839973 -0.442580909
v -0.543779552 0.500076294 -0.636275589
v 1.62686157 -0.0574022643 1.37783611
v 1.45180535 -0.527869582 -0.995206654
v -1.46683455 0.297033042 0.150332987
v -1.74826562 -0.527191401 0.394245774
v -2.09046745 0.203592464 0.998565018
v 1.47100437 -0.532408655 0.784267008
v 0.354040802 0.536061585 0.595824659
v 1.26962936 0.524312258 0.817013621
v -2.36577415 0.25090763 -0.517053664
v 0.762900114 -0.461234808 0.637638867
v -1.35576844 0.0495248437 -0.192723319
v -1.19134355 0.329382688 1.39869106
v -0.769914925 -0.394719124 -1.30941415
v 0.399115235 -0.47762382 0.380538017
v 0.157988504 -0.557464719 0.513864577
v -1.48002744 0.388347954 -0.325638354
v -0.369238675 -0.531931877 -0.910630286
v -1.65912056 -0.41533792 -1.13905525
v 2.23770785 0.406774133 0.489357024
v 0.859847069 -0.526250422 0.854653537
v 0.938283861 -0.378501296 -1.36182833
v -0.788906038 -0.260517746 1.43591094
v -0.809505045 0.335412472 0.49922061
v -1.4402597 0.543117642 0.80882293
v -1.3819859 0.332615137 1.3579421
v 0.107335486 -0.489725173 -0.962119401
v -0.255352646 -0.50439626 -0.15259856
v 1.64056528 -0.501809955 0.406999767
v 1.48881984 -0.468924522 -1.1467973
v 1.53452325 0.366816878 -0.169988126
v 1.16686451 -0.255765885 1.43911958
v 1.32565057 -0.475793272 -1.18406188
v 1.71208954 -0.521091044 -0.820626438
v 1.24903917 -0.360298663 -0.492602438
v -0.515972257 -0.526696444 0.730672598
v -1.79224348 -0.384750277 -1.09349239
v -0.883772135 0.0747649819 -0.395624578
v 1.41126168 0.309654623 -0.30077213
v -0.506332934 0.414403379 0.364018977
v -2.30532146 -0.165042147 -0.736944675
v 1.21436262 0.0508727916 -0.349268854
v -1.49137878 0.50552541 0.578537166
v -1.22975314 -0.214138389 1.45670521
v -1.50444567 0.545084953 -0.839158118
v -0.410889596 -0.511309505 -1.00616407
v -1.13160956 -0.509812951 -1.11501539
v 0.651517928 -0.379747599 -1.31382692
v -0.246998653 0.521460235 0.301575989
v -1.62852061 0.52388519 0.943398058
v -1.32593286 -0.0603841208 0.237921119
v 0.332371205 -0.524257004 0.479187995
v -2.07004976 -0.0925177336 1.06028509
v 2.1375463 -0.506795645 0.208531424
v 1.66055727 0.487908751 -1.01262486
v -1.3478899 0.54507786 -0.91714412
v -2.34790778 0.0744427443 0.665941477
v 0.437998474 0.398656368 0.200374752
v -1.51024342 -0.0332905501 -1.42848217
v -2.48237705 0.096327804 0.300785333
v -0.641761839 0.50491941 1.10075295
v -0.0321845338 0.544744194 0.0402223431
v -1.30062735 0.152299792 1.47058713
v -1.03207624 0.373955905 -0.559702337
v 0.599916279 0.541271925 -0.896056414
v -0.279625416 0.5252918 -0.4286322
v 2.19545841 -0.262744725 -0.829367101
v 0.644355178 -0.0853138566 -0.207956225
v -2.007406 -0.532746077 0.163252532
v 0.465502352 -0.514185846 0.590059996
v -1.108688 -0.542091787 1.00062394
v 2.16124225 0.364930868 -0.743663073
v -0.677976012 0.52641499 -0.991504788
v 0.23764199 -0.0400171652 1.34231818
v 0.710508347 -0.151485294 0.316082805
v 1.87893474 0.537391663 -0.414851129
v 0.209741354 -0.541865051 -0.794414163
v 0.441942185 -0.540802419 0.84419632
v 0.0143621992 0.558032334 -0.610069871
v 2.16618729 -0.0604052879 0.952428937
v -0.574250579 0.531270385 -0.851544261
v -1.86500049 0.520972013 -0.699590504
v 2.20716882 0.459851265 -0.368472248
v 0.241508037 -0.135243967 1.32682109
v 0.021304898 0.0621343069 1.30126643
v -1.41252577 -0.140949786 0.0896377712
v -1.83716667 0.530160546 0.208153605
v 2.02966285 -0.443115145 -0.772656262
v 1.06526375 0.454987705 1.26449943
v -1.34178627 0.374906689 1.33204651
v 1.17199695 0.330222815 -1.38598251
v 0.984898806 -0.158716202 1.492154
v -0.192647681 0.556678891 0.532513082
v -0.852781594 -0.426239938 -0.616890073
v 1.3291266 -0.514052331 -1.09361672
v 0.823629558 0.0426539369 -1.49703908
v -1.20723701 0.535606682 0.939687252
v 0.661168456 0.538318276 -0.862614334
v 1.9672215 -0.541058302 0.0711263344
v 1.9672215 -0.541058302 0.0711263344
v 2.42495394 -0.0793575346 0.500818014
v -1.28530192 -0.337292582 -0.452417821
v -1.07706916 -0.375169635 0.561260402
v 2.46898031 0.220356971 -0.0585861169
v 2.49612308 0.116258278 0.17678462
v 0.764444888 -0.114985488 1.49155736
v 1.01559305 -0.419208556 -1.31608748
v 2.07691979 0.249391198 -0.972997904
v -1.47322404 0.425303847 1.22473884
v -0.279442161 0.424908668 -1.1223824
v -1.83587289 -0.0623595715 1.26317501
v 1.40889537 0.0685577095 -0.0482667685
v 1.24378026 -0.328453451 0.469024748
v -2.11916757 0.325037658 -0.857189834
v -0.839779139 -0.446183741 -1.24847245
v 1.54071546 0.126803324 1.4030093
v -0.648883164 0.484333545 0.631960869
v 0.0712168589 -0.553398907 -0.350251317
v -1.32789123 0.16735664 -1.45111191
v 2.15141892 -0.483761996 -0.375781834
v -0.843371034 -0.541300356 0.940053463
v 2.2821486 0.411202341 -0.359117806
v 1.04661036 -0.53004992 -1.02726674
v -1.94065368 0.53877604 0.376746595
v 0.351054221 -0.541018069 0.805351615
v -0.412662834 0.482201934 0.404823631
v -1.52424681 0.514087856 1.04207361
v -2.24240661 0.471192241 -0.0861032084
v 1.90494382 0.529489398 -2.05964312e-09
v 1.90494382 0.529489398 -2.05964312e-09
v -1.91362774 0.539188683 0.18640928
v -1.55391848 -0.378052503 0.156335101
v -1.50997055 0.391780108 -1.25014472
v 1.42989886 0.288935184 1.36971116
v -1.11765683 -0.154003352 -1.49112701
v -0.275800616 -0.0812759176 1.34826231
v -2.09374499 -0.45561114 0.635061324
v 0.078017503 0.561068237 0.654314995
v -1.57871842 0.485646874 1.08483136
v -2.04092145 -0.530710101 3.51494389e-11
v -2.04092145 -0.530710101 3.51494389e-11
v -0.638676822 -0.37414223 -0.450379252
v 1.34223533 0.0845997259 -1.47085643
v 1.09816098 0.532042086 1.07009935
v -1.47324598 -0.40275532 0.366740853
v -1.51916349 -0.507514834 -1.03469789
v -2.45801592 0.174653366 0.327781409
v 1.7103554 0.506263971 -0.925134301
v 1.7229538 -0.481898576 -0.980439305
v -2.07902265 0.427854449 -0.729109585
v 1.66189539 -0.51782012 -0.533224642
v -1.05372512 0.198716864 0.444117486
v 0.794301331 -0.288900763 0.452300072
v -0.418924749 -0.394543022 -1.22530746
v -0.0294004697 0.566092074 0.581572473
v -1.65810704 0.48279652 0.270018488
v -0.419062316 0.536559105 0.905374587
v -0.215425953 -0.542402864 0.752380192
v 1.71372736 0.519758046 -0.3989636
v -1.55932498 0.264739782 -1.33974946
v -2.436481 -0.256484866 -0.175640538
v -1.57349563 0.498027503 -1.0445112
v 1.31663883 -0.523130655 -0.792266667
v 0.696863055 0.530628145 0.985903502
v -1.84189022 0.036929477 -1.27001405
v 0.310492039 0.513784707 0.400333464
v -1.2742871 0.230779216 0.36462301
v -2.03705835 0.538419783 0.0792025179
v -1.38287449 -0.540888488 -0.921209931
v -0.460482329 0.497211456 -1.04515111
v 2.38027835 -0.335333705 0.195767924
v -0.870016992 0.205709308 0.433010966
v 1.09226704 -0.0808519125 0.405748725
v -2.45738649 -0.241095811 -0.0673666522
v -2.45738649 -0.241095811 -0.0673666522
v -0.0949232057 -0.559829116 0.50706923
v 1.41431963 -0.4571504 -1.1972872
v -0.532252014 -0.299284756 0.185794279
v 0.403054357 0.335451633 1.27468252
v 1.80644095 0.199120343 -1.23022151
v 0.0231489409 -0.199906096 -1.2587651
v 0.197146669 0.453481078 -1.05530632
v -1.91496968 -0.30429244 -1.0842061
v 1.1382122 -0.27115047 0.466788799
v 0.392871976 0.425201803 -1.16283894
v 2.22770166 -0.446493864 -0.364158332
v 0.349927366 0.370956093 -1.21825337
v 1.51172411 0.535795629 -0.758117437
v -2.28354049 -0.146050423 0.760045707
v 1.53762436 0.485298753 1.06890929
v -0.688452244 5.25249133e-09 -0.257521242
v -0.688452244 5.25249133e-09 -0.257521242
v -0.407646358 0.534501016 -0.844115555
v 1.71813357 0.286142677 1.235587
v -1.20981658 -0.463486403 -0.655107081
v -1.14207637 0.531035542 0.897349298
v 0.520364344 0.447668582 -1.16490984
v -2.42923617 -0.276965916 0.102004714
v -0.60621959 -0.0566362403 -0.115020938
v 2.26935339 0.244964063 -0.725898862
v -2.50152206 0.0958826169 0.196725324
v -0.523663938 -0.254805833 0.0118774064
v 0.50601393 0.327063233 0.186257958
v -1.99754119 -0.53329742 -0.184771776
v 1.44003141 -0.501398563 -1.09232497
v -0.385309696 -0.340007871 -1.26929736
v -0.475864708 -0.509745777 1.03511882
v -0.308888257 0.530909896 -0.852826834
v -0.310860097 0.486515015 1.03882933
v 1.27457297 -0.456572324 1.23845518
v -1.68947554 0.544116437 0.734606087
v 0.408462286 -0.429442018 -0.235745579
v -1.27105391 -0.397922903 -0.528444707
v -0.478586048 -0.381287247 -1.25965583
v -2.44168758 0.241010219 0.282195717
v 1.91617215 -0.539484859 0.151315242
v 1.49314904 -0.506854594 -0.634967685
v -2.14240861 -0.503382802 0.173771203
v -1.5331347 0.513871729 -0.592422664
v 0.153657019 0.323070586 -1.20623708
v 0.562739074 0.529450893 0.780410051
v -1.70261753 0.517119706 -0.41151166
v -1.77335167 0.538779318 -0.700994909
v -2.21584511 -0.470516503 -0.131161064
v -0.853223264 -0.25162369 0.444226801
v 0.331812143 0.542199671 -0.618034363
v 1.33950508 0.339637935 1.35464907
v 0.552312851 0.254682809 -0.149999201
v -0.286502808 -0.283683449 -1.27437496
v 1.61646187 0.414897323 -1.54226931e-09
v 1.61646187 0.414897323 -1.54226931e-09
v -1.94863582 0.318582475 1.03428578
v -0.435630798 0.441710144 0.323436946
v -2.34090233 -0.200928941 -0.638107359
v -2.11505127 0.523265958 -0.100016549
v -2.34355593 0.235957593 -0.597502112
v -2.49215889 0.187111929 0.0690556839
v -2.49215889 0.187111929 0.0690556839
v -1.12978363 -0.0131474584 -1.5102551
v -2.20666862 -0.175551206 -0.866231024
v 0.745033503 -0.535295308 0.971306682
v -2.25622797 0.147385478 0.799854577
v 2.1604197 -0.167372242 -0.95101881
v -0.596319854 -0.520009816 -0.741086781
v -1.76375294 -0.50136894 -0.100465849
v -0.328648359 -0.438406438 1.12114048
v -1.82493746 0.344641507 1.1127789
v -0.926918626 0.1566609 -0.424091101
v 0.654772639 -0.125197053 1.46997344
v 0.385207653 0.542016566 -0.770449579
v 1.94406867 0.532372594 0.104492158
v -1.90850687 0.350694388 -1.031896
v -1.39404368 -0.0537090376 -0.0637561083
v -1.39404368 -0.0537090376 -0.0637561083
v 1.57378507 -0.535662949 0.777547419
v 0.817162216 -0.533465147 -0.986047685
v -0.279334337 -0.483314633 0.0579181761
v -0.821616352 0.470731199 -0.664968729
v -1.37724555 0.158681676 -0.197665334
v -1.02787495 0.497419387 0.767876327
v -1.93417084 -0.535597563 -0.0816438794
v 1.38461757 0.53441155 -0.830957532
v -0.404552251 0.531512678 -0.683200538
v 2.28361177 0.440968603 -0.0789836049
v 1.371503 0.509196162 0.707330167
v -1.98842359 0.539812207 -0.223837316
v -1.79518843 0.0741156563 1.28410125
v 1.62790406 0.303878844 1.28171599
v -1.4503063 0.544255972 0.921051741
v -0.442770004 0.372235775 1.24263847
v 2.06086159 0.526500583 3.92753741e-09
v 2.06086159 0.526500583 3.92753741e-09
v -1.85415089 0.2741144 1.15346801
v 1.50072861 0.381825894 0.283031821
v 0.152769029 0.182865202 -1.29105353
v 1.89093089 0.312612951 1.0989058
v -1.56207609 0.104717128 1.39399755
v -1.21817029 0.388456404 1.34460151
v 1.11383855 -0.529763222 -0.879466355
v -0.487888157 0.347991109 0.176747814
v 1.60964465 0.176355854 1.36228049
v -0.96863544 0.393637121 -1.33738458
v 1.36450136 -0.0722447932 0.192403555
v -0.41952762 0.524723947 0.56616497
v 0.123249896 0.553914249 -0.442340583
v -1.16002071 0.0568317585 -1.50615263
v -2.16160536 0.170698732 -0.92845124
v -0.616314173 -0.525290012 1.01206195
v -1.6669879 0.469650686 1.06220925
v 1.14592302 -0.181610852 1.47541821
v -1.27346516 -0.121020265 1.47915852
v 1.94711244 0.199772969 -1.12914228
v 1.02605367 0.504576862 -1.15128922
v 2.42251492 -0.309610128 -0.0831295401
v 0.588478625 0.257848471 1.39798284
v -2.43090296 -0.163076162 0.419375688
v -1.11996007 -0.515390575 1.12476814
v -2.18472147 -0.095000349 0.926338553
v 1.76025951 0.0955026448 1.30069363
v -0.713626921 -0.444251388 1.24058998
v -0.75230962 -0.350211322 0.478701055
v -2.33716655 -0.358557582 -0.311593056
v 1.12509763 0.453108847 -1.24983013
v 1.11783922 -0.533601701 -0.980113029
v 2.02478337 0.522557259 0.293919772
v -1.83499777 -0.455060899 -0.937715709
v -1.24921989 -0.432834268 0.590265632
v -0.554776549 0.297810495 0.236260474
v -1.50842619 0.326254338 0.0632669479
v 0.65569824 0.327832758 -1.34415591
v -2.27652621 0.408570915 0.346327811
v -2.44235754 -0.182276621 -0.337038964
v 1.81264389 -0.535647094 0.592452645
v 1.89204502 -0.373256952 1.02823746
v 1.95149469 -0.494062483 0.701061368
v -1.60398042 0.535527647 0.612772048
v -1.53875434 0.400342882 0.228650734
v -1.2664113 0.313466132 0.435990334
v 2.21046686 0.480932683 -0.0568965673
v -0.00989374053 0.203989848 -1.26662302
v 0.22214298 0.404748499 1.13369715
v -1.21000934 0.522431731 0.824668169
v -1.56702697 -0.438868016 -0.308968812
v -0.157558724 0.555923581 0.452814698
v -1.39881611 -0.407475561 0.45666042
v 0.771475375 0.239514083 -0.400008768
v -0.933648646 0.53401351 0.905982792
v 0.859874904 -0.49379614 -1.18237352
v 2.28853083 -0.304882139 0.598995805
v -0.234696105 0.508958757 -0.142973423
v -1.75222564 0.308433771 -1.20179713
v 1.28715587 0.140217379 0.314439774
v -0.676164865 0.528375208 -0.837718904
v -0.572881579 -0.296236247 -0.266165406
v 2.24164987 0.0892682299 0.856661022
v -0.551385581 -0.40441215 0.404434025
v 0.997156382 -0.515978932 0.806901813
v 0.346775472 -0.516995251 -0.477059633
v 0.800722539 0.470768571 -1.19866467
v 1.91394436 -0.458534241 0.856264591
v 0.617976725 0.520893931 1.02596438
v -1.23143578 -0.33137989 1.38453472
v 0.374663025 -0.0284290332 1.39661503
v 1.4190824 -0.522087693 -0.735422313
v -1.58542728 -0.511366904 0.970847487
v 0.336444944 0.448436916 0.0140111707
v -1.32184958 0.467569113 0.615857899
v 0.482787609 0.385788441 0.267846465
v -1.3698231 0.463941872 -0.579544306
v -1.99849117 -0.373619586 -0.923727632
v -1.53794003 0.533612609 0.948674917
v 0.433039844 0.154675975 -1.38318348
v 1.07933342 -0.0702606887 -0.402911574
v 0.805451751 -0.470178604 -1.2207458
v 0.466913342 0.472995371 1.10922515
v 0.615811288 0.481824309 1.14709115
v 1.04889441 -0.432564378 -0.634757698
v -1.65904844 -0.446182072 0.0447900929
v -1.65904844 -0.446182072 0.0447900929
v -1.51277316 -0.132364944 -1.41192162
v -1.77995729 -0.505402863 0.070108138
v -0.383850336 -0.137380257 -1.37184012
v -2.29509592 0.372920156 -0.427817643
v 1.34710097 -0.34355697 0.41618219
v 0.190204903 0.482412696 0.992559195
v 0.213169739 -0.406463534 -1.12956643
v -0.951992631 0.515936494 0.824880183
v -1.80986917 0.52291292 -0.167609736
v 0.959907711 0.0654061139 -1.50978208
v -0.761224091 0.263169169 1.42149138
v -0.0442141853 -0.514981389 0.876146197
v 1.63580143 0.506728172 0.939397275
v -1.34887755 -0.539095163 -0.867107868
v -0.937847972 -0.091792047 -1.50075293
v 1.16619611 -0.0825659558 -0.379643291
v -1.20809162 0.0778268427 1.49921596
v -0.836160362 -0.534133196 -0.928176522
v 0.57884717 -0.274686396 -0.244625762
v 1.3102603 -0.496061832 -0.694820106
v 0.244944051 0.532574952 0.851651073
v -0.795223355 0.491243899 -1.16659009
v -0.789188266 -0.516995072 -0.795988917
v 1.22174191 -0.313114077 -1.39459276
v -0.938353479 -0.542272091 0.914675653
v 1.77063203 0.537118077 -0.609486282
v -0.81778264 0.304249555 1.40771687
v 2.19957471 -0.466649503 0.33397609
v 0.155941054 -0.196774945 1.27904582
vn 0.23699373 0.103603199 -0.965971291
vn 0.263591588 0.123464935 -0.956700563
vn -0.145892188 0.13550657 -0.979976296
vn -0.236968949 0.169485137 -0.956619263
vn -0.489874959 0.131703272 -0.861786962
vn -0.784406722 0.0957772508 -0.612807274
vn -0.974673688 0.184223279 -0.126779944
vn -0.992864668 0.0335057452 -0.114442356
vn -0.944466591 0.0519002564 0.324483216
vn -0.698430896 0.112682164 0.706750989
vn -0.580799937 0.0867920518 0.80940634
vn -0.196323887 0.0669969767 0.978247583
vn 0.0485450476 0.178667024 0.982711256
vn 0.159662798 0.206978574 0.965229273
vn 0.247877866 0.162436306 0.955076456
vn -0.731319189 0.0849417225 0.676725328
vn 0.761812627 0.21428293 0.611329973
vn 0.385664701 0.148707613 -0.910576046
vn -0.507888317 0.125587195 -0.852219105
vn -0.815581322 0.102019943 -0.569577932
vn -0.993553698 0.0892164931 -0.0699382871
vn -0.736642361 0.286300838 0.612690687
vn -0.554073334 0.327650398 0.765276372
vn 0.975917935 0.0940071195 0.196841925
vn 0.969450772 0.168568715 -0.17818433
vn -0.626565099 0.382370859 -0.679123461
vn -0.92332834 0.384007365 0.00175249064
vn -0.382178277 0.442629606 0.811183512
vn 0.0037407116 0.452282876 0.891866624
vn 0.406141281 0.172369108 0.89740634
vn -0.760101378 0.421957254 -0.494163841
vn 0.535057545 0.454075992 0.712410271
vn 0.758690119 0.470010728 0.451086789
vn 0.835137308 0.543214977 -0.0863886923
vn 0.807466209 0.265100807 -0.526991308
vn -0.816449106 0.547685802 0.182896703
vn 0.677913129 0.721836984 -0.139230564
vn 0.586166859 0.645725906 -0.489332765
vn -0.446857661 0.472537935 -0.759622395
vn -0.292844087 0.715359092 0.634431899
vn 0.101444751 0.610908091 0.785175323
vn 0.418975323 0.758505404 0.499128401
vn 0.552810907 0.690913737 0.465873718
vn 0.719794989 0.665482819 0.197554216
vn 0.88077414 0.451776832 0.141896158
vn -0.799500167 0.562724292 -0.210096985
vn -0.581607878 0.775896251 0.244371057
vn -0.682717383 0.568862319 0.458576709
vn -0.182787314 0.802588165 0.567838907
vn 0.602846026 0.747181594 0.279814959
vn 0.728319347 0.684606373 0.0294098165
vn 0.199812904 0.750120282 -0.630392194
vn 0.0332670361 0.901792109 -0.430887878
vn -0.494501859 0.646412075 -0.581050217
vn -0.645124137 0.747708976 -0.157308817
vn -0.0924542919 0.917555153 0.386710167
vn 0.0422593541 0.811466694 0.582868755
vn 0.127336696 0.750523806 0.648459375
vn 0.222833917 0.849858105 0.477583706
vn 0.56120348 0.827443421 0.0197006557
vn 0.576035857 0.733998001 -0.359763086
vn 0.452321231 0.814136982 -0.364124417
vn -0.753316462 0.655340374 0.0551664196
vn -0.109474361 0.824625313 0.554985106
vn -0.0613830201 0.940236092 0.334945202
vn 0.536304057 0.829451084 -0.156168699
vn -0.211666912 0.860468805 -0.463455021
vn -0.280488789 0.885570645 -0.370257735
vn -0.605559766 0.730808258 -0.314986676
vn -0.51322639 0.858207941 0.00882820413
vn -0.476131499 0.756588101 0.448188782
vn 0.468595147 0.793978155 0.387320518
vn 0.554874837 0.827929258 0.0815287456
vn 0.370474488 0.928399682 -0.028679492
vn 0.351634204 0.91249454 -0.209062368
vn 0.169811204 0.923958123 -0.342732579
vn -0.324882537 0.8985762 -0.294978142
vn -0.405363321 0.910373926 -0.0830651671
vn -0.140028208 0.978285789 0.152804032
vn -0.0108137019 0.934822381 0.354951054
vn 0.0905778036 0.917824864 0.386514187
vn 0.300098747 0.891726911 0.338768095
vn 0.312194824 0.949785948 -0.0210001152
vn -0.270691186 0.959355652 -0.079769291
vn -0.219245091 0.974446237 0.0488462523
vn -0.422038704 0.867135167 0.264499396
vn 0.256981313 0.942707181 0.212752834
vn 0.18185252 0.983227372 0.0139152557
vn 0.257906944 0.93392247 -0.24753359
vn -0.0336454548 0.911123931 -0.410757005
vn -0.139760986 0.906726658 -0.397886366
vn -0.125472963 0.965604365 -0.227738738
vn -0.23738949 0.951843202 -0.194012269
vn -0.238873109 0.968218982 0.07410606
vn -0.0579468124 0.976019323 0.209829539
vn -0.0293813273 0.99080497 0.132069185
vn 0.0341017731 0.965890944 0.256693572
vn 0.119856939 0.977066875 0.175996363
vn 0.115858659 0.987034678 0.11108271
vn 0.198015854 0.976504445 0.0850218162
vn 0.148806095 0.980486512 -0.128464043
vn 0.150525987 0.972652733 -0.176885441
vn 0.117114604 0.980184495 -0.159757435
vn -0.022978818 0.98732084 -0.157065183
vn -0.155854523 0.975669622 -0.154202178
vn -0.155887529 0.979968607 -0.123937204
vn -0.0350725502 0.999269307 0.0151914675
vn -0.157245845 0.98416549 0.0818048567
vn 0.0105815912 0.999772787 -0.0185072739
vn 0.0354832187 0.997912169 0.0539637953
vn -0.0227603279 0.999340475 0.0282931812
vn 0.135516927 0.990261793 -0.0318854302
vn 0.0821348429 0.994983017 -0.0571181923
vn 0.139369354 0.971484065 -0.191820085
vn 0.023550678 0.996200204 0.0838483498
vn -0.0748474076 0.987865448 -0.136087269
vn -0.00642208662 0.999172211 0.0401666053
vn -0.13344039 0.989076376 0.062622644
vn 0.0211469792 0.999579728 -0.0198280364
vn 0.0250483062 0.999670208 -0.00567132374
vn 0.110358775 0.993761659 0.0160873886
vn -0.154302791 0.987414062 -0.03469906
vn -0.130827948 0.988285899 0.0785805881
vn 0.0234973188 0.999231279 -0.0313809477
vn -0.0430800281 0.999043405 0.0075031505
vn -0.0649522394 0.997522533 -0.0270186514
vn -0.0429159887 0.998746037 0.0257781595
vn -0.0367356241 0.987998605 -0.150030926
vn -0.176069543 0.983006477 0.0519382134
vn 0.0335020199 0.998455405 -0.044321686
vn 0.0595601052 0.997765064 -0.0302885026
vn 0.0133819953 0.994760633 0.101352304
vn -0.0409127027 0.998987675 -0.0187003557
vn 0.0719600245 0.977268457 -0.199419364
vn 0.0949339271 0.9518677 -0.291436911
vn 0.0115761226 0.956154585 -0.292633682
vn -0.0420099907 0.965328217 -0.257636517
vn -0.0598748103 0.989192009 -0.133843854
vn 0.0150668835 0.999624908 0.0228679981
vn -0.232812718 0.970231116 0.0667073131
vn -0.222508475 0.969033957 0.107066214
vn -0.0897011906 0.994316101 0.0573513471
vn -0.312214792 0.919469714 0.238950551
vn -0.147121295 0.97117573 0.187544748
vn -0.0522099286 0.978477001 0.199642196
vn 0.156391799 0.892210364 0.423677146
vn 0.0549512394 0.970275223 0.235682577
vn -0.0380050912 0.99852109 0.0388754308
vn 0.0386891291 0.979493678 -0.197725296
vn 0.0710815191 0.971738517 -0.225103602
vn 0.0422715917 0.969673574 -0.240720436
vn 0.016669618 0.984595776 -0.174049541
vn -0.0574714988 0.89542979 -0.441477478
vn -0.17283532 0.951863587 -0.253147602
vn -0.241782933 0.943285108 -0.227495521
vn -0.267298043 0.956736445 -0.114922866
vn -0.232765436 0.967789948 -0.0959315971
vn -0.264471948 0.961923182 -0.068981111
vn -0.279665083 0.958821714 0.049481649
vn -0.276641995 0.923793018 0.264718264
vn 0.0140317595 0.97467798 0.223172471
vn 0.030058261 0.973051548 0.228620455
vn 0.0916947797 0.916953087 -0.388315856
vn -0.282085776 0.834546208 -0.473244339
vn -0.192029536 0.954746664 -0.227120146
vn -0.331800312 0.875521839 -0.351240456
vn -0.366815537 0.898778141 -0.240092203
vn -0.407374144 0.891522586 -0.19807525
vn -0.204014599 0.928777516 0.309435546
vn -0.14602609 0.892154515 0.427477032
vn -0.105900437 0.886053383 0.451325387
vn -0.0394162275 0.911753058 0.40884307
vn 0.134345204 0.891973972 0.431664079
vn 0.120511167 0.939610481 0.320326507
vn -0.00799832214 0.987348497 -0.158363789
vn -0.170040771 0.832921028 -0.52662015
vn -0.531377137 0.839064837 -0.116655558
vn -0.385539681 0.920843661 -0.0583615601
vn -0.456766665 0.876537919 0.151807368
vn 0.0702862814 0.899266601 0.431716889
vn 0.0187797677 0.944612384 0.327650309
vn 0.0211574305 0.943353474 -0.331113994
vn 0.22446087 0.744620144 -0.628615975
vn 0.156396553 0.86809963 -0.471108317
vn 0.0685378611 0.756581724 -0.650297403
vn -0.0284262579 0.833791196 -0.551347494
vn -0.489571303 0.868883848 0.0732175112
vn -0.409357339 0.891954422 0.191947639
vn -0.399703234 0.868746996 0.292431295
vn -0.406732917 0.830110967 0.38142392
vn -0.303742081 0.785420001 0.539310873
vn -0.0636570752 0.812143803 0.579974294
vn 0.0983965024 0.77906996 0.619167209
vn 0.195250392 0.793311894 0.576657116
vn 0.18208769 0.805963278 0.563264728
vn -0.0955452174 0.748395622 -0.656334639
vn -0.188017517 0.65972203 -0.727609873
vn -0.326264292 0.720128298 -0.612345517
vn -0.529813826 0.72235781 -0.444405913
vn -0.611806333 0.754623771 -0.237141341
vn -0.606262684 0.789143384 -0.0984803364
vn -0.671719193 0.738772273 0.0548531674
vn -0.576197326 0.783240139 0.233520135
vn -0.503748119 0.810498297 0.29888165
vn -0.493218869 0.68398267 0.537496865
vn -0.405907333 0.707615197 0.578376949
vn -0.151419848 0.781865299 0.604779899
vn -0.009189073 0.74821043 0.663397849
vn 0.0521351919 0.728076637 0.683510363
vn 0.183377638 0.778728426 0.599962354
vn 0.068042174 0.819404602 -0.569162846
vn 0.224328101 0.663994193 -0.713294387
vn -0.39764151 0.730201483 -0.555595994
vn -0.475516528 0.720310271 -0.505012035
vn -0.817087948 0.565643191 -0.111423105
vn -0.73660332 0.641231418 0.215029553
vn -0.681503117 0.65393424 0.32851699
vn -0.642064333 0.630017102 0.436843038
vn 0.119979717 0.510330379 -0.851567924
vn 0.132372394 0.707948029 -0.693748653
vn -0.00155264232 0.707010686 -0.707201064
vn -0.0445921719 0.667312264 -0.743441999
vn -0.116593391 0.576295614 -0.808881462
vn -0.646113038 0.627083659 -0.43509084
vn -0.828639567 0.519401491 -0.208754808
vn -0.760579586 0.569118738 0.312446117
vn -0.669771552 0.544445872 0.50496012
vn -0.597221017 0.52048552 0.610263705
vn -0.480783045 0.562103391 0.672969162
vn -0.358238459 0.676162958 0.64379257
vn -0.160636112 0.619991004 0.767989039
vn 0.210456505 0.606556296 0.766679525
vn 0.25660789 0.570519745 0.780166388
vn 0.215352625 0.683210492 0.697743952
vn 0.105577722 0.660005927 -0.743804753
vn 0.286655486 0.450198323 -0.845665574
vn -0.290479034 0.618418813 -0.730191886
vn -0.599621594 0.578965008 -0.552497506
vn -0.786419213 0.574588418 -0.226700082
vn -0.82841152 0.554024041 0.0824113935
vn -0.809890509 0.422021747 0.407400221
vn -0.340463609 0.591484308 0.730910957
vn -0.250110865 0.629411876 0.735720813
vn 0.00879965536 0.522923946 0.852333963
vn 0.259499907 0.493078589 0.830381393
vn 0.232709974 0.401237428 0.885920167
vn 0.20097129 0.576078594 -0.792302907
vn 0.0634673685 0.50102365 -0.863103271
vn -0.263857663 0.474484384 -0.8397879
vn -0.390987873 0.375435174 -0.840343416
vn -0.56049943 0.538622856 -0.629067421
vn -0.752285421 0.573303282 -0.324638367
vn -0.937715471 0.340053856 0.0710847899
vn -0.777574003 0.614637792 0.132661298
vn -0.852259457 0.434506238 0.29130441
vn -0.759835243 0.480749995 0.437641382
vn -0.315260828 0.456520647 0.831985295
vn -0.249412477 0.436531454 0.864426851
vn -0.131742895 0.450372636 0.883067489
vn 0.129795268 0.344171315 -0.929892063
vn 0.296830863 0.279535294 -0.913099945
vn 0.228961214 0.287775218 -0.929925919
vn -0.709189296 0.24177967 -0.662263691
vn -0.686957061 0.397267222 -0.608497024
vn -0.833865345 0.350422472 -0.426465422
vn -0.935456932 0.305987388 0.17689541
vn -0.715147138 0.271724254 0.643995643
vn -0.640110016 0.321457982 0.697799385
vn -0.570690632 0.465286791 0.676624298
vn -0.440575659 0.406379521 0.800467849
vn -0.0485454164 0.345736176 0.937075138
vn 0.102461658 0.330753148 0.938138485
vn 0.0978767946 0.36374253 0.926343083
vn 0.25529176 0.288746655 -0.922741234
vn 0.0830853283 0.259697974 -0.962109029
vn -0.273949474 0.291492254 -0.91650641
vn -0.440186739 0.308657855 -0.843187869
vn -0.551204622 0.367544919 -0.749055564
vn -0.902339458 0.286511928 -0.32201618
vn -0.927645385 0.315121263 -0.200431138
vn -0.939658761 0.334878176 -0.069985576
vn -0.851908982 0.193456039 0.486647516
vn -0.821120143 0.19755657 0.535474777
vn -0.449307948 0.17809397 0.875445545
vn 0.243587986 0.155975267 0.957254648
vn 0.313263148 0.171030134 -0.934138596
vn 0.00470760232 0.0858215392 -0.996299386
vn -0.0154887522 0.301662803 -0.953288794
vn -0.634639025 0.116363496 -0.763997853
vn -0.815466464 0.195310578 -0.544856191
vn -0.897219956 0.176972717 -0.404570043
vn -0.948217273 0.161075264 -0.273749441
vn -0.993229687 0.0905211642 0.07280498
vn -0.774224997 0.141519636 0.616885662
vn -0.278574049 0.141314268 0.949961483
vn 0.00280540297 0.274308622 0.961637616
vn 0.164496973 0.160192147 0.973282754
vn 0.17969577 0.982955813 0.0388239287
vn -0.113342181 0.99042207 -0.0788522735
vn -0.0614620335 0.996120572 -0.062977314
vn 0.141426072 0.988415718 -0.0550717451
vn 0.0635592118 0.996349514 -0.0569902249
vn -0.00346109271 0.994912982 -0.100678675
vn 0.0104076378 0.9967466 0.0799234882
vn 0.966679275 0.124121591 -0.223885834
vn 0.842629075 0.138129011 -0.520477355
vn 0.787945271 0.109509371 -0.605928838
vn 0.682874084 0.205706194 -0.700976312
vn 0.570537269 0.242767856 -0.784570575
vn 0.486132026 0.133300364 -0.863658905
vn 0.0224876702 0.155416325 -0.987592995
vn -0.34155798 0.162128448 0.925771236
vn -0.261616468 0.177411973 0.948726416
vn -0.100498207 0.0900460109 0.990854144
vn 0.0502716415 0.0589111149 0.996996641
vn 0.208110824 -0.00989188999 0.978055179
vn 0.292243391 0.0747316182 0.953419745
vn 0.633773327 0.138908118 0.760944068
vn 0.833187759 0.145238414 0.533576608
vn 0.98251766 0.0961808264 0.159399584
vn 0.137034878 -0.0513950698 0.989232063
vn -0.779516697 0.130577043 -0.612619996
vn -0.00885250513 0.0889923573 0.995993018
vn 0.881658733 0.115998171 -0.45740816
vn 0.583422005 0.111786492 0.804439306
vn 0.771101415 0.10143993 0.628579736
vn 0.987948596 0.0615559742 0.142015785
vn 0.678648949 0.377506107 -0.630019546
vn -0.960110724 0.164640471 -0.226010948
vn -0.126446858 0.309836805 0.942344069
vn 0.375141799 0.185600534 0.908196568
vn 0.933686316 0.344283402 -0.0984815732
vn 0.590701461 0.198864758 -0.782000303
vn -0.0146821309 0.0807644203 -0.996625066
vn -0.507794082 0.165087476 -0.84551245
vn -0.802249074 0.462434947 -0.37755844
vn -0.968886912 0.243785575 0.0427423082
vn -0.943917572 0.15316835 0.292504847
vn -0.519145727 0.270359665 0.810797989
vn 0.0451107956 0.394524246 0.917777538
vn 0.314428121 0.561580062 0.765351415
vn 0.566746354 0.434223562 0.700177431
vn 0.776365638 0.463270724 0.427360177
vn -0.823658645 0.560959101 0.0831335932
vn -0.849697471 0.33507818 0.407107919
vn -0.662111998 0.720092654 -0.207543448
vn 0.610561907 0.694824338 0.380043924
vn 0.698598385 0.656297326 0.285015821
vn 0.59994328 0.531787932 -0.597720206
vn 0.341730237 0.516342163 -0.785245895
vn -0.431377143 0.523481309 -0.734765947
vn -0.590572119 0.458179206 -0.664301395
vn -0.602246165 0.651657641 -0.461131036
vn -0.0350528285 0.788544893 0.613977373
vn 0.545510113 0.651019871 0.527817905
vn 0.737624764 0.674763918 0.0245647132
vn 0.818768859 0.564207017 -0.106244855
vn 0.726926923 0.520297766 -0.448182434
vn 0.408938289 0.724084437 -0.555401862
vn 0.00757416617 0.58762008 -0.809101522
vn -0.178394035 0.632179797 -0.754005432
vn -0.161445037 0.382357806 -0.909801006
vn -0.639088094 0.765625417 0.0733764023
vn -0.683699727 0.638592958 0.353204906
vn -0.452881366 0.80729717 0.378377855
vn 0.254243612 0.772466898 0.58194083
vn 0.438784599 0.614046454 0.656060219
vn 0.333387882 0.8144418 0.474907428
vn 0.584657967 0.646897376 -0.489590466
vn -0.505467176 0.640039921 -0.578663826
vn -0.408931971 0.798414171 -0.44193837
vn -0.34990114 0.769331694 0.534507275
vn -0.208980441 0.681810856 0.70104295
vn 0.00933427922 0.714014649 -0.700068533
vn -0.272523969 0.786146343 -0.554711401
vn -0.349101752 0.854564488 0.384509295
vn 0.245365471 0.867734313 0.432242006
vn 0.574641049 0.814373195 0.081141606
vn -0.0885153785 0.870272696 -0.484551787
vn -0.578670263 0.812864006 -0.0662785619
vn -0.441703826 0.872591496 0.208523124
vn -0.258151621 0.955515027 0.142648846
vn -0.21065186 0.871524513 0.442798734
vn -0.118885644 0.901904821 0.415251762
vn -0.00928458106 0.901541114 0.432593852
vn 0.491747916 0.850587785 0.186237603
vn 0.422592759 0.90103811 0.0977020562
vn 0.601087332 0.796809196 -0.0615554601
vn 0.500300527 0.849471629 -0.167622879
vn 0.094963342 0.928407371 -0.359223723
vn 0.0135195684 0.882212579 -0.47065717
vn -0.0254005603 0.902494729 -0.429951251
vn -0.40668267 0.900591016 -0.153444082
vn -0.326464504 0.925868511 0.190232515
vn 0.141960308 0.953773737 0.264882743
vn 0.242726579 0.930699289 0.27364707
vn 0.267672271 0.956324637 0.117451102
vn 0.358490527 0.929924667 -0.0820040032
vn 0.2528207 0.912066758 -0.322824985
vn 0.212619931 0.874706566 -0.435524017
vn -0.0072093294 0.967348278 -0.253348321
vn -0.19249709 0.906181514 -0.376536936
vn -0.292417467 0.89420861 -0.338944018
vn -0.28183496 0.95798558 -0.0532226712
vn -0.357950389 0.933280349 -0.0293131154
vn -0.493926853 0.869490385 -0.0028431497
vn -0.253224432 0.935997486 0.244512111
vn -0.185129017 0.935494125 0.300961673
vn -0.0441240445 0.982398808 0.181509644
vn -0.0181152895 0.973983169 0.225895166
vn 0.0223692022 0.967440903 0.252106547
vn 0.42728284 0.903424025 0.035417147
vn 0.308725983 0.926415026 -0.215507284
vn 0.232836679 0.946113229 -0.225070551
vn 0.164544001 0.967897534 -0.189999416
vn 0.0374626778 0.983766139 -0.175501123
vn -0.0373111255 0.973502278 -0.225613043
vn -0.270882428 0.931512237 -0.2427091
vn -0.25106442 0.966607332 -0.0513505973
vn -0.0949855372 0.992943823 0.0709943399
vn -0.0954847038 0.993339777 0.0644882396
vn 0.12056528 0.97583127 0.18225573
vn 0.052726943 0.994192719 0.0938118696
vn 0.118867956 0.990577579 -0.0680188909
vn 0.131152704 0.975378156 -0.177303687
vn -0.0943943486 0.981677771 -0.165524885
vn -0.0596421286 0.989030659 -0.135133505
vn -0.102854453 0.992938936 0.0591046959
vn -0.0402985699 0.998150826 0.0455080308
vn -0.0280602053 0.996388555 -0.0801404342
vn -0.0406351574 0.989949882 -0.135454386
vn 0.198586836 0.96828711 0.151602894
vn 0.126150563 0.990790009 -0.0492053442
vn -0.00297140772 0.999942422 -0.0103132939
vn -0.0681977868 0.986634135 -0.147993729
vn -0.0972902551 0.995250225 0.00342648989
vn -0.018294191 0.997714639 0.0650448427
vn 0.0546515137 0.997013628 -0.0545632094
vn 0.0743845329 0.972029865 -0.222766519
vn 7.33289635e-05 0.999846518 -0.0175195374
vn -0.0150686875 0.995468795 0.0938864574
vn 0.174436182 0.978560388 0.109505653
vn 0.0244808476 0.999628127 0.0120122368
vn -0.0216685552 0.998695672 0.046231553
vn -0.0117151299 0.999177516 -0.0388205834
vn 0.0560448989 0.998421371 0.00370894885
vn -0.0746309459 0.996112525 -0.0467972644
vn -0.0498711169 0.998754323 0.00166606635
vn 0.0414982624 0.998907864 0.0214707088
vn 0.00985676702 0.999513149 0.0296047293
vn 0.183303177 0.982062995 -0.0441862978
vn 0.0757926926 0.997015774 0.0146668283
vn 0.0562463552 0.998365104 -0.0101764593
vn -9.68579043e-05 0.999872088 -0.0159924403
vn 0.0268727839 0.992421389 -0.119906664
vn 0.00907929335 0.999272704 -0.037033122
vn 0.043121893 0.999043226 -0.00728781009
vn 0.0591669939 0.997777462 0.0306480378
vn 0.0719694421 0.989495575 0.125374496
vn 0.348592967 0.928106725 -0.130770877
vn 0.246391058 0.963623226 -0.103545405
vn 0.0847020075 0.992351353 -0.0898022801
vn 0.0302950814 0.966440141 -0.255099207
vn -0.0238817036 0.980865359 -0.193217322
vn 0.0218777377 0.997077286 -0.0732007548
vn 0.0452120565 0.998169243 0.0401744805
vn -0.0857697651 0.962870896 0.255975306
vn 0.0545140542 0.987078726 0.150677964
vn 0.270015687 0.950438857 -0.154134795
vn 0.152086005 0.97753346 -0.14593935
vn 0.166027755 0.955614448 -0.243384421
vn 0.124286398 0.849779427 -0.512277007
vn 0.0515493341 0.933693767 -0.354342371
vn 0.00850925967 0.977781832 -0.209452584
vn -0.0210314933 0.97994715 0.198144734
vn 0.0141938804 0.994374275 0.104968756
vn -0.0554893129 0.974711299 0.216468871
vn -0.0213041604 0.980185568 0.196932629
vn 0.176631331 0.945830643 0.272407591
vn 0.269027084 0.921208024 0.281069815
vn 0.334939867 0.941470563 -0.0380596146
vn 0.295801371 0.909852326 -0.290981591
vn 0.145761386 0.916234374 -0.373186529
vn -0.0729862228 0.944487512 -0.320337862
vn -0.0976812914 0.955121875 -0.279643476
vn 0.00421940489 0.9886778 0.149994567
vn -0.0851218924 0.969506443 0.229807645
vn -0.0664301217 0.958032727 0.278855503
vn -0.0114084901 0.889719248 0.456365615
vn 0.21653606 0.970531344 0.105740502
vn 0.510506392 0.853427887 -0.105090477
vn 0.400529593 0.874872029 -0.272350669
vn 0.319884866 0.866474092 -0.383270502
vn 0.27358979 0.747924089 -0.604779541
vn -0.0316939577 0.925569057 -0.377249599
vn -0.124660768 0.891184747 -0.436176032
vn -0.0478130504 0.920773029 0.3871575
vn -0.130321577 0.90155977 0.412560523
vn -0.162365332 0.891747713 0.422402233
vn 0.0158882812 0.932875693 0.359848201
vn 0.0912922695 0.950917661 0.295670837
vn 0.315705419 0.856347322 0.408655822
vn 0.564432919 0.817017376 0.117890157
vn 0.326799631 0.943579197 0.0534810089
vn 0.591941059 0.80188483 -0.0811578184
vn 0.398512751 0.900057077 -0.176308528
vn 0.316770077 0.822348535 -0.472651601
vn 0.030834768 0.793463826 -0.607835829
vn -0.107167788 0.791980445 -0.601067543
vn -0.131854326 0.860894799 -0.49140054
vn -0.0709212273 0.896288276 -0.437764287
vn -0.19319877 0.778723121 0.596879065
vn -0.230981886 0.765473187 0.600581467
vn -0.15333654 0.856613338 0.492647558
vn -0.0935072675 0.842411637 0.53065908
vn 0.150596499 0.850315452 0.504266083
vn 0.392064422 0.880078375 0.267857462
vn 0.591476679 0.772001445 -0.232742473
vn 0.558935583 0.774783015 -0.295469403
vn 0.40787524 0.75588423 -0.512129605
vn 0.0439956114 0.595355034 -0.80225724
vn -0.133843809 0.842106938 0.522438169
vn -0.00685975933 0.792851448 0.609376252
vn 0.198730439 0.668278217 0.716875494
vn 0.264045179 0.792188823 0.550197303
vn 0.365948558 0.845792055 0.38822338
vn 0.465022922 0.799086332 0.381070584
vn 0.554626763 0.757932961 0.343404621
vn 0.595388889 0.750368536 0.287156969
vn 0.681842685 0.730755866 -0.0329601057
vn 0.755248845 0.631908 -0.1740444
vn 0.64964515 0.699132979 -0.298620313
vn 0.516282678 0.736454487 -0.437134951
vn 0.406016827 0.678041518 -0.612707078
vn 0.176249444 0.709106743 -0.68271786
vn 0.0710414723 0.749715865 -0.65793556
vn -0.166365474 0.702624321 -0.691839337
vn -0.183302477 0.756085873 -0.628278852
vn -0.163857937 0.809359372 -0.563992858
vn -0.0867667198 0.626703978 0.774411798
vn 0.00811944436 0.626996696 0.778979599
vn 0.0910601467 0.643332064 0.760152578
vn 0.127128363 0.722472548 0.679611504
vn 0.405709088 0.685563207 0.604485989
vn 0.567089617 0.663632035 0.487854302
vn 0.606312454 0.791383803 0.0780827403
vn 0.81030196 0.584960043 -0.0351074859
vn 0.55220598 0.628520966 -0.547749817
vn 0.50528425 0.627166033 -0.592748404
vn 0.37006256 0.591600835 -0.716283619
vn -0.100936927 0.634888589 -0.765981853
vn -0.177801594 0.696269333 -0.69541049
vn -0.206318393 0.701825678 -0.68181628
vn -0.0907145962 0.70354116 -0.704841077
vn 0.2974886 0.410030633 0.862192273
vn 0.281780481 0.62048769 0.731843472
vn 0.423682898 0.703693748 0.5703578
vn 0.628423631 0.644914448 0.434935749
vn 0.695500672 0.672236025 0.253727108
vn 0.73385483 0.654913247 0.18040444
vn 0.93211478 0.360699236 0.0325279795
vn 0.82556349 0.554013312 -0.107304618
vn 0.833677649 0.505620182 -0.222102985
vn 0.799340546 0.453828901 -0.39381969
vn 0.639523745 0.544498861 -0.542706549
vn 0.377606124 0.427169502 -0.821547329
vn 0.209149763 0.475202411 -0.854657233
vn -0.131883562 0.485079646 -0.86446774
vn -0.263234079 0.617511809 0.741206348
vn -0.181636542 0.563130021 0.806159317
vn 0.758555353 0.500110686 0.417711705
vn 0.746209919 0.576479495 0.332929671
vn 0.842182815 0.509883881 0.175347179
vn 0.80569911 0.581201673 0.114252225
vn 0.0406063162 0.343145639 -0.938404024
vn -0.192974582 0.493130654 -0.848282397
vn -0.246902585 0.316659361 -0.915841579
vn -0.287790269 0.569665492 0.769842923
vn -0.142340705 0.457961679 0.877502322
vn 0.0928405896 0.448497087 0.888949394
vn 0.356826663 0.470256776 0.807176173
vn 0.521494091 0.462518424 0.717022061
vn 0.656255603 0.499638855 0.565410972
vn 0.854138672 0.368221313 0.367232919
vn 0.936955392 0.30016011 -0.178937241
vn 0.885006368 0.31955564 -0.338596851
vn 0.802959442 0.337197959 -0.491481096
vn 0.479861796 0.418070108 -0.771330059
vn -0.319964826 0.207132161 -0.924510062
vn -0.1106297 0.50730443 -0.854636312
vn -0.323301733 0.395932198 0.859484553
vn 0.170997441 0.484463096 0.8579368
vn 0.624260426 0.32662788 0.709657013
vn 0.871880889 0.205228135 0.444640517
vn 0.847564638 0.458443671 0.267326862
vn 0.920662165 0.372863054 0.115560837
vn 0.922333479 0.368167192 -0.11727652
vn 0.979450464 0.179928884 -0.0911175907
vn 0.781053424 0.291126996 -0.552449584
vn 0.287448883 0.325401425 -0.900825799
vn -0.212053224 0.276048779 -0.937459588
vn -0.263868004 0.347372293 0.899836659
vn -0.0940451995 0.306382209 0.947251558
vn 0.175603837 0.243391752 0.953899145
vn 0.576830924 0.2613841 0.773915112
vn 0.674373627 0.311414629 0.669508159
vn 0.76514405 0.189375907 0.615378916
vn 0.995768726 0.0701101199 -0.0594071075
vn 0.921851337 0.132537603 -0.364175826
vn 0.534326017 0.237907201 -0.811107874
vn 0.350118876 0.135552824 -0.926845253
vn 0.101055622 0.170468137 -0.980167568
vn -0.22829251 0.0734595507 -0.970817327
vn -0.260688603 0.0915981531 0.961067677
vn -0.361283332 0.233790785 0.902671695
vn -0.0177633446 0.192798644 0.981077552
vn 0.478336513 0.234686896 0.846236527
vn 0.944314241 0.125969127 0.303977489
vn 0.925882578 0.30164665 0.227488026
vn 0.986794412 0.115185417 0.113881856
vn 0.171785772 0.985093534 -0.00896445569
vn 0.0866069719 0.990983188 0.102232657
vn 0.881890893 0.34850055 0.317515016
vn 0.231959566 0.424848706 0.875041842
vn -0.106226295 0.223123968 -0.968984842
vn -0.344348252 0.936046183 0.0723990276
vn -0.514880657 0.505996048 0.692001343
vn 0.30970493 0.947574317 0.078650102
vn 0.298011899 0.814082921 0.498455524
vn 0.0351160988 0.999369383 0.00528059015
vn -0.509300888 0.736728728 0.444795936
vn 0.13023743 0.986540675 0.0988730043
vn -0.105515525 0.99396801 0.0299043916
vn -0.0384051651 0.998251855 0.0449269265
vn 0.598609984 0.431672752 -0.674777687
vn -0.287719727 0.922777116 0.256319582
vn 0.135158867 0.346356809 -0.928315103
vn -0.181076989 0.589332938 -0.787335813
vn 0.274274349 0.954107761 -0.120216437
vn -0.00769787328 0.482030213 -0.876120687
vn -0.244963825 0.882162452 0.402221471
vn -0.153473616 0.860919118 -0.485040367
vn 0.262964219 -0.0675421804 -0.962438524
vn 0.245222941 -0.029480299 -0.9690184
vn 0.29122138 -0.0233501755 -0.956370711
vn 0.200654849 -0.00815506931 -0.979628086
vn -0.13332741 -0.0227224287 -0.990811586
vn -0.210905939 -0.00608871272 -0.977487385
vn -0.27524069 0.0162366629 -0.961238325
vn -0.509001434 -0.019497253 -0.86054486
vn -0.677990437 -0.0343926996 -0.734265625
vn -0.740377307 0.0769063309 -0.667777479
vn -0.767544389 0.0364274904 -0.639959931
vn -0.807270229 -0.0161380004 -0.58996135
vn -0.791246414 -0.0508836918 -0.609376788
vn -0.870004594 0.0918136761 -0.484419584
vn -0.918826759 0.0180383641 -0.394248605
vn -0.941940665 -0.0381802283 -0.333601415
vn -0.962745786 -0.0262838118 -0.269127607
vn -0.97148329 0.0349879973 -0.234512478
vn -0.995235741 0.0160983335 0.0961600095
vn -0.997774065 -0.0610191822 0.0268990323
vn -0.986360729 -0.0179305058 0.163618878
vn -0.965169787 0.0392075926 0.258669615
vn -0.903512776 0.000820985471 0.428560287
vn -0.881316721 0.0321395732 0.471431673
vn -0.782166898 -0.0869295448 0.61697495
vn -0.730103254 -0.0592108034 0.680766702
vn -0.817458391 0.0110745253 0.575881064
vn -0.676029205 -0.02116598 0.736570776
vn -0.273915797 0.00499675609 0.961740673
vn -0.20899561 -0.109417252 0.971776068
vn -0.103662312 -0.139166713 0.984828234
vn -0.138155088 -0.0510020293 0.989096522
vn -0.0186045133 -0.0492752045 0.998611987
vn 0.0336897001 -0.0525208265 0.998051465
vn 0.0855536312 0.0249893274 0.996020138
vn 0.180151343 0.0447839014 0.982618928
vn 0.235871091 -0.0239939615 0.971488118
vn 0.167140722 -0.0835878924 0.982383311
vn 0.27953276 0.0477909297 0.958946049
vn 0.338434845 0.00388879166 0.940981805
vn 0.336277157 0.107888877 0.93556273
vn 0.295208842 0.0161601938 0.955296099
vn 0.0133693721 -0.0341644585 -0.999326825
vn 0.163999408 -0.0241378359 -0.986165106
vn 0.0504294559 0.0392206162 -0.99795723
vn -0.990764141 0.0385300219 -0.130007267
vn -0.990021646 0.0351161584 -0.136469841
vn -0.995018125 -0.089523755 -0.0438668579
vn -0.938331962 -0.128716454 0.320881873
vn -0.854874909 0.085856393 0.511681139
vn -0.616366148 -0.0665948689 0.784638762
vn -0.823572993 -0.246390834 0.510900199
vn -0.899882019 -0.013713426 0.435917467
vn -0.673156321 -0.100672416 0.732615709
vn 0.821906865 -0.0718314797 0.565074563
vn 0.778581142 -0.0182361901 0.627279043
vn -0.549368441 -0.0541729294 0.83382225
vn 0.371464819 0.010462896 0.928388119
vn 0.209345937 -0.00869447645 0.977802932
vn 0.560307741 0.00728389807 0.828252435
vn 0.921427786 -0.0141190654 0.388293058
vn 0.994919002 0.031907998 0.0954879671
vn 0.970057547 -0.00599662866 0.242801175
vn 0.950321019 -0.0512895882 -0.30701682
vn 0.8763448 -0.0288550965 -0.480819315
vn 0.751764059 0.011494481 -0.659331977
vn 0.620522141 0.0257108547 -0.783767283
vn 0.471307099 0.0281620845 -0.881519377
vn 0.29317227 0.054868333 -0.954483867
vn -0.608792782 0.0204853751 -0.793064773
vn -0.470635831 0.00934514031 -0.882278144
vn -0.6947667 -0.00229839073 -0.719231486
vn -0.787827969 -0.0598282591 -0.612982571
vn -0.997644424 -0.067449078 0.0124966558
vn -0.988138556 -0.0582450442 -0.142090887
vn -0.978577256 -0.0245651398 0.20440878
vn -0.375428408 -0.0555395558 0.925185859
vn -0.156259134 -0.0379775241 0.986985683
vn 0.0399090908 -0.0382619314 0.998470545
vn 0.686420321 -0.00804688036 0.727160573
vn 0.976685107 -0.0383986644 -0.211215064
vn 0.113840848 0.0441812389 -0.99251616
vn -0.280751288 0.00894156285 -0.95973891
vn -0.0845187753 0.0195198394 -0.996230721
vn -0.890973508 0.00297809648 -0.454045624
vn -0.956763029 0.0334558673 -0.288937837
vn 0.996793091 0.0443407409 -0.066614069
vn 0.0781001225 0.0640360713 -0.994886816
vn 0.311206043 0.101824902 -0.944871724
vn -0.351107866 0.0805352703 -0.932865143
vn -0.511838257 0.0391275883 0.858190358
vn -0.34391278 0.106260836 0.932969809
vn 0.206691518 -0.0084508108 0.978369653
vn 0.310083389 0.000858693791 -0.950709045
vn -0.39113757 -0.0101485969 -0.920276284
vn -0.43575713 0.0904940814 -0.895503521
vn -0.606295705 -0.0717143416 -0.791998982
vn -0.828697264 0.0277046841 -0.559010923
vn -0.447408855 -0.00620026886 0.894308031
vn 0.303509861 0.0931964144 0.948259473
vn 0.0911548957 0.00840043556 0.99580127
vn -0.0387279503 -0.0191432647 0.999066412
vn 0.998472333 -0.00123033614 -0.0552399531
vn 0.990873873 0.0331957676 -0.130641505
vn 0.973532438 -0.0615141504 -0.220115393
vn 0.963831902 0.019111 -0.265825152
vn 0.896829724 0.0365691371 -0.440861762
vn 0.846835494 -0.0332026929 -0.530817449
vn 0.864145935 0.00116303388 -0.50323987
vn 0.829070091 -0.0343059637 -0.558091164
vn 0.655175805 0.101803683 -0.748585761
vn 0.717441797 0.0542420112 -0.694503546
vn 0.621093094 0.162487224 -0.766708016
vn 0.57222712 0.0440948494 -0.818908811
vn 0.546025455 0.0473053455 -0.83643198
vn 0.437223971 0.0347794741 -0.898679972
vn 0.295347512 -0.0240376797 -0.955087483
vn 0.117044695 -0.0186255835 -0.992951989
vn 0.0570313372 0.000436894072 -0.998372316
vn -0.0891697109 0.0517946891 -0.994668782
vn -0.291296244 -0.0407467745 -0.955764651
vn -0.185949951 -0.0617792718 -0.980615139
vn -0.318168581 -0.0288694669 -0.947594523
vn -0.318413913 -0.0885203555 -0.943809748
vn -0.234238282 -0.0136242425 -0.972083807
vn -0.16708675 -0.0948782489 -0.981366456
vn -0.218784094 -0.088839978 0.971720636
vn -0.366892636 0.0729751065 0.927396595
vn -0.342471629 -0.0670489222 0.937132657
vn -0.292881548 0.022675002 0.955879748
vn -0.241998971 -0.116557851 0.96325016
vn -0.203494132 0.0605723523 0.977200568
vn -0.0275333114 -0.0110754305 0.999559522
vn -0.144917503 -0.0252702925 0.98912096
vn 0.281145841 -0.127001435 0.951224327
vn 0.230064154 -0.0434984937 0.972202837
vn 0.534152448 0.0400553681 0.844438732
vn 0.619816959 0.0623129904 0.782268524
vn 0.666287899 -0.0321497433 0.745001137
vn 0.722852826 0.0121536562 0.69089514
vn 0.862643957 0.0406780988 0.504173458
vn 0.819508016 -0.042623993 0.571480393
vn 0.892972171 0.0482031107 0.447523385
vn 0.909499347 0.0667276457 0.410315067
vn 0.968607187 0.053594768 0.242750406
vn 0.954586983 0.136995077 0.264567733
vn 0.99971962 -0.0232697148 0.00438448694
vn 0.995234072 -0.0895289034 -0.0386508405
vn 0.773231506 0.0118698524 -0.634012759
vn 0.45300594 0.0630633831 0.889274299
vn 0.937898159 0.0198624451 0.346341759
vn 0.981408298 -0.0835632458 0.172785595
vn 0.794552863 0.00181668368 -0.607192218
vn 0.88805896 -0.043493133 -0.457667798
vn -0.24099122 -0.0469182283 -0.969392598
vn -0.373445332 -0.00954956096 -0.927603066
vn -0.656358182 -0.0264603421 -0.753985286
vn -0.77092123 -0.021506317 -0.636567295
vn -0.854229927 0.011075207 0.519777417
vn -0.760478079 0.00150524499 0.64936173
vn -0.129478067 0.00212346017 0.99157989
vn -0.297006696 0.0103032487 0.954819858
vn -0.0496400855 -0.042835582 0.997848094
vn 0.168349296 -0.0469828583 0.9846071
vn 0.299578518 0.00799162965 0.954038203
vn 0.370195776 0.167679057 0.913695157
vn 0.632899404 0.0393881425 0.773231387
vn 0.549853086 0.0667953938 0.832586408
vn 0.946537554 -0.0240112245 0.321698964
vn 0.9868716 -0.0819867179 0.139150232
vn 0.935983777 0.026981486 -0.35100767
vn 0.65109843 0.0468122177 -0.757548273
vn 0.459026873 0.0508433506 -0.886966407
vn -0.102922969 -0.0683366507 -0.992339134
vn -0.533583164 -0.0170447771 -0.845575809
vn -0.876282871 -0.0159517173 -0.481532842
vn -0.951569319 0.0226452034 0.30659917
vn -0.973348022 0.0197553709 0.22848022
vn -0.615134239 0.00282513909 0.78841722
vn -0.465284735 -0.000370796857 0.885160983
vn 0.752217472 0.0405947976 0.657663226
vn 0.868636549 -0.00495544542 0.495425105
vn 0.998926282 0.0393434837 -0.0244643819
vn 0.162020013 0.00830809772 -0.98675251
vn 0.0618079193 -0.0876184553 -0.994234681
vn -0.950777233 0.0389022231 -0.307423681
vn -0.999982655 0.00499340519 -0.0031123939
vn 0.9786762 0.168271974 -0.117802501
vn 0.285147846 0.0551458523 -0.956895828
vn -0.991559505 0.0463317074 -0.121091381
vn -0.337325007 0.0211915877 -0.941149712
vn 0.765927911 0.035454344 0.641948164
vn 0.961332381 -0.00765955169 0.27528429
vn -0.0732502118 0.0570874959 -0.995678306
vn 0.781435847 0.0181594323 0.623721242
vn 0.992712021 -0.00314149819 0.120470397
vn -0.149019405 0.0240851417 0.988540888
vn -0.444802016 -0.108471587 -0.889036
vn -0.625657439 -0.143424854 -0.766799986
vn -0.7323488 -0.0687235594 -0.677452922
vn -0.817842185 -0.15342626 -0.55461216
vn -0.876802385 -0.0788521171 -0.474341393
vn -0.332774609 -0.0723398626 0.940227628
vn 0.295783579 -0.117910512 0.947950006
vn 0.241812482 -0.171771958 0.954998016
vn 0.315677762 -0.128653258 -0.940104187
vn 0.16594395 -0.155494198 -0.973798811
vn -0.195679128 -0.182151049 -0.96360296
vn -0.259446144 -0.172622025 -0.950204849
vn -0.392346531 -0.197082013 -0.898455858
vn -0.862746358 -0.254643649 -0.436835527
vn -0.980680645 -0.0342646539 -0.192591444
vn -0.980342984 -0.170605645 0.099103272
vn -0.890222728 -0.192894176 0.412668586
vn -0.824772 -0.0819271877 0.559499085
vn -0.474506229 -0.149156556 0.867523015
vn -0.42304042 -0.0806859881 0.902511299
vn -0.328403324 -0.278388977 0.902580082
vn -0.237082422 -0.242922187 0.940627813
vn 0.328303784 -0.215490043 0.91966331
vn 0.0805791095 -0.17022039 0.982105911
vn 0.256991267 -0.331346154 -0.907835424
vn -0.654862344 -0.222037271 -0.722395122
vn -0.783194244 -0.184404492 -0.59380275
vn -0.762774467 -0.37912038 -0.523872972
vn -0.943046093 -0.230276972 -0.240076214
vn -0.974298656 -0.112139635 0.195363447
vn -0.657799006 -0.140051931 0.740057945
vn -0.570002198 -0.259670019 0.779531181
vn -0.43888256 -0.35043925 0.827390134
vn 0.0106366724 -0.400188923 0.916370928
vn 0.313379377 -0.392327905 0.864796042
vn 0.228646815 -0.434900135 -0.870966434
vn 0.12426924 -0.469766468 -0.874000371
vn 0.074186787 -0.302519441 -0.950251698
vn -0.415115595 -0.359194785 -0.835857749
vn -0.528344452 -0.177301243 -0.83031106
vn -0.987707734 -0.12074855 -0.0992637426
vn -0.686574996 -0.328319192 0.648707509
vn -0.0402316302 -0.258791625 0.965094984
vn 0.100744523 -0.349233806 0.931604087
vn 0.208041057 -0.398907065 0.893080056
vn 0.280498534 -0.494287431 -0.822800457
vn -0.15262723 -0.355432659 -0.922156513
vn -0.692932367 -0.400634557 -0.599446952
vn -0.895809114 -0.434523612 -0.0933557451
vn -0.981861055 -0.142021373 0.125613287
vn -0.815250039 -0.572002828 0.0904449746
vn -0.833873034 -0.454536319 0.313133329
vn -0.190744251 -0.517880321 0.833916306
vn 0.313535482 -0.470771998 0.824663162
vn 0.16586265 -0.356096923 0.919611156
vn 0.250021994 -0.593597829 -0.764938295
vn 0.11599078 -0.672308981 -0.731127024
vn 0.109841682 -0.74168998 -0.661687851
vn -0.045556765 -0.415287405 -0.908548772
vn -0.405111969 -0.61597234 -0.675620019
vn -0.577330053 -0.447254121 -0.683120608
vn -0.618872166 -0.572975636 -0.537304461
vn -0.684500337 -0.588032961 -0.430902034
vn -0.736175001 -0.623531759 -0.263162583
vn -0.853790581 -0.516124487 0.0682432577
vn -0.800446332 -0.442720324 0.404084802
vn -0.264446139 -0.557970881 0.786598206
vn -0.189390138 -0.676984847 0.711212337
vn 0.161331668 -0.58667928 -0.793586493
vn 0.262900889 -0.660578847 -0.703220248
vn 0.236771077 -0.569634914 -0.787054956
vn -0.0380257145 -0.649594843 -0.759329021
vn -0.492288202 -0.700570762 -0.516578078
vn -0.552107513 -0.739401042 -0.385309309
vn -0.59476763 -0.73585546 -0.323679417
vn -0.745215893 -0.660980284 -0.0880800188
vn -0.750012815 -0.577990234 0.321571171
vn 0.278136879 -0.588668287 0.759018898
vn 0.277628839 -0.613380671 0.739382327
vn 0.203015611 -0.67644757 0.707957268
vn 0.0557649359 -0.809202552 0.584877372
vn 0.208477706 -0.811872244 -0.545344353
vn 0.263974428 -0.574884951 -0.774483621
vn 0.0319377743 -0.72628814 -0.686648071
vn -0.16195251 -0.629511416 -0.759925425
vn -0.187989503 -0.651948571 -0.734590471
vn -0.260898173 -0.699876368 -0.664909899
vn -0.355169177 -0.887616158 -0.293244511
vn -0.68713963 -0.723358214 0.0677648485
vn -0.650386989 -0.54799825 0.526017845
vn -0.485209495 -0.634227931 0.601935744
vn -0.0608515553 -0.772204697 0.632453144
vn 0.121354379 -0.856404841 -0.501840413
vn 0.169598803 -0.783108711 -0.598311722
vn 0.156355038 -0.757649779 -0.633656085
vn -0.142009631 -0.826014221 -0.545466602
vn -0.641453087 -0.759793758 -0.106072523
vn -0.43440181 -0.747097671 0.503130436
vn -0.2671839 -0.821627438 0.503528714
vn -0.0984347835 -0.839600265 0.534211516
vn -0.0214607958 -0.743757129 0.668105364
vn 0.183501348 -0.739171863 0.648037255
vn 0.0697493851 -0.891139388 -0.448336512
vn -0.058361955 -0.836525321 -0.544811249
vn -0.117221609 -0.799337983 -0.589336872
vn -0.467744797 -0.88132751 0.0669072047
vn -0.634706616 -0.750151157 0.1855281
vn -0.461048394 -0.796074271 0.392046064
vn -0.291690737 -0.851957679 0.434838712
vn -0.272805452 -0.675711811 0.684829056
vn -0.143428013 -0.853066921 0.501702309
vn -0.0383289792 -0.897290051 0.439774334
vn 0.0503479205 -0.805585504 0.590336502
vn 0.160702169 -0.90707469 0.389089048
vn -0.00267429696 -0.976277471 -0.21650669
vn 0.0853662789 -0.934080243 -0.346708268
vn 0.0972323045 -0.888060272 -0.449326903
vn 0.0855647177 -0.862071455 -0.499511153
vn -0.206610605 -0.854060948 -0.477380425
vn -0.259494931 -0.920755327 -0.291328162
vn -0.399283797 -0.886443257 -0.234074265
vn -0.503079474 -0.838562131 -0.209104225
vn -0.408480972 -0.900902867 -0.146687716
vn -0.535678625 -0.841685653 -0.0679230168
vn -0.364827812 -0.92377913 0.11633081
vn -0.384561121 -0.904234409 0.185668781
vn -0.451934308 -0.82958895 0.327929199
vn -0.231495574 -0.930178523 0.284917027
vn -0.206968471 -0.859187305 0.46793285
vn 0.142332762 -0.859003127 0.491787523
vn 0.121201575 -0.918030858 0.377530545
vn 0.010670512 -0.97409457 0.225889146
vn -0.0641751736 -0.867321551 0.493593782
vn 0.143519282 -0.914959967 -0.377161175
vn 0.148885027 -0.900802433 -0.407907128
vn -0.200066403 -0.922904193 -0.328969955
vn -0.374152601 -0.913755655 -0.158305049
vn -0.363701075 -0.93088007 -0.0344091505
vn -0.449414313 -0.889870286 0.0784704238
vn -0.273250014 -0.94639641 0.1722451
vn -0.269454807 -0.924386263 0.2700077
vn -0.0921604931 -0.973901689 0.207417309
vn 0.0837278813 -0.876567423 0.473939925
vn 0.168474883 -0.887621164 0.42865476
vn -0.00526436931 -0.991274416 0.13170971
vn -0.000968669076 -0.993557811 -0.113322407
vn 0.0581116043 -0.986273587 -0.154555768
vn -0.00866622198 -0.944112062 -0.32951057
vn -0.0818360746 -0.954288125 -0.287466705
vn -0.181577146 -0.965923607 -0.184449047
vn -0.204648346 -0.977961838 0.0413490869
vn -0.137164652 -0.981642663 0.132527098
vn -0.0163828731 -0.998442709 0.0533281416
vn -0.0752317756 -0.995558381 0.0566018671
vn 0.0609462336 -0.984708905 -0.163199022
vn 0.0467502773 -0.972294688 -0.229036018
vn 0.0642716736 -0.988329113 0.138111159
vn -0.0065409448 -0.990374506 -0.138259277
vn -0.183126345 -0.972671628 -0.142740041
vn -0.152452007 -0.988142371 0.0182511173
vn -0.134646356 -0.979204655 0.151751921
vn -0.0685429797 -0.94186002 0.328939825
vn 0.00440269941 -0.950706661 0.310060382
vn 0.0545546114 -0.982874036 0.176018283
vn -0.0242135692 -0.998686671 -0.0451519862
vn -0.0666359141 -0.996346533 0.0534144565
vn -0.0125004761 -0.999318004 0.0347457305
vn -0.0262985975 -0.999653637 -0.00101022003
vn -0.0273258146 -0.999586761 -0.00892715435
vn -0.0222397801 -0.999483824 -0.0231880154
vn -0.127578348 -0.988060653 0.086370863
vn -0.0277706515 -0.999467432 0.0171346683
vn -0.0465238094 -0.996123016 0.0746618137
vn 0.0625660196 -0.981294751 0.182060391
vn -0.184060827 -0.977351487 -0.104429804
vn -0.094252497 -0.995023131 -0.0323327743
vn -0.13350451 -0.990068555 0.0440562852
vn -0.0738131553 -0.997133374 0.0166316852
vn -0.0135838753 -0.999182343 -0.0380796455
vn 0.0185575839 -0.98978734 0.141338781
vn -0.0418080501 -0.998545349 -0.0340480059
vn 0.0203378387 -0.999786198 0.00372970128
vn 0.0638781637 -0.997845411 -0.01496871
vn 0.0208678059 -0.999670386 -0.0149506405
vn -0.0499670133 -0.995930552 0.0750038624
vn 0.0634492859 -0.995371282 -0.0721820891
vn -0.0135970311 -0.997697473 -0.0664439127
vn 0.011957082 -0.995299578 0.0961029753
vn -0.0175488498 -0.99732995 -0.0708870739
vn -0.149608895 -0.986267924 -0.0699473098
vn -0.0134978201 -0.999592602 -0.0251500122
vn -0.0165915899 -0.996007383 -0.0877153426
vn 0.0503703691 -0.99364382 0.100671366
vn 0.123044744 -0.984948039 0.121396773
vn 0.204497293 -0.977286398 0.0556068234
vn 0.0566201359 -0.997904181 -0.0313292406
vn -0.00669701118 -0.999541044 -0.0295458119
vn -0.108564071 -0.961979747 -0.250616968
vn -0.255962759 -0.956212878 -0.141915292
vn -0.261688739 -0.957697451 -0.119726963
vn -0.226620018 -0.964381635 0.136424154
vn -0.0848898292 -0.966084361 0.243874431
vn -0.0231275987 -0.983664989 0.178517118
vn -0.00917852111 -0.987567008 0.156930596
vn 0.146008596 -0.96414578 0.22159493
vn 0.191059843 -0.981343091 0.0214905944
vn 0.219538435 -0.97217977 -0.0816660151
vn 0.134748533 -0.956323028 -0.25940156
vn 0.0142819649 -0.986333072 -0.164143696
vn -0.140211269 -0.980590343 -0.137053013
vn -0.277663887 -0.958822548 0.0596823134
vn 0.234385103 -0.840441525 0.488591403
vn 0.170827657 -0.954004169 -0.246361464
vn 0.0917481035 -0.911954522 -0.399901599
vn -0.0433344953 -0.917912841 -0.394408822
vn -0.130032033 -0.880814314 -0.455255747
vn -0.29974249 -0.928307176 -0.220000133
vn -0.381075025 -0.923551083 0.0428386629
vn -0.34193942 -0.853680789 0.392818451
vn -0.108902611 -0.869979143 0.480912209
vn 0.381946266 -0.887227356 0.25873673
vn 0.363298148 -0.920092404 0.146439359
vn 0.447228849 -0.883993864 0.136166334
vn 0.438262224 -0.898799241 -0.00928717572
vn 0.306535065 -0.934675515 -0.18005009
vn 0.215635523 -0.89053905 -0.400551409
vn -0.012757184 -0.945349157 -0.325810373
vn -0.490292966 -0.865903378 0.0991168395
vn -0.320736438 -0.922175944 0.216147423
vn -0.0386533476 -0.904857814 0.423955381
vn 0.237398997 -0.897465646 0.371748686
vn 0.265800953 -0.929795384 0.254618376
vn 0.427754015 -0.855026782 -0.293182164
vn 0.29590106 -0.930123389 -0.217515811
vn -0.167443365 -0.799183726 -0.577293813
vn -0.453335136 -0.860235512 -0.233414143
vn -0.397527516 -0.906205952 0.144092783
vn 0.10866496 -0.8362602 0.537457824
vn 0.509645283 -0.772464812 0.378892928
vn 0.608009279 -0.749812186 0.260972112
vn 0.176522538 -0.781040132 -0.599012494
vn 0.00739133777 -0.808595955 -0.588317931
vn -0.395029664 -0.71848619 -0.572476387
vn -0.38119325 -0.919922233 -0.0918415561
vn -0.828644991 -0.539466798 0.149408877
vn 0.357573211 -0.788826585 0.499893934
vn 0.593434036 -0.802753747 -0.0585022457
vn -0.271593899 -0.772748053 -0.57366997
vn -0.646120906 -0.73426801 0.208274812
vn -0.514229894 -0.783955514 0.347823858
vn -0.187806919 -0.494326353 0.848746181
vn 0.0633666739 -0.630506516 0.773592949
vn 0.292872608 -0.623544216 0.72485745
vn 0.833767831 -0.55091548 -0.0363760777
vn 0.694888294 -0.537095129 -0.47818315
vn -0.644983113 -0.529210269 -0.551301539
vn -0.638068914 -0.710693121 -0.29628256
vn -0.644290805 -0.764604867 0.0163935348
vn -0.241580218 -0.741409183 0.626060247
vn 0.709797442 -0.56945771 0.414614737
vn 0.552084446 -0.662296951 -0.506523013
vn -0.361302406 -0.581394374 -0.729000092
vn -0.77823925 -0.613299012 -0.134937301
vn -0.584146619 -0.610526979 0.534817338
vn 0.545047641 -0.583339036 0.602194965
vn -0.245837346 -0.655754626 -0.713827729
vn 0.768399656 -0.339608341 0.542427897
vn 0.873062551 -0.368441492 0.319394141
vn 0.822911263 -0.459096223 -0.334735394
vn 0.541754901 -0.448952973 -0.710593224
vn 0.300948292 -0.282113224 -0.91095674
vn 0.0634972975 -0.339382559 -0.938502848
vn 0.00236089225 -0.635471344 -0.772120833
vn -0.514042377 -0.368970752 -0.774352074
vn -0.920489788 -0.0992954746 -0.377940595
vn -0.722909808 -0.292841762 0.62581563
vn -0.442129791 -0.192371279 0.876079023
vn -0.0377796479 -0.169013679 0.984889328
vn 0.614710867 -0.00532057695 0.788734615
vn 0.926467419 -0.365508467 0.089787662
vn -0.806522965 -0.200090468 -0.556313276
vn -0.941724956 -0.315089852 -0.117782287
vn -0.918797791 -0.292718709 0.264813781
vn 0.283825755 -0.122641042 0.951000631
vn 0.945196807 -0.16508086 0.281693816
vn 0.997694254 -0.0584703535 -0.0344561934
vn 0.754316628 -0.276667774 -0.595366657
vn 0.430885285 -0.115546361 -0.894978702
vn -0.675427318 -0.0736105591 -0.733743429
vn -0.360320479 -0.101949297 -0.927240789
vn 0.0329605527 -0.234988526 -0.971439183
vn -0.0919317678 -0.457291245 0.884552538
vn -0.0158044603 -0.889047027 -0.457543164
vn 0.844906628 -0.166855782 -0.508224368
vn 0.71051228 -0.133281663 -0.690947473
vn 0.641461372 -0.0232242923 -0.766803682
vn 0.491287857 -0.0353981853 -0.870277584
vn 0.384599626 -0.0597904325 -0.921145022
vn 0.170860589 -0.056077484 -0.983698189
vn -0.0798451006 -0.138509229 -0.987137198
vn -0.156360313 -0.128276259 0.979334772
vn -0.303977609 -0.128408909 0.943985581
vn 0.376145124 -0.202263489 0.90421474
vn 0.538533211 -0.168257698 0.825633883
vn 0.790929615 -0.156099215 0.591661513
vn 0.961922824 -0.257035553 -0.0929361507
vn 0.985141516 -0.133984074 -0.107445091
vn 0.951114476 -0.174145117 -0.255058467
vn 0.906370282 -0.32277301 -0.272599638
vn 0.927938819 -0.058039926 -0.368185699
vn 0.876982391 -0.123104572 -0.464485914
vn 0.311980784 -0.218331665 -0.924661696
vn -0.149145707 -0.0277166255 -0.988426685
vn -0.168905511 -0.283982128 -0.943835318
vn -0.0302277803 -0.197137579 0.979909837
vn 0.592993557 -0.0412217304 0.804151297
vn 0.904797077 -0.0802712664 0.418208957
vn 0.957671285 -0.230186507 0.17285794
vn 0.989377558 -0.103629209 0.10194657
vn 0.783618629 -0.121783637 -0.609188437
vn 0.651503682 -0.300952107 -0.696398497
vn 0.58508271 -0.309858918 -0.749443531
vn -0.08194796 -0.304742217 -0.948902786
vn -0.33202213 -0.254542112 0.908278346
vn 0.185619026 -0.135478005 0.973237514
vn 0.254993975 -0.240711749 0.93650198
vn 0.439914197 -0.274966002 0.854908884
vn 0.740997434 -0.257593185 0.620135903
vn 0.826830924 -0.217261419 0.518794775
vn 0.941837251 -0.283239365 0.180881605
vn 0.939980268 -0.317393214 -0.125294313
vn 0.833243966 -0.514784813 -0.201745242
vn 0.819336295 -0.502669215 -0.275702477
vn 0.872196555 -0.276011586 -0.403844923
vn 0.505351722 -0.282029003 -0.815523922
vn 0.281975925 -0.405126244 -0.869690895
vn 0.151793167 -0.47859025 -0.864818037
vn -0.215297058 -0.418244511 -0.882450342
vn -0.171906456 -0.406605661 0.897284746
vn -0.0318139382 -0.428156704 0.9031443
vn 0.0661121607 -0.25060904 0.96582824
vn 0.888562739 -0.334183365 0.314289361
vn 0.849287629 -0.514216423 -0.119548917
vn 0.879337072 -0.474513471 -0.0400405563
vn 0.740650952 -0.546207786 -0.391271055
vn 0.793907106 -0.324862689 -0.513980329
vn 0.499299198 -0.555473268 -0.664943397
vn 0.426770896 -0.401468992 -0.810363591
vn 0.313933343 -0.624065697 -0.715533197
vn -0.00476635015 -0.541680217 -0.840571165
vn -0.301513433 -0.327271223 -0.895535171
vn -0.244345173 -0.448621362 -0.859670997
vn -0.288113505 -0.525420666 0.800577044
vn -0.184177369 -0.57399565 0.797877073
vn 0.402072757 -0.477335721 0.78133738
vn 0.58669889 -0.302179039 0.751313567
vn 0.641613066 -0.433833271 0.632551491
vn 0.814499795 -0.439188331 0.379082561
vn 0.781085074 -0.544936359 0.304877698
vn 0.83624506 -0.498387545 0.228700668
vn 0.925736129 -0.356024683 0.127510831
vn 0.674301326 -0.726640999 -0.131569207
vn 0.650563478 -0.641751647 -0.406105936
vn 0.601249278 -0.601246953 -0.526309311
vn 0.657062232 -0.452295244 -0.603073955
vn 0.559648514 -0.55997324 -0.61092031
vn 0.218832538 -0.602424979 -0.767591238
vn 0.108314008 -0.541552842 -0.833659649
vn -0.0773727298 -0.617468596 -0.782781005
vn -0.251280487 -0.585059226 -0.7710796
vn -0.314812362 -0.484167814 -0.816378951
vn -0.110615306 -0.558634102 -0.822005033
vn -0.218335375 -0.734283924 0.642772675
vn -0.262241274 -0.655833781 0.707892418
vn -0.0324730203 -0.622150838 0.782223642
vn 0.0355704278 -0.484856516 0.873870075
vn 0.507355928 -0.508188486 0.695941329
vn 0.847597003 -0.511657953 0.140660495
vn 0.735458493 -0.655797482 -0.17038323
vn 0.678795755 -0.717952013 -0.154211715
vn 0.386913925 -0.586611867 -0.711466193
vn -0.0936674774 -0.644713998 0.758663535
vn 0.575068474 -0.613487124 0.541229963
vn 0.636101127 -0.5521819 0.538953245
vn 0.736379862 -0.541798651 0.405214548
vn 0.785890043 -0.607680023 0.114463449
vn 0.628854454 -0.704543352 -0.328877836
vn 0.448765427 -0.765381753 -0.461302996
vn 0.413149804 -0.738956034 -0.532213509
vn -0.142296717 -0.695429027 -0.704365015
vn -0.230666816 -0.770068109 -0.59480077
vn -0.225186139 -0.659070313 -0.717577457
vn -0.108062647 -0.799109817 -0.591393232
vn -0.179881439 -0.820637763 0.542398632
vn 0.131387159 -0.655962348 0.743270397
vn 0.31817168 -0.651019037 0.689159632
vn 0.382250011 -0.760200799 0.525337696
vn 0.62933892 -0.623777926 0.463501394
vn 0.637010038 -0.70245111 0.317459762
vn 0.538758993 -0.809482276 0.23340337
vn 0.529401302 -0.841182709 -0.110208884
vn 0.61688751 -0.740493119 -0.266682863
vn 0.283301055 -0.774167001 -0.566044152
vn 0.23438932 -0.753220856 -0.614589274
vn 0.123642512 -0.814757407 -0.566465199
vn 0.107354932 -0.718405008 -0.687291205
vn 0.0816535503 -0.769495428 -0.633411109
vn 0.0299917348 -0.683965981 -0.728897035
vn -0.266079277 -0.730570376 0.628862977
vn -0.131833747 -0.762149096 0.633836389
vn 0.060189791 -0.796150625 0.602097511
vn 0.193688467 -0.80957073 0.554148078
vn 0.205355391 -0.839170218 0.503609538
vn 0.284551263 -0.869302332 0.404158562
vn 0.705567718 -0.687469423 0.171930119
vn 0.644316018 -0.763569117 0.0426506512
vn 0.249327987 -0.95741272 -0.145589918
vn 0.413657248 -0.872900605 -0.258712649
vn 0.331631809 -0.889099717 -0.315471292
vn -0.000209430247 -0.870231569 -0.492642701
vn -0.0644749701 -0.756279528 -0.651063979
vn -0.128845081 -0.842565417 -0.522955477
vn -0.0928635672 -0.923653603 -0.371806771
vn -0.206147239 -0.785817683 0.583089888
vn -0.0182526205 -0.78552264 0.618563712
vn 0.383625865 -0.841587186 0.38021338
vn 0.427941471 -0.857377112 0.285955489
vn 0.377469182 -0.900807083 0.214624435
vn 0.454436809 -0.884372413 0.106642559
vn 0.511924803 -0.834284067 -0.204702362
vn 0.22658363 -0.944811165 -0.236625507
vn 0.361645103 -0.839082658 -0.406390488
vn 0.212262928 -0.89524579 -0.391764492
vn 0.0496885739 -0.924444497 -0.378065377
vn -0.0974847153 -0.947210968 -0.305431396
vn -0.0390863083 -0.962804854 -0.26735577
vn -0.13031666 -0.912853777 0.386930794
vn -0.15615578 -0.8897838 0.42883572
vn -0.154759288 -0.892166197 0.424369037
vn -0.0970300138 -0.935432971 0.339927018
vn -0.0966034457 -0.837388813 0.538003564
vn -0.00748595223 -0.893659055 0.448684067
vn 0.0273451395 -0.886273861 0.462353647
vn 0.0741822943 -0.925909936 0.370388687
vn 0.331726968 -0.759023607 0.560214698
vn 0.461418748 -0.883222699 0.0837280974
vn 0.444006056 -0.895579159 0.0282237325
vn 0.212392986 -0.95825541 -0.191404521
vn 0.234278023 -0.903897464 -0.357887179
vn 0.0818880573 -0.839506984 -0.537142754
vn -0.0137244174 -0.940155387 -0.340469509
vn -0.16410923 -0.866437197 -0.471545041
vn 0.160564601 -0.934263587 0.31838727
vn 0.392375827 -0.908758044 0.14212665
vn -0.0754162371 -0.971964538 -0.22270444
vn -0.0140373055 -0.999689221 0.0205980223
vn -0.00558787538 -0.992343545 0.123382166
vn -0.0364508778 -0.973392725 0.226225644
vn -0.0726853535 -0.984495819 0.15963982
vn -0.0926391631 -0.967717588 0.234394222
vn -0.0336715207 -0.968360066 0.247275501
vn 0.0555908158 -0.981065631 0.185526177
vn 0.322211534 -0.913082719 0.249919251
vn 0.223665982 -0.97397238 0.0367589109
vn 0.268735081 -0.959677756 -0.08246243
vn 0.0441170633 -0.996677697 -0.0684632882
vn 0.0838504359 -0.970707834 -0.225156471
vn 0.0170590952 -0.994435251 -0.103959419
vn 0.00906281918 -0.975607574 -0.219335124
vn -0.092673108 -0.936356962 -0.338596046
vn 0.0270647444 -0.997387469 -0.0669752657
vn 0.00817255117 -0.999482632 -0.0311081726
vn 0.00425792858 -0.967893183 0.251325876
vn 0.0708919168 -0.981810093 0.176134929
vn 0.104034476 -0.982662618 0.153463662
vn 0.171394855 -0.975987673 0.134431437
vn 0.0689611211 -0.997274935 -0.0262133405
vn 0.104903065 -0.99053359 -0.0885348991
vn -0.00989916362 -0.999272048 0.0368443653
vn 0.0967388079 -0.986495614 -0.132166311
vn -0.0105419755 -0.992912471 -0.118379012
vn 0.0230113249 -0.999225616 -0.0319153853
vn 0.0502760485 -0.998248875 0.0311700422
vn 0.0665106177 -0.996781349 0.0447575189
vn -0.0737283155 -0.996665835 0.0349477269
vn 0.00133274728 -0.990312696 0.138848409
vn 0.0542104878 -0.99684304 -0.0580110885
vn -0.0405099727 -0.983039856 0.178861737
vn -0.00248917541 -0.991387129 -0.130940422
vn 0.000947068329 -0.985003829 0.172529981
vn 0.0128478464 -0.999141216 0.0393913835
vn 0.155814976 -0.985433221 0.0681407601
vn 0.166895539 -0.985454142 -0.0320294239
vn -0.070660159 -0.99704957 0.029988762
vn 0.209698126 -0.97660327 -0.0476720519
vn -0.028772274 -0.998326302 -0.0501676239
vn 0.00167934131 -0.998055041 -0.0623153634
vn 0.0916815028 -0.994580209 -0.0490384176
vn 0.205292866 -0.97279191 -0.107381187
vn 0.156262055 -0.980544984 -0.118801817
vn -0.0218894575 -0.997145593 0.0722606257
vn 0.0535624623 -0.995845318 -0.073641628
vn 0.0281297602 -0.999319911 -0.0238409601
vn -0.0973700508 -0.994561195 -0.0369751565
vn 0.0170476455 -0.999780118 0.0122175179
vn -0.166635692 -0.985614717 -0.0282196719
vn 0.0373432636 -0.999302566 -0.000149795043
vn -0.178209752 -0.983190835 -0.0397115052
vn 0.0237731151 -0.999210477 -0.0318332352
vn -0.0247534979 -0.999213874 0.0309646297
vn -0.00314616738 -0.999549568 0.0298467427
vn 0.01744771 -0.995838523 0.0894493237
vn 0.109107286 -0.953728795 0.280173302
vn 0.0977927074 -0.992018044 0.0796046183
vn 0.11142239 -0.991571248 0.0661171302
vn 0.225449532 -0.963747799 0.142698079
vn 0.158924997 -0.98569119 0.0561772995
vn 0.0601416416 -0.998161077 -0.00757683953
vn 0.211610585 -0.929081738 -0.303361237
vn -0.226362824 -0.948399842 -0.222030744
vn -0.0831540152 -0.994599402 -0.0621090122
vn -0.167684704 -0.980537176 -0.102121405
vn -0.3338072 -0.934347153 0.124772124
vn -0.195373908 -0.975734293 0.0988523886
vn -0.0657961071 -0.987877011 0.140605688
vn 0.0594580844 -0.987134039 0.148428276
vn 0.16332005 -0.969147682 0.18460618
vn 0.246763408 -0.967823327 0.0492523499
vn 0.213469118 -0.974659622 -0.0668540075
vn 0.186007887 -0.976635814 -0.10762646
vn 0.0711718798 -0.989086807 -0.129003286
vn 0.00249003689 -0.971835911 -0.235645488
vn -0.136285514 -0.962140322 -0.236034274
vn -0.25058496 -0.968066096 0.00742018037
vn 0.252600044 -0.935211122 0.248140246
vn 0.156383842 -0.931425393 -0.328619361
vn -0.0157861095 -0.910702646 -0.412760645
vn -0.264730752 -0.945984066 -0.187167928
vn -0.423544079 -0.903884828 -0.0600213818
vn -0.415891796 -0.872906983 0.255082726
vn -0.0479370914 -0.954130709 0.295527905
vn 0.023759231 -0.966281176 0.256390661
vn 0.34988749 -0.928524852 0.124178328
vn 0.438207537 -0.898626804 -0.0210707914
vn 0.362972051 -0.914481461 -0.178815335
vn -0.0486063622 -0.885539591 -0.462014019
vn -0.285287142 -0.846458554 -0.449576616
vn -0.373500913 -0.923919439 0.0828854516
vn -0.448721856 -0.748556733 0.488171548
vn -0.0741651058 -0.892626464 0.444654554
vn 0.125186354 -0.912508667 0.389430702
vn 0.19193843 -0.868996143 0.456076115
vn 0.424663305 -0.801463962 0.42108959
vn 0.441717625 -0.859532833 0.257077694
vn 0.525550663 -0.849751651 0.0414551683
vn 0.49068585 -0.80173701 -0.341240644
vn 0.31126532 -0.921350121 -0.232868969
vn 0.209178358 -0.898002028 -0.387087464
vn 0.115392052 -0.846405029 -0.519887686
vn -0.422308832 -0.873742521 -0.241307184
vn -0.524394214 -0.851019323 0.0278689414
vn -0.490167886 -0.85547334 0.167035684
vn -0.310856581 -0.77465564 0.550705791
vn -0.216096893 -0.868267894 0.446556807
vn 0.330264241 -0.762989581 0.555673003
vn 0.611429095 -0.763838172 -0.206653386
vn -0.151059404 -0.785497606 -0.6001454
vn -0.371481568 -0.870535433 -0.322752953
vn -0.577263951 -0.754131079 -0.313133627
vn -0.208574563 -0.758680344 0.617171526
vn 0.112352088 -0.778600395 0.61738044
vn 0.599552274 -0.799332321 -0.0400618277
vn 0.388131589 -0.802249014 -0.453597128
vn 0.222438589 -0.637340307 -0.737779498
vn 0.021618247 -0.597376704 -0.801669359
vn -0.0879101157 -0.706547976 -0.702183545
vn -0.664156079 -0.746632576 -0.0379016884
vn -0.406297863 -0.628930509 0.662848592
vn 0.625261426 -0.670469761 0.399397731
vn 0.755484879 -0.64285779 0.126397923
vn -0.758601844 -0.612190366 -0.223038599
vn -0.848858416 -0.528241158 -0.0200202111
vn -0.733685136 -0.672008812 0.100549266
vn -0.909251451 -0.40210405 0.107583359
vn -0.189582229 -0.509461164 0.839349747
vn 0.301052183 -0.558908403 0.772650599
vn 0.512072027 -0.568388939 0.643984497
vn -0.748829365 -0.4653202 -0.471944571
vn -0.829766393 -0.476994127 0.289765805
vn -0.643249691 -0.456499159 0.614685535
vn -0.32490021 -0.312693536 0.892559528
vn 0.848932266 -0.523471236 0.0727446303
vn 0.383797467 -0.730515957 -0.564841568
vn -0.911283135 -0.392988592 -0.122976162
vn -0.16898115 -0.29095915 0.941694319
vn 0.744436145 -0.37134257 0.554904938
vn 0.228906617 -0.331427008 -0.91529119
vn -0.725990474 -0.16154775 -0.668461144
vn 0.218786761 -0.322092921 0.921080053
vn 0.691092253 -0.0706158578 0.719308674
vn 0.892176628 -0.404641122 -0.200714901
vn 0.49728778 -0.466979802 -0.731187284
vn -0.00207576761 -0.173688501 -0.984798372
vn -0.0200425182 -0.399658322 -0.916445017
vn -0.525081336 -0.418166906 -0.741232872
vn -0.582279325 -0.156435058 0.797796309
vn 0.477070838 -0.0331328511 0.878240049
vn 0.975511789 -0.196322098 0.0991688818
vn 0.964415789 -0.0852600485 -0.250265688
vn 0.893158138 -0.172166884 -0.415484399
vn 0.655221462 -0.0962684453 -0.749277771
vn -0.601866126 -0.121437535 -0.789309978
vn 0.360324353 -0.0833485872 -0.929095984
vn -0.988109291 -0.0189144481 -0.152585477
vn -0.00460518431 -0.993874788 -0.11041595
vn 0.5385831 -0.836421847 -0.10161978
vn 0.347951084 -0.935514033 -0.0611852929
vn -0.317852616 -0.456816614 0.830835879
vn 0.184292421 -0.598440826 0.779682517
vn 0.315052062 -0.455928952 0.832388759
vn -0.330953926 -0.610951602 -0.719171464
vn 0.101389877 -0.994026065 -0.0404008701
vn 0.192377537 -0.39698714 0.897436321
vn 0.684227049 -0.719472766 0.11913202
vn -0.0226460472 -0.993515193 -0.11142116
vn 0.447748333 -0.258568615 -0.855957806
vn -0.0198749751 -0.999788702 0.0052515408
vn -0.0942610651 -0.995218754 0.0255796053
vn -0.236759275 -0.910465837 0.339112222
vn -0.823572993 -0.246390834 0.510900199
vn -0.899882019 -0.013713426 0.435917467
vn -0.673156321 -0.100672416 0.732615709
vn 0.821906865 -0.0718314797 0.565074563
vn 0.778581142 -0.0182361901 0.627279043
vn -0.549368441 -0.0541729294 0.83382225
vn 0.371464819 0.010462896 0.928388119
vn 0.209345937 -0.00869447645 0.977802932
vn 0.560307741 0.00728389807 0.828252435
vn 0.921427786 -0.0141190654 0.388293058
vn 0.994919002 0.031907998 0.0954879671
vn 0.970057547 -0.00599662866 0.242801175
vn 0.950321019 -0.0512895882 -0.30701682
vn 0.8763448 -0.0288550965 -0.480819315
vn 0.751764059 0.011494481 -0.659331977
vn 0.620522141 0.0257108547 -0.783767283
vn 0.471307099 0.0281620845 -0.881519377
vn 0.29317227 0.054868333 -0.954483867
vn -0.608792782 0.0204853751 -0.793064773
vn -0.470635831 0.00934514031 -0.882278144
vn -0.6947667 -0.00229839073 -0.719231486
vn -0.787827969 -0.0598282591 -0.612982571
vn -0.997644424 -0.067449078 0.0124966558
vn -0.988138556 -0.0582450442 -0.142090887
vn -0.978577256 -0.0245651398 0.20440878
vn -0.375428408 -0.0555395558 0.925185859
vn -0.156259134 -0.0379775241 0.986985683
vn 0.0399090908 -0.0382619314 0.998470545
vn 0.686420321 -0.00804688036 0.727160573
vn 0.976685107 -0.0383986644 -0.211215064
vn 0.113840848 0.0441812389 -0.99251616
vn -0.280751288 0.00894156285 -0.95973891
vn -0.0845187753 0.0195198394 -0.996230721
vn -0.890973508 0.00297809648 -0.454045624
vn -0.956763029 0.0334558673 -0.288937837
vn 0.996793091 0.0443407409 -0.066614069
vn 0.794552863 0.00181668368 -0.607192218
vn 0.88805896 -0.043493133 -0.457667798
vn -0.24099122 -0.0469182283 -0.969392598
vn -0.373445332 -0.00954956096 -0.927603066
vn -0.656358182 -0.0264603421 -0.753985286
vn -0.77092123 -0.021506317 -0.636567295
vn -0.854229927 0.011075207 0.519777417
vn -0.760478079 0.00150524499 0.64936173
vn -0.129478067 0.00212346017 0.99157989
vn -0.297006696 0.0103032487 0.954819858
vn -0.0496400855 -0.042835582 0.997848094
vn 0.168349296 -0.0469828583 0.9846071
vn 0.299578518 0.00799162965 0.954038203
vn 0.370195776 0.167679057 0.913695157
vn 0.632899404 0.0393881425 0.773231387
vn 0.549853086 0.0667953938 0.832586408
vn 0.946537554 -0.0240112245 0.321698964
vn 0.9868716 -0.0819867179 0.139150232
vn 0.935983777 0.026981486 -0.35100767
vn 0.65109843 0.0468122177 -0.757548273
vn 0.459026873 0.0508433506 -0.886966407
vn -0.102922969 -0.0683366507 -0.992339134
vn -0.533583164 -0.0170447771 -0.845575809
vn -0.876282871 -0.0159517173 -0.481532842
vn -0.951569319 0.0226452034 0.30659917
vn -0.973348022 0.0197553709 0.22848022
vn -0.615134239 0.00282513909 0.78841722
vn -0.465284735 -0.000370796857 0.885160983
vn 0.752217472 0.0405947976 0.657663226
vn 0.868636549 -0.00495544542 0.495425105
vn 0.998926282 0.0393434837 -0.0244643819
vn 0.162020013 0.00830809772 -0.98675251
vn 0.0618079193 -0.0876184553 -0.994234681
vn -0.950777233 0.0389022231 -0.307423681
vn -0.999982655 0.00499340519 -0.0031123939
vn 0.9786762 0.168271974 -0.117802501
vn 0.285147846 0.0551458523 -0.956895828
vn -0.991559505 0.0463317074 -0.121091381
vn -0.997893035 0.063926436 -0.0110844271
vn -0.996903062 -0.0767738447 0.0170262698
vn 0.930955291 0.364892125 0.0132673495
vn 0.982448637 0.184561968 0.0270448923
vn 0.996144295 0.0205902457 0.0852784589
vn 0.857402802 0.513800144 0.0294913277
vn 0.793434203 0.608173013 -0.0242427345
vn 0.716764867 0.693767548 -0.0702464506
vn 0.572324693 0.819440722 0.0310054813
vn 0.656728625 0.754126847 -0.000386470259
vn 0.457144648 0.889353871 -0.00827893894
vn 0.37485221 0.927033663 -0.00972334202
vn 0.2783418 0.960066319 -0.0282565597
vn 0.174557492 0.984548688 -0.0139119886
vn 0.0383862294 0.999199331 -0.0112811169
vn -0.0812094733 0.996666849 0.00776145328
vn -0.328740716 0.944389641 0.00760184973
vn -0.211591244 0.977341115 0.00578649621
vn -0.443198979 0.896409392 0.00499929907
vn -0.528486669 0.848903418 -0.00805092882
vn -0.636537373 0.770348012 -0.0372025073
vn -0.732727408 0.679497361 -0.0373344161
vn -0.833664834 0.551959693 -0.0185313188
vn -0.888456285 0.458533794 -0.0198022593
vn -0.942463934 0.334293425 0.00309795956
vn -0.97738421 0.210596606 -0.0192147568
vn -0.964478493 0.255902618 -0.0655384958
vn -0.929560184 0.368270278 -0.017170094
vn -0.862533212 0.505930722 -0.00840161089
vn -0.772956192 0.634457886 0.0014476002
vn -0.690898418 0.722673833 0.0200507846
vn -0.493203342 0.869838119 -0.00264727068
vn -0.393967927 0.918914497 -0.0196310077
vn -0.320099294 0.946995854 -0.0271152854
vn -0.185870901 0.982500851 -0.0120020444
vn -0.052680485 0.998409271 -0.0200941321
vn -0.125407025 0.991684258 -0.0289038382
vn 0.0949508622 0.995422959 -0.0108299321
vn 0.257334322 0.966319442 0.00242269435
vn 0.391645014 0.919996023 -0.0148828132
vn 0.507306814 0.861559629 0.0188355669
vn 0.650339723 0.758932471 0.0328613184
vn 0.733753085 0.679047763 0.0223723296
vn 0.810274601 0.585196376 0.0316274837
vn 0.88562125 0.464372039 -0.00579880644
vn 0.936724365 0.349393725 -0.0217175819
vn 0.973349094 0.228062585 -0.024061447
vn 0.994341791 0.106079064 -0.00562099554
vn 0.999147236 -0.041284807 0.000483119569
vn -0.49463135 0.869042933 -0.00241252594
vn 0.99550271 -0.086504072 -0.0386189893
vn -0.991115928 0.0609246753 -0.118225962
vn -0.99330312 -0.110816553 0.0326895528
vn -0.97958976 -0.195835531 -0.0453028344
vn -0.945390105 -0.325385451 -0.0190226696
vn -0.889492571 -0.45627138 -0.0248911139
vn -0.809579909 -0.587003529 -0.00265744003
vn -0.718061924 -0.695936203 -0.0077288053
vn -0.597404897 -0.801761687 -0.0169011224
vn -0.498044878 -0.866511822 -0.0332961157
vn -0.351552993 -0.935336649 -0.0394445322
vn -0.245533079 -0.968488216 -0.0417631045
vn -0.104661711 -0.99443388 0.0121267345
vn 0.0216591116 -0.999584198 0.0190322828
vn 0.219694987 -0.97515744 0.0283199456
vn 0.104556642 -0.99449861 -0.00636562705
vn 0.344596833 -0.938735843 0.00528395921
vn 0.415186405 -0.909729958 -0.00342834578
vn 0.515061498 -0.857152939 0.000711884524
vn 0.631340027 -0.775485516 -0.00566558586
vn 0.734772146 -0.67830497 -0.00350115122
vn 0.814571559 -0.579298198 0.0297800656
vn 0.945946336 -0.31673786 -0.0697334781
vn 0.888656259 -0.458536029 -0.00588557124
vn 0.975138247 -0.219376892 0.0312919989
vn 0.994919121 0.0319092087 0.0954873562
vn 0.982138634 -0.12034443 0.144640386
vn 0.986189246 -0.165258303 0.0109701734
vn 0.954703808 -0.296718657 0.0223300215
vn 0.912471175 -0.406226665 0.0487466045
vn 0.832679093 -0.551893473 0.0453772433
vn 0.763920069 -0.644894421 0.0231835153
vn 0.680724323 -0.732385039 -0.0150517793
vn 0.58096981 -0.812427104 -0.049358841
vn 0.461825639 -0.886469901 -0.029803697
vn 0.364257038 -0.931110024 -0.0187319331
vn 0.228182256 -0.97357136 -0.00957216136
vn 0.111634292 -0.993442535 -0.0246904865
vn 0.00895245187 -0.9992944 -0.0364771932
vn -0.0936991498 -0.991479218 -0.090496175
vn -0.249939352 -0.962262392 -0.107616022
vn -0.338480085 -0.940400839 -0.0328245535
vn -0.484855711 -0.874475241 -0.0144242262
vn -0.601446211 -0.798877954 -0.00750915566
vn -0.702292085 -0.71152091 0.0228892546
vn -0.818836689 -0.573786557 0.0165957771
vn -0.866311014 -0.499488473 0.00408224156
vn -0.927221715 -0.373890579 -0.0215822775
vn -0.972416878 -0.229462206 -0.0418623351
vn -0.987970829 -0.0982063562 -0.119453244
vn -0.991115928 0.0609246716 -0.118225954
vn -0.992701411 0.0681442991 -0.0995007083
vn 0.996144295 0.0205902439 0.0852784589
vn -0.996903062 -0.0767738447 0.0170262698
vn -0.997893035 0.063926436 -0.0110844271
vn 0.982448637 0.184561968 0.0270448923
vn 0.930955291 0.364892125 0.0132673495
vn 0.996144295 0.0205902457 0.0852784589
vn 0.982448637 0.184561968 0.0270448923
vn 0.930955291 0.364892125 0.0132673495
vn 0.857402802 0.513800144 0.0294913277
vn 0.793434203 0.608173013 -0.0242427345
vn 0.857402802 0.513800144 0.0294913277
vn 0.793434203 0.608173013 -0.0242427345
vn 0.716764867 0.693767548 -0.0702464506
vn 0.656728625 0.754126847 -0.000386470259
vn 0.572324693 0.819440722 0.0310054813
vn 0.656728625 0.754126847 -0.000386470259
vn 0.716764867 0.693767548 -0.0702464506
vn 0.572324693 0.819440722 0.0310054813
vn 0.457144648 0.889353871 -0.00827893894
vn 0.457144648 0.889353871 -0.00827893894
vn 0.37485221 0.927033663 -0.00972334202
vn 0.37485221 0.927033663 -0.00972334202
vn 0.2783418 0.960066319 -0.0282565597
vn 0.174557492 0.984548688 -0.0139119886
vn 0.2783418 0.960066319 -0.0282565597
vn 0.0383862294 0.999199331 -0.0112811169
vn 0.174557492 0.984548688 -0.0139119886
vn 0.0383862294 0.999199331 -0.0112811169
vn -0.0812094733 0.996666849 0.00776145328
vn -0.211591244 0.977341115 0.00578649621
vn -0.328740716 0.944389641 0.00760184973
vn -0.211591244 0.977341115 0.00578649621
vn -0.0812094733 0.996666849 0.00776145328
vn -0.443198979 0.896409392 0.00499929907
vn -0.328740716 0.944389641 0.00760184973
vn -0.443198979 0.896409392 0.00499929907
vn -0.528486669 0.848903418 -0.00805092882
vn -0.636537373 0.770348012 -0.0372025073
vn -0.528486669 0.848903418 -0.00805092882
vn -0.636537373 0.770348012 -0.0372025073
vn -0.732727408 0.679497361 -0.0373344161
vn -0.833664834 0.551959693 -0.0185313188
vn -0.732727408 0.679497361 -0.0373344161
vn -0.833664834 0.551959693 -0.0185313188
vn -0.888456285 0.458533794 -0.0198022593
vn -0.942463934 0.334293425 0.00309795956
vn -0.888456285 0.458533794 -0.0198022593
vn -0.97738421 0.210596606 -0.0192147568
vn -0.942463934 0.334293425 0.00309795956
vn -0.97738421 0.210596606 -0.0192147568
vn -0.997893035 0.063926436 -0.0110844271
vn -0.929560184 0.368270278 -0.017170094
vn -0.964478493 0.255902618 -0.0655384958
vn -0.862533212 0.505930722 -0.00840161089
vn -0.929560184 0.368270278 -0.017170094
vn -0.772956192 0.634457886 0.0014476002
vn -0.862533212 0.505930722 -0.00840161089
vn -0.690898418 0.722673833 0.0200507846
vn -0.772956192 0.634457886 0.0014476002
vn -0.393967927 0.918914497 -0.0196310077
vn -0.493203342 0.869838119 -0.00264727068
vn -0.393967927 0.918914497 -0.0196310077
vn -0.320099294 0.946995854 -0.0271152854
vn -0.320099294 0.946995854 -0.0271152854
vn -0.185870901 0.982500851 -0.0120020444
vn -0.125407025 0.991684258 -0.0289038382
vn -0.052680485 0.998409271 -0.0200941321
vn -0.125407025 0.991684258 -0.0289038382
vn -0.185870901 0.982500851 -0.0120020444
vn -0.052680485 0.998409271 -0.0200941321
vn 0.0949508622 0.995422959 -0.0108299321
vn 0.257334322 0.966319442 0.00242269435
vn 0.0949508622 0.995422959 -0.0108299321
vn 0.257334322 0.966319442 0.00242269435
vn 0.391645014 0.919996023 -0.0148828132
vn 0.391645014 0.919996023 -0.0148828132
vn 0.507306814 0.861559629 0.0188355669
vn 0.507306814 0.861559629 0.0188355669
vn 0.650339723 0.758932471 0.0328613184
vn 0.733753085 0.679047763 0.0223723296
vn 0.650339723 0.758932471 0.0328613184
vn 0.733753085 0.679047763 0.0223723296
vn 0.810274601 0.585196376 0.0316274837
vn 0.88562125 0.464372039 -0.00579880644
vn 0.810274601 0.585196376 0.0316274837
vn 0.936724365 0.349393725 -0.0217175819
vn 0.88562125 0.464372039 -0.00579880644
vn 0.973349094 0.228062585 -0.024061447
vn 0.936724365 0.349393725 -0.0217175819
vn 0.973349094 0.228062585 -0.024061447
vn 0.994341791 0.106079064 -0.00562099554
vn 0.994341791 0.106079064 -0.00562099554
vn 0.999147236 -0.041284807 0.000483119569
vn -0.493203342 0.869838119 -0.00264727068
vn -0.49463135 0.869042933 -0.00241252594
vn -0.49463135 0.869042933 -0.00241252594
vn -0.690898418 0.722673833 0.0200507846
vn 0.99550271 -0.086504072 -0.0386189893
vn 0.999147236 -0.041284807 0.000483119569
vn -0.991115928 0.0609246753 -0.118225962
vn -0.964478493 0.255902618 -0.0655384958
vn -0.97958976 -0.195835531 -0.0453028344
vn -0.99330312 -0.110816553 0.0326895528
vn -0.97958976 -0.195835531 -0.0453028344
vn -0.945390105 -0.325385451 -0.0190226696
vn -0.889492571 -0.45627138 -0.0248911139
vn -0.945390105 -0.325385451 -0.0190226696
vn -0.889492571 -0.45627138 -0.0248911139
vn -0.809579909 -0.587003529 -0.00265744003
vn -0.718061924 -0.695936203 -0.0077288053
vn -0.809579909 -0.587003529 -0.00265744003
vn -0.597404897 -0.801761687 -0.0169011224
vn -0.718061924 -0.695936203 -0.0077288053
vn -0.498044878 -0.866511822 -0.0332961157
vn -0.597404897 -0.801761687 -0.0169011224
vn -0.351552993 -0.935336649 -0.0394445322
vn -0.498044878 -0.866511822 -0.0332961157
vn -0.245533079 -0.968488216 -0.0417631045
vn -0.351552993 -0.935336649 -0.0394445322
vn -0.104661711 -0.99443388 0.0121267345
vn -0.245533079 -0.968488216 -0.0417631045
vn -0.104661711 -0.99443388 0.0121267345
vn 0.0216591116 -0.999584198 0.0190322828
vn 0.104556642 -0.99449861 -0.00636562705
vn 0.219694987 -0.97515744 0.0283199456
vn 0.0216591116 -0.999584198 0.0190322828
vn 0.104556642 -0.99449861 -0.00636562705
vn 0.219694987 -0.97515744 0.0283199456
vn 0.344596833 -0.938735843 0.00528395921
vn 0.344596833 -0.938735843 0.00528395921
vn 0.415186405 -0.909729958 -0.00342834578
vn 0.631340027 -0.775485516 -0.00566558586
vn 0.515061498 -0.857152939 0.000711884524
vn 0.415186405 -0.909729958 -0.00342834578
vn 0.515061498 -0.857152939 0.000711884524
vn 0.814571559 -0.579298198 0.0297800656
vn 0.734772146 -0.67830497 -0.00350115122
vn 0.734772146 -0.67830497 -0.00350115122
vn 0.631340027 -0.775485516 -0.00566558586
vn 0.888656259 -0.458536029 -0.00588557124
vn 0.945946336 -0.31673786 -0.0697334781
vn 0.888656259 -0.458536029 -0.00588557124
vn 0.814571559 -0.579298198 0.0297800656
vn 0.945946336 -0.31673786 -0.0697334781
vn 0.975138247 -0.219376892 0.0312919989
vn 0.982138634 -0.12034443 0.144640386
vn 0.994919121 0.0319092087 0.0954873562
vn 0.982138634 -0.12034443 0.144640386
vn 0.975138247 -0.219376892 0.0312919989
vn 0.986189246 -0.165258303 0.0109701734
vn 0.99550271 -0.086504072 -0.0386189893
vn 0.986189246 -0.165258303 0.0109701734
vn 0.954703808 -0.296718657 0.0223300215
vn 0.912471175 -0.406226665 0.0487466045
vn 0.954703808 -0.296718657 0.0223300215
vn 0.912471175 -0.406226665 0.0487466045
vn 0.832679093 -0.551893473 0.0453772433
vn 0.832679093 -0.551893473 0.0453772433
vn 0.763920069 -0.644894421 0.0231835153
vn 0.680724323 -0.732385039 -0.0150517793
vn 0.763920069 -0.644894421 0.0231835153
vn 0.58096981 -0.812427104 -0.049358841
vn 0.680724323 -0.732385039 -0.0150517793
vn 0.58096981 -0.812427104 -0.049358841
vn 0.461825639 -0.886469901 -0.029803697
vn 0.364257038 -0.931110024 -0.0187319331
vn 0.461825639 -0.886469901 -0.029803697
vn 0.364257038 -0.931110024 -0.0187319331
vn 0.228182256 -0.97357136 -0.00957216136
vn 0.111634292 -0.993442535 -0.0246904865
vn 0.228182256 -0.97357136 -0.00957216136
vn 0.00895245187 -0.9992944 -0.0364771932
vn 0.111634292 -0.993442535 -0.0246904865
vn 0.00895245187 -0.9992944 -0.0364771932
vn -0.0936991498 -0.991479218 -0.090496175
vn -0.0936991498 -0.991479218 -0.090496175
vn -0.249939352 -0.962262392 -0.107616022
vn -0.249939352 -0.962262392 -0.107616022
vn -0.338480085 -0.940400839 -0.0328245535
vn -0.484855711 -0.874475241 -0.0144242262
vn -0.338480085 -0.940400839 -0.0328245535
vn -0.484855711 -0.874475241 -0.0144242262
vn -0.601446211 -0.798877954 -0.00750915566
vn -0.601446211 -0.798877954 -0.00750915566
vn -0.702292085 -0.71152091 0.0228892546
vn -0.702292085 -0.71152091 0.0228892546
vn -0.818836689 -0.573786557 0.0165957771
vn -0.927221715 -0.373890579 -0.0215822775
vn -0.866311014 -0.499488473 0.00408224156
vn -0.866311014 -0.499488473 0.00408224156
vn -0.818836689 -0.573786557 0.0165957771
vn -0.927221715 -0.373890579 -0.0215822775
vn -0.972416878 -0.229462206 -0.0418623351
vn -0.987970829 -0.0982063562 -0.119453244
vn -0.972416878 -0.229462206 -0.0418623351
vn -0.992701411 0.0681442991 -0.0995007083
vn -0.991115928 0.0609246716 -0.118225954
vn -0.996903062 -0.0767738447 0.0170262698
vn -0.99330312 -0.110816553 0.0326895528
vn 0.994919121 0.0319092087 0.0954873562
vn 0.996144295 0.0205902439 0.0852784589
vn -0.992701411 0.0681442991 -0.0995007083
vn -0.987970829 -0.0982063562 -0.119453244
vn 0.0145175755 -0.999306619 -0.0342849568
vn -0.152378634 0.770420432 -0.619058371
vn 0.0990419462 0.991785824 0.08094199
vn -0.372223467 0.804911196 0.462133795
vn -0.0853247717 -0.996335804 -0.00588259893
vn 0.0318837501 0.500478685 -0.865161538
vn -0.0621532425 -0.992396116 -0.106239773
vn -0.00487689488 -0.998601854 -0.0526352264
vn 0.307740033 0.754906535 -0.579147816
vn -0.255512148 0.965005517 -0.0589737743
vn 0.270496488 0.935056746 0.229129866
vn 0.206106216 0.853107095 -0.479300022
vn -0.799120843 0.147792339 -0.582720637
vn -0.811498106 -0.348862082 0.468792021
vn -0.230435804 -0.94206059 0.243764833
vn 0.24596338 0.656479418 -0.713117659
vn 0.00218211627 -0.997887254 0.0649326071
vn 0.335012525 0.865305066 0.372845232
vn -0.0993539244 -0.346106201 0.932919741
vn 0.023737153 0.999294937 0.02909014
vn -0.0236674342 0.921869934 -0.38677609
vn 0.290850043 -0.329996675 0.898058236
vn -0.121156842 0.869457722 -0.478919983
vn -0.283741266 -0.894615829 -0.345186025
vn -0.0855394378 0.150951803 -0.984833241
vn -0.507232487 -0.791922987 0.339960456
vn -0.0674162731 -0.992313325 0.103775427
vn -0.96962595 0.215186507 0.116276771
vn -0.299505472 -0.350999981 0.887183964
vn 0.185694933 0.982569635 0.00862730946
vn -0.446726888 -0.860989928 0.243169561
vn -0.493151248 0.724701464 0.481258363
vn -0.467120022 -0.435850829 -0.769306779
vn -0.682744443 -0.299717307 0.66635555
vn 0.0446690805 -0.893336535 -0.447162718
vn 0.14825806 -0.208394915 0.966742575
vn 0.0613104105 -0.925747752 -0.373138189
vn 0.375058532 -0.912462771 -0.163532153
vn 0.649673164 0.540537536 -0.53455025
vn 0.468614131 0.694316566 -0.546191692
vn 0.67877984 -0.684190869 0.266722769
vn 0.193868205 0.967583656 0.161855221
vn -0.208246261 -0.803921342 0.557085097
vn -0.810756087 -0.293489426 -0.506496251
vn 0.271737784 -0.416436613 0.867605329
vn -0.466629386 -0.286225587 -0.836858332
vn -0.287109703 0.900769711 0.325855792
vn 0.0202466454 0.991903841 -0.125366569
vn -0.0828189477 -0.995604694 -0.0437319614
vn 0.359219313 0.871671557 0.333392054
vn 0.0929736197 0.946652234 -0.308553994
vn 0.139162272 -0.854485869 0.500487447
vn 0.483941823 0.872107208 0.0723128468
vn -0.222413525 -0.621018946 0.751576781
vn 0.0781536847 -0.979966581 0.183187485
vn 0.520099401 0.416095644 -0.745896101
vn -0.0599064045 -0.850867689 -0.521953285
vn 0.128320739 0.974435389 0.184416711
vn 0.573863506 0.56811583 -0.589851677
vn 0.0851969048 -0.985004723 -0.150024071
vn 0.827461123 0.538971126 -0.157537967
vn 0.0219221562 -0.998660862 0.0468603522
vn -0.0588807911 -0.976563275 0.207019717
vn 0.279300094 -0.95450455 -0.104462825
vn -0.550559878 -0.789420485 -0.271475971
vn 0.230115369 -0.510238945 0.828675449
vn -0.12430843 -0.94822973 0.292246163
vn -0.0296853427 -0.999299645 -0.0227829199
vn -0.256954014 0.449876606 -0.855327725
vn 0.0661015809 0.381200373 -0.922126293
vn -0.295515686 0.124294892 -0.947217643
vn -0.528076887 -0.46635893 -0.709678888
vn 0.220911339 -0.972490311 0.0738961473
vn -0.842809319 -0.392533273 0.368225604
vn 0.103045404 0.835125983 -0.540320337
vn 0.290353119 0.953538835 0.080366388
vn 0.0283447094 -0.889412463 0.456225932
vn 0.332633406 -0.521905422 0.785474241
vn -0.563816726 -0.606384099 0.560721815
vn 0.557678521 -0.479142994 -0.677802861
vn 0.298078209 0.914827704 0.27246958
vn -0.749893486 0.190481603 -0.633542836
vn -0.715654433 -0.542669058 0.43971476
vn 0.107078284 -0.522487998 0.845896304
vn 0.0412544943 -0.960718811 -0.27444011
vn 0.235140339 -0.962897956 0.132425755
vn -0.342556268 -0.547508955 0.763471723
vn -0.200220883 -0.940528035 -0.274442106
vn -0.100158498 0.381171584 -0.919062793
vn 0.451713532 -0.789001167 -0.416451901
vn 0.581998885 -0.544387162 -0.604085982
vn -0.545411587 0.542772472 -0.638689458
vn 0.0766402557 -0.730087817 0.679041982
vn -0.251425683 0.961602747 0.110024735
vn 0.0976939201 0.200929806 -0.974722087
vn -0.47430861 0.471563488 0.743410468
vn -0.159768313 0.509594202 -0.845451236
vn -0.400575966 0.601842582 -0.690886617
vn 0.898190379 -0.140766844 -0.416459858
vn -0.0224485081 0.451772869 0.891850531
vn -0.14848806 -0.986164212 0.073698014
vn -0.0737946704 -0.527531266 0.846324563
vn -0.302633911 -0.932611048 0.196594179
vn 0.497014821 0.637529433 -0.588670194
vn 0.26842466 0.673344195 -0.688880205
vn -0.814217746 0.46360141 0.349461228
vn -0.134961426 -0.184455827 -0.973530471
vn 0.388469607 0.642168283 -0.660841286
vn -0.28632158 0.956623852 0.0537665188
vn -0.0389955379 -0.98426342 -0.172350928
vn -0.372122794 -0.755495369 -0.539213598
vn 0.512360036 -0.666995347 -0.540929258
vn 0.230481163 -0.970879018 0.0653617606
vn -0.00782236829 -0.999773502 0.019792214
vn 0.315605193 0.81905216 0.479110509
vn 0.695474207 0.60415107 -0.388994694
vn -0.0292563699 -0.931227744 -0.36326161
vn -0.137207896 -0.987107396 -0.0824186578
vn -0.214115381 -0.770131111 0.60087651
vn 0.188652277 0.935184658 0.299733281
vn 0.130072415 -0.732674539 0.668033957
vn 0.566878676 0.648386717 -0.508176386
vn -0.27679342 0.854835749 -0.438909203
vn 0.459174395 -0.747597277 -0.479851216
vn -0.0813928023 -0.611431003 0.787100554
vn -0.687918246 -0.363131493 -0.628413856
vn -0.979632854 -0.181912228 0.0850140452
vn 0.280934244 -0.94054085 -0.190942273
vn 0.336727679 -0.937497795 0.0878206939
vn -0.648138463 -0.289563954 0.704321802
vn -0.946831226 -0.320036858 -0.0329705998
vn -0.946831226 -0.320036858 -0.0329705998
vn -0.126833647 -0.990727782 0.0486996062
vn 0.884688914 0.410095066 -0.221692458
vn -0.0573168434 -0.64697665 -0.760352552
vn -0.0791332349 -0.996736467 -0.0159509163
vn -0.0918360949 0.928296447 -0.360321879
vn 0.247005597 0.909689963 0.333845049
vn -0.316417009 -0.837317586 0.445846856
vn -0.154012203 -0.285657734 -0.945875168
vn 0.0679874942 0.98230511 -0.174511343
vn -0.0519997478 -0.891199827 -0.450620562
vn -0.0234719831 0.997133017 -0.0719357133
vn 0.00489860866 -0.996612668 -0.0820932984
vn 0.348105967 -0.866737664 -0.35719496
vn 0.251516908 0.310207456 0.916793644
vn -0.486735076 0.859123349 -0.158101439
vn 0.440096676 -0.612320483 -0.656794131
vn -0.67032522 -0.618900478 -0.409421891
vn 0.0579524934 0.996954799 -0.0521787666
vn -0.0198979899 0.977568209 0.209676832
vn 0.655718505 -0.494714588 0.570342541
vn 0.290004641 0.872384548 0.393500149
vn 0.145444676 -0.989277899 0.0132363904
vn -0.330408663 0.669399321 -0.665383101
vn 0.586139798 -0.622918367 0.518085718
vn -0.119573645 -0.978571355 -0.167630866
vn -0.0772391036 -0.996686041 0.0255182739
vn 0.33698231 -0.920787573 0.196451217
vn 0.804130733 -0.198426351 0.56035763
vn 0.12021362 0.236937329 0.964058816
vn -0.76184994 -0.552745044 0.337724119
vn 0.0475206338 -0.989516497 0.136377439
vn 0.172773778 -0.65469569 0.735882282
vn 0.706011891 -0.704587817 -0.0714365467
vn -0.162730753 -0.944351852 0.285864204
vn 0.378312707 0.918050408 -0.118587129
vn -0.327756047 -0.646678805 0.688754261
vn -0.395503044 0.850907207 0.345737159
vn 0.114317127 0.925071239 0.36218074
vn 0.697620332 -0.703448892 0.135961354
vn -0.073215358 -0.883594871 0.462492645
vn -0.0317495503 -0.999477446 -0.00607197965
vn 0.164657012 -0.716503859 0.677871823
vn 0.820274413 0.335567564 -0.463189304
vn 0.561892867 -0.310217798 -0.766838491
vn 0.115252472 0.68386215 -0.720450819
vn -0.859321058 -0.0899977684 0.503455818
vn 0.176536009 -0.980866492 0.0820723623
vn 0.00131058344 0.999847531 -0.0174136497
vn -0.0576104373 -0.897899747 0.436414093
vn 0.172044024 0.978857577 0.110628091
vn 0.295913696 -0.94657433 0.128187582
vn -0.0648796707 0.997893155 6.31599978e-05
vn -0.468034983 -0.824112356 -0.319033146
vn 0.884976387 0.445563972 -0.135238558
vn 0.501897097 -0.637547255 -0.584493637
vn -0.0390008837 0.5035761 -0.86307019
vn -0.519976854 0.846823394 0.111867405
vn 0.570637345 -0.582264006 -0.579086781
vn -0.084003076 -0.982015908 0.169080406
vn 0.546168745 -0.771282196 0.326838732
vn -0.243631735 0.578379214 0.77853781
vn 0.481979042 0.837931216 -0.256061435
vn 0.27630344 0.420087904 0.864397168
vn -0.034729775 -0.998104811 0.0507978089
vn 0.556884289 -0.775182426 -0.298282057
vn 0.505930126 0.689474165 0.518324256
vn -0.0950555578 0.924183428 -0.369931728
vn -0.1448237 0.861086845 0.487396598
vn -0.314200312 -0.745854616 -0.587349236
vn -0.425478965 0.267936945 0.864394367
vn -0.228412941 -0.934567153 0.272785276
vn 0.190625161 0.975467801 -0.110111676
vn 0.511169136 -0.742345214 0.43316251
vn 0.525727689 -0.690769136 -0.496435851
vn -0.605836868 -0.692512155 0.391648591
vn 0.0483825095 -0.905808568 -0.420915872
vn 0.577532113 0.293313295 0.761855662
vn 0.0380576737 -0.999151886 -0.0157215036
vn 0.10525465 -0.774934411 -0.623215914
vn -0.236083791 -0.642485976 -0.729024172
vn -0.0961262509 -0.951072037 0.293635428
vn -0.126994282 0.170753911 0.977095485
vn 0.195155054 0.470446497 0.860578001
vn -0.173045188 -0.913995922 -0.366969824
vn -0.515963614 -0.835621297 -0.18846409
vn 0.094764851 -0.864713728 -0.493244171
vn -0.358413815 -0.348019391 -0.866269052
vn -0.766110837 -0.13837947 0.627634704
vn -0.750302494 -0.660253882 0.033330597
vn 0.448728144 0.610837758 -0.652319133
vn 0.868106544 -0.47722289 -0.136562169
vn 0.761085629 -0.272529423 0.588622391
vn -0.343963861 -0.924461961 0.164496168
vn 0.737533748 -0.624979198 0.255822062
vn -0.173234016 0.984580934 0.0242963433
vn -0.12889488 0.98398912 0.123091228
vn -0.776215374 -0.436181217 0.455231458
vn 0.83959955 -0.494293004 -0.225270659
vn 0.128402248 0.513987601 0.848132908
vn -0.214754909 0.639911234 -0.73783052
vn -0.0242328085 -0.999121189 0.0342020132
vn -0.0311602354 -0.997849941 0.05765808
vn 0.495783567 0.740002513 -0.45452711
vn -0.758773625 0.570755422 -0.313848525
vn -0.442645878 0.728009343 0.523514211
vn 0.132993892 0.88388747 -0.448392302
vn -0.202437595 -0.960171938 -0.19258514
vn 0.778239608 -0.606362581 -0.163302168
vn -0.742165446 -0.432235599 0.512213647
vn 0.947945058 -0.117473945 -0.295972973
vn -0.97286737 0.210748315 -0.0954688489
vn -0.0357793719 -0.999118388 0.0219617616
vn -0.414616585 0.905012429 0.0951076373
vn 0.699711859 -0.674003959 0.23690097
vn -0.066047214 0.994567156 -0.080460757
vn -0.03586917 0.99286288 -0.11373999
vn -0.636883616 0.390049964 -0.665011466
vn -0.160504431 0.982911408 0.0901306346
vn -0.148404211 0.986711085 -0.0661605671
vn -0.173244551 0.714587152 -0.67775476
vn 0.0732200593 0.996030569 0.0506162196
vn -0.149442017 0.630654216 -0.7615394
vn 0.0646646544 -0.997069299 -0.0408821441
vn 0.631608546 -0.107684165 0.767772615
vn 0.0588664301 -0.93245095 -0.356468886
vn -0.614236355 0.777966917 0.132216051
vn -0.0670152307 -0.969275057 0.236674353
vn 0.13985531 0.98974216 -0.0291704535
vn -0.528971314 0.820974708 -0.214918524
vn 0.498280406 -0.8470276 -0.185096771
vn -0.393525392 -0.13380304 0.909524381
vn -0.0474230424 0.998765647 0.0147742536
vn 0.169393167 0.874489844 0.454503506
vn -0.19270277 -0.868566871 -0.456571221
vn -0.0805754662 -0.994660497 -0.0644817352
vn 0.112579964 -0.942806065 0.313755363
vn -0.37830314 -0.482834399 -0.789783359
vn -0.188562363 0.981524587 0.032463368
vn -0.566260457 0.774302721 0.282496601
vn -0.78980273 0.283508301 -0.543906868
vn -0.978698969 -0.149029389 -0.141203806
vn -0.758093953 0.499201804 0.419632018
vn 0.367428422 -0.510291994 -0.7775594
vn 0.722863555 0.688224912 0.0617625453
vn -0.0197454859 -0.999065101 -0.0384591818
vn -0.00994911697 -0.74198699 -0.670340478
vn 0.0886996016 0.994994342 0.0460278392
vn 0.236319229 -0.774433136 0.58686167
vn 0.478093684 0.75914067 -0.441737413
vn -0.341946512 0.395557284 0.852412462
vn -0.558977425 -0.267199337 -0.784951389
vn 0.135565594 -0.928621888 0.345374405
vn -0.318470687 -0.905409992 -0.280729592
vn 0.489293426 0.717618465 -0.4955962
vn -0.266233295 0.796268761 0.543208897
vn -0.385362893 0.426639527 0.818213999
vn 0.0581972077 -0.9966802 0.0569344535
vn -0.107057869 0.939462185 -0.325498939
vn 0.0704127103 -0.996216953 0.0509294122
vn 0.34842211 -0.650420487 -0.674948335
vn -0.645310938 -0.401416063 -0.649953008
vn 0.10428378 0.992291093 -0.0669571534
vn -0.411696911 -0.854679823 0.316272229
vn -0.00695450278 -0.35001874 -0.936716855
vn -0.329109609 -0.929509819 0.166428879
vn -0.0292733815 -0.97957927 -0.198915958
vn -0.286472738 -0.91974026 -0.268348694
vn -0.580519855 -0.433627486 0.689176321
vn 0.0381045938 -0.992376864 0.117201611
vn -0.985387206 0.141386867 -0.0949829891
vn -0.47301206 0.33859852 0.813394427
vn 0.194487453 -0.930111229 0.311556935
vn 0.180126175 -0.842686296 -0.507380009
vn -0.566848993 0.815592408 -0.116151892
vn -0.0221623052 -0.999680758 -0.0121326931
vn 0.86612606 -0.474828631 0.156087354
vn -0.376882255 -0.501462758 0.778777838
vn 0.882040858 0.298383504 -0.364652306
vn -0.622592568 -0.238939837 0.745175302
vn -0.133894995 0.989147663 0.0604887307
vn -0.0813984498 0.812010884 -0.577938318
vn 0.184325427 0.967299759 0.174227998
vn -0.0695942789 0.179990888 0.981203377
vn 0.21071139 -0.941999197 0.261224538
vn -0.0384408049 -0.833923042 0.550540328
vn -0.0483689308 -0.969392896 -0.240702644
vn -0.573652089 0.669560552 0.471817851
vn -0.0866819397 -0.739691615 0.667339802
vn -0.372929662 -0.898872077 -0.230114102
vn -0.0704008266 -0.99674058 -0.0393961295
vn 0.0292641409 -0.740815103 0.671071291
vn -0.166149288 0.258075267 -0.951730847
vn -0.325336456 -0.35753426 0.875400126
vn 0.217164487 -0.974548101 -0.0556390062
vn 0.0293171164 -0.82428056 -0.565422058
vn -0.5453192 -0.660960793 -0.515517056
vn -0.344516307 -0.481942445 -0.805630207
vn 0.157433704 0.602740049 -0.782252491
vn -0.391009361 0.914518237 0.103768744
vn 0.944194853 0.251048893 0.213238209
vn 0.818380773 0.105018534 -0.564999044
vn 0.27175048 -0.962203562 -0.0177762415
vn 0.0182139594 0.448224664 0.89373529
vn -0.0490496121 0.956379712 -0.287979066
vn -0.276793092 0.943625808 0.181537643
vn 0.395335346 0.900438368 -0.181440607
vn 0.0529254228 -0.991061926 -0.12245471
vn 0.0148123913 0.997102022 -0.0746200904
vn -0.0394210219 -0.948495865 0.314327329
vn -0.161169335 0.770277143 -0.617006958
vn 0.412290454 -0.902289689 -0.126055434
vn -0.326202631 0.44091326 -0.83617425
vn -0.0876209214 0.995365918 -0.0396140739
vn 0.655667007 -0.0786122531 -0.750946581
vn -0.376192987 -0.82594341 -0.419876695
vn 0.307519287 0.950609505 0.0421128869
vn -0.774453759 0.300616205 -0.55664289
vn 0.0333946384 -0.999412358 -0.0077260863
vn -0.160414189 -0.980147064 -0.116529942
vn 0.273064584 -0.629259169 0.727645874
vn 0.482124865 0.871342599 -0.0912012234
vn 0.00680258963 -0.477884084 0.878396451
vn 0.266954392 -0.710574031 0.651014507
vn 0.109841265 -0.788835049 -0.604709983
vn -0.975019932 -0.138226762 -0.173866451
vn 0.0365811475 -0.844369829 0.534510374
vn 0.206411719 -0.58211273 0.78647244
vn -0.586407542 -0.761417747 0.276349902
vn 0.220199898 0.50908941 0.832069755
vn 0.366652042 0.750039637 0.550460517
vn 0.00833090954 -0.999611437 0.0265995692
vn -0.526239514 -0.833367944 0.169026241
vn -0.114879474 -0.989712536 -0.0852746293
vn 0.282311887 -0.135159478 -0.949753642
vn 0.89810288 0.371733338 -0.235001072
vn -0.189899936 -0.882980764 -0.429282099
vn -0.347746909 0.918275595 0.189319894
vn 0.891515434 0.383607209 0.240927011
vn 0.176704571 0.850220382 -0.495883763
vn -0.299530447 -0.606246412 0.736713529
vn 0.0621294342 -0.379278123 0.923194528
vn 0.652741134 0.295513451 0.697567642
vn -0.16698581 0.98074019 -0.101313211
vn -0.409784436 -0.65844202 -0.631293058
vn 0.515509129 -0.121838763 -0.84817791
vn -0.342617303 -0.305611193 -0.888377845
vn 0.0346015655 -0.131951332 0.990652144
vn 0.631472111 0.554948092 0.541549385
vn 0.567060769 -0.231046483 0.790607154
vn 0.0292697605 -0.998959005 0.0349870771
vn 0.266327411 -0.772138715 0.576950133
vn -0.0905937031 -0.398018748 0.912893176
vn 0.265340894 -0.910423517 0.317368925
vn 0.223321661 0.958585203 0.176753506
vn -0.39068982 -0.907616735 -0.153601497
vn 0.540923536 0.27009806 0.796522915
vn -0.0275698565 -0.990667641 0.133482769
vn -0.389813185 -0.916001558 -0.094798781
vn 0.0832530186 -0.139506221 -0.986715198
vn -0.480074465 -0.841669619 0.247226387
vn -0.443985224 0.681775331 0.581428766
vn -0.0642740205 -0.962038875 -0.265235454
vn -0.814850688 0.524953008 0.24585095
vn -0.133849502 -0.990841687 -0.0178058185
vn -0.681192994 0.674881339 0.28374505
vn 0.267929941 0.953433573 -0.138484195
vn 0.0136948368 -0.551340342 -0.834168017
vn -0.550678253 0.734542966 0.396484673
vn 0.185300946 0.764715791 -0.617149293
vn -0.46829477 -0.554686129 -0.687766969
vn -0.154331714 0.984708607 -0.0808121711
vn -0.00842887908 -0.940016627 -0.341024667
vn 0.609227479 -0.767945588 0.197740793
vn 0.402625173 0.808795631 -0.428652048
vn -0.69625783 0.671669364 0.253150851
vn -0.121041164 -0.174578086 -0.977175295
vn -0.146518782 0.988766491 -0.0295473151
vn 0.0740405992 0.786183655 -0.613541484
vn -0.132743046 0.939856768 0.314719707
vn 0.0155681651 0.868610144 -0.495251417
vn -0.00632259948 0.961732268 0.273918211
vn -0.110164307 -0.977783978 0.178331986
vn -0.633899033 -0.772090435 0.0452583991
vn -0.466626287 -0.743336976 0.47928077
vn -0.839618027 0.422602236 0.341246158
vn -0.0429859124 -0.998998821 -0.0123873632
vn 0.910368681 -0.348963022 -0.222381905
vn 0.0158566069 -0.996807516 0.0782510638
vn 0.105087616 0.932377636 0.345873326
vn 0.148992375 -0.976194024 -0.15762794
vn -0.0916530937 -0.95340544 -0.287433058
vn -0.0277595147 -0.956266522 -0.291176498
vn -0.563582957 -0.823981166 -0.0585608743
vn 0.873042047 -0.455226272 -0.17483291
vn -0.352997571 0.304075897 0.884833634
vn 0.799106419 0.596163452 -0.0775764436
vn 0.808573842 -0.528117478 0.259422958
vn 0.0389087833 -0.929240763 -0.367420107
vn 0.0641367957 -0.931482971 -0.358086377
vn -0.0115453107 0.999693155 0.0219157208
vn -0.00817485619 -0.84424305 0.535898209
vn 0.225831464 -0.157099366 -0.961415589
vn -0.200850919 0.750978172 -0.629039407
vn -0.668267965 -0.607782543 -0.428973585
vn -0.268400133 -0.177654654 0.946784139
vn 0.757509887 -0.628993273 -0.174774736
vn 0.404608369 -0.896242023 -0.181775466
vn 0.0716046467 -0.997289121 -0.016944848
vn 0.780286372 0.495295197 0.381884724
vn -0.578226686 0.669043243 -0.466942161
vn 0.762199759 -0.311144859 0.567662239
vn 0.613423288 0.538225114 -0.577949524
vn -0.34431091 -0.801459253 -0.488991767
vn -0.969054461 -0.191988349 0.155157819
vn -0.387356073 0.913771212 -0.122382022
vn -0.00269164564 0.766961575 -0.641687393
vn -0.955539227 0.190930828 -0.224700019
vn -0.224754483 -0.82016623 0.526129901
vn -0.068297632 -0.286531717 0.955633283
vn 0.0346827842 0.853256822 -0.52033639
vn -0.0687832385 -0.943939924 0.322872132
vn -0.207402915 -0.764740109 -0.610046327
vn 0.00462913699 -0.999945521 -0.00935076363
vn 0.602244198 0.779598832 0.171836182
vn 0.189439729 0.775866032 -0.601784408
vn -0.218944967 -0.218060523 0.951058805
vn 0.260934204 -0.92665261 -0.270607203
vn 0.893497884 -0.41618228 0.168683246
vn -0.855781317 -0.292801708 0.426503897
vn -0.244876906 0.595116735 -0.765422344
vn 0.25762558 -0.843477905 0.471353352
vn 0.154989973 -0.906725883 -0.392206967
vn 0.00519625563 0.447732031 -0.894152641
vn 0.167379171 -0.515016079 0.840679884
vn 0.110136971 -0.972994685 -0.202857539
vn -0.0448916219 0.92751354 -0.371084213
vn 0.243096232 0.93388617 0.262222826
vn -0.412035584 0.763766646 -0.496877491
vn 0.118640326 -0.0129648848 -0.992852569
vn 0.497670591 0.451283455 0.740720749
vn -0.0308013912 -0.999062061 0.0304348134
vn -0.0492401645 -0.998607516 0.0189329069
vn 0.913934946 0.111885235 -0.390134156
vn -0.961054444 -0.245074928 0.127721354
vn -0.267655373 0.473694086 -0.839031875
vn 0.206250295 0.976357698 0.0647032708
vn -0.0600856729 0.409588575 -0.910289347
vn 0.0923287272 0.872352362 -0.480079979
vn 0.943611264 0.216955423 -0.250056446
vn 0.0687906444 -0.979202569 0.190866992
vn -0.0734597743 0.495983481 0.865219057
vn 0.118425183 -0.397788465 -0.909802079
vn 0.00849941932 -0.999027133 0.0432732664
vn 0.331028044 -0.94004333 -0.0820918232
vn 0.0490472317 -0.978743672 0.199136421
vn 0.0208266359 -0.494054437 -0.869181395
vn 0.816705227 -0.513715029 -0.262848794
vn 0.312753201 -0.303470701 0.900050461
vn -0.0705522001 0.51785785 -0.852552414
vn 0.017539911 0.897189915 -0.441296399
vn -0.628683865 -0.768739104 0.117459759
vn 0.21918422 -0.943302453 -0.249276534
vn -0.136678562 0.722706854 -0.677505553
vn -0.469134867 -0.330110848 0.819108844
vn 0.452252924 -0.546356857 -0.704954803
vn 0.0606106333 0.987142444 -0.147906616
vn 0.0720875114 0.422849625 -0.903328001
vn 0.0227263086 0.988986552 0.146250874
vn 0.821911991 -0.402368069 -0.40318802
vn 0.387107015 0.880715072 -0.272926837
vn 0.00853545126 0.981976092 -0.188813031
vn -0.00195623748 -0.998819411 0.0485379137
vn 0.228826866 -0.952657998 0.200202167
vn 0.0529169254 -0.982328653 0.179527521
vn -0.0143387327 0.985985458 0.166213602
vn -0.513392985 -0.34629038 0.78518182
vn -0.861659408 -0.215123013 0.459635973
vn 0.00706647523 0.997421622 0.0714154467
vn -0.908996105 0.339814097 -0.241355553
vn 0.478204817 0.512325883 -0.713332057
vn 0.0683610365 0.738272607 -0.67102927
vn -0.355165243 -0.825435519 -0.438764036
vn -0.0358325094 0.986033797 0.162644416
vn 0.323878884 -0.586663425 -0.742245615
vn 0.613111317 -0.457570106 -0.643990815
vn 0.731035531 -0.380556554 0.566359937
vn 0.0363723971 0.370853126 -0.927978992
vn -0.352035612 0.935309649 0.0355914831
vn -0.0969377086 0.916140199 -0.388960421
vn 0.0918574557 0.921864867 -0.3764669
vn 0.326825887 0.834609389 0.443409532
vn 0.09710145 -0.993571341 -0.0582005605
vn -0.0288283806 -0.981411159 0.18973963
vn 0.278398871 0.944901943 0.172204271
vn 0.45427838 -0.150147408 -0.878115535
vn 0.202648565 0.934072077 -0.294011831
vn 0.132561252 0.523942292 -0.841375113
vn -0.103429981 0.944072485 -0.313096285
vn 0.0399902202 -0.998939753 -0.0228030272
vn 0.0329177938 0.995649815 -0.0871653408
vn 0.659344077 0.478427023 0.579976797
vn -0.313820064 -0.94496423 0.0925183296
vn -0.982163548 -0.177071422 -0.0632494316
vn -0.982163548 -0.177071422 -0.0632494316
vn -0.0465302169 -0.196132362 -0.979472756
vn -0.873143911 -0.424076349 0.240372598
vn -0.564992666 -0.824458122 -0.0324352197
vn 0.498657554 -0.426284194 0.754733205
vn 0.105670705 0.94870156 0.297991663
vn 0.0104212435 0.934241414 -0.356489092
vn -0.0205048025 0.66168195 -0.749504268
vn -0.342475384 -0.921782315 -0.18173565
vn 0.0895199776 0.959698439 0.266393095
vn -0.14676924 0.797722101 -0.584891737
vn 0.2976982 0.291428685 -0.909090221
vn -0.142714292 -0.554777026 -0.819667637
vn 0.163640842 -0.980106592 0.112305976
vn -0.120995499 0.562034726 0.818215787
vn 0.14582099 -0.618237734 0.77234602
vn 0.458683848 -0.849962771 -0.259176344
vn -0.0219892524 -0.985125542 0.170423418
vn -0.0126303025 -0.972668171 0.23185569
vn 0.0154724196 0.596481442 -0.802477658
vn -0.416812211 -0.232139647 0.878850877
vn -0.516586304 0.588326991 0.622101247
vn -0.340390086 0.228329808 -0.912140369
vn 0.378886014 0.667262256 -0.641253889
vn -0.153063983 -0.413755208 -0.897428572
vn 0.095571816 -0.993458807 -0.0624943264
vn 0.948625743 -0.2568174 -0.18480818
vn -0.00702626212 0.990676999 -0.136049643
vn 0.114041761 -0.926723838 -0.358018607
vn 0.0883181244 -0.131557137 -0.987366617
vn -0.903855443 -0.285213858 -0.318901747
vn -0.190068915 -0.563408434 -0.804017901
vn 0.000263421825 -0.98832339 0.152370855
vn -0.954629958 -0.117004991 0.273845643
vn 0.185752109 -0.530441761 -0.827120125
vn 0.362499088 0.314103901 -0.877458394
vn 0.264771938 0.543499768 0.796557486
vn 0.32557869 0.82847923 -0.455654174
vn 0.116910666 -0.959287643 0.257097691
vn 0.293907642 -0.872411966 0.390532613
vn -0.1589555 -0.985259771 -0.0632168576
vn 0.272370785 -0.631551206 -0.725918174
vn 0.367944896 0.861473322 0.349971831
vn 0.0605189577 0.997005165 0.0481479652
vn -0.00663663261 0.992943645 0.118400663
vn -0.261865139 0.671750605 0.69294852
vn 0.0184545368 -0.395748407 0.918173552
vn -0.90287739 -0.316981494 0.290404886
vn 0.052124016 0.17811805 -0.98262763
vn 0.440901101 0.0981313512 -0.892175138
vn -0.147401452 -0.561456919 0.814271986
vn -0.252242416 0.248547152 -0.935199499
vn -0.348612726 0.90567708 0.24128446
vn 0.16175276 -0.764093518 0.624497533
vn 0.203291982 0.405498445 -0.891203284
vn -0.276212662 -0.960381687 -0.0370619632
vn 0.00465505989 -0.999863625 0.0158470813
vn 0.0142043848 0.999898314 0.00131854229
vn 0.176722705 0.458091885 -0.871160686
vn -0.258082211 -0.670706451 0.695374966
vn -0.241249934 -0.504740417 -0.828876078
vn 0.0690410361 0.918956101 -0.388269216
vn -0.153455168 0.0861213654 -0.984395504
vn 0.338892937 0.769144177 -0.54181987
vn 0.0929394886 -0.62785691 0.772759855
vn 0.793788254 -0.587543547 0.157139465
vn 0.0550021678 0.620749056 -0.782077551
vn 0.195105955 -0.217097685 0.956452966
vn -0.419155449 0.108573198 0.901399195
vn -0.0276739988 0.99794215 -0.057841327
vn 0.204197958 0.803224921 -0.559582829
vn -0.380874544 0.913589001 0.142441794
vn -0.152504474 0.905548036 -0.39588517
vn -0.551975489 0.440507591 0.708008647
vn -0.624889016 -0.333506554 0.705894589
vn -0.61535728 0.774912119 0.144383773
vn -0.23741357 -0.859685481 -0.4523004
vn 0.769682229 0.162893027 -0.617296636
vn 0.158062905 0.981996298 -0.10343799
vn -0.155414328 -0.430312365 -0.889200628
vn -0.274281323 -0.757992864 0.591790915
vn -0.00281205541 0.994933188 -0.10049808
vn -0.612427056 0.772518396 -0.16777499
vn -0.0132945012 0.963198781 -0.268461138
vn 0.666505754 -0.424536109 -0.612812459
vn 0.43091768 0.872372925 0.230814695
vn -0.712942064 -0.585564613 0.385782033
vn 0.28737247 -0.365337074 -0.885407209
vn -0.179410145 0.820496619 -0.54276824
vn 0.433331639 0.896343708 0.0937640369
vn -0.0648584962 -0.995429218 0.0700998157
vn -0.0342059396 0.998006642 0.0530342683
vn 0.0240252987 -0.985263348 -0.169348717
vn 0.398479432 0.0567131564 0.915422142
vn 0.0108191604 0.984824002 0.173218355
vn 0.468546182 0.815990925 0.33856076
vn 0.786161542 -0.52098012 -0.332460105
vn 0.527899683 -0.842769563 -0.105173081
vn 0.800297916 0.30735445 0.514836371
vn 0.0851880237 -0.994600117 0.0592763834
vn 0.0854331627 0.959348023 0.268984288
vn -0.540672243 0.628086269 -0.559625804
vn -0.00692936312 -0.996284246 -0.0858474746
vn -0.317007989 0.924969256 0.209613472
vn 0.0281500015 -0.596263051 -0.802295446
vn 0.0717120841 -0.504915535 -0.86018461
vn 0.0273361728 0.903581202 0.427543998
vn 0.0840301067 0.48617503 -0.869811833
vn -0.111493163 0.98460567 -0.134614214
vn 0.0626011044 0.995885909 -0.0655165464
vn -0.201393649 -0.346974283 0.915996373
vn -0.263712138 0.765687108 -0.586667836
vn 0.501970589 -0.359389126 0.786679804
vn 0.0283182189 -0.998507142 0.0467068925
vn 0.113986671 0.853938699 -0.507735908
vn 0.216520071 0.539333761 0.813780189
vn 0.463880509 0.543729007 -0.699409366
vn -0.15559648 0.765765965 -0.624013007
vn -0.320995808 0.551916063 -0.769643009
vn 0.661478877 -0.748345196 0.0492465459
vn 0.382428557 -0.923156977 0.0391120277
vn -0.0480780117 -0.932155073 0.358852863
vn -0.0900784209 0.935831726 0.340741545
vn -0.0753987953 0.996419132 0.0382612124
vn 0.0105849607 0.999821603 -0.0156421028
vn -0.206320271 0.974559844 0.0875504911
vn 0.283842623 0.932586133 -0.222971901
vn 0.335207939 0.93245995 0.134736598
vn 0.320232093 -0.545018315 0.774859071
vn -0.118463881 0.974063039 0.192788839
vn 0.188017026 0.392388076 0.900378346
vn -0.331861109 0.895104408 -0.297751874
vn -0.267169267 -0.955040336 -0.128524095
vn 0.916807592 -0.369982928 0.150254324
vn 0.288125843 0.498453796 -0.817635238
vn 0.365765095 -0.760992169 0.535823405
vn -0.159444898 0.384421259 -0.909284115
vn 0.240971282 -0.966045856 -0.093210876
vn 0.00345191942 0.959764481 0.280784935
vn -0.872182548 0.328744203 0.362249553
vn 0.10833139 -0.412181407 -0.904638469
vn -0.693724215 -0.480297387 -0.536713362
vn -0.333067447 0.664716423 0.66874373
vn -0.661549807 0.737562001 -0.13547802
vn 0.0767912567 0.594555795 -0.800379038
vn -0.204915643 0.53683567 -0.818423629
vn 0.221905202 0.158094019 0.962166429
vn -0.432989031 0.900428295 -0.0418245532
vn 0.0668507069 0.997628808 0.0163641702
vn -0.114342131 -0.543119609 0.831833482
vn 0.772075295 -0.613313973 -0.166570291
vn 0.132677704 -0.741709828 -0.657467365
vn -0.379020721 0.917605937 0.11976061
vn 0.440580606 -0.827137887 0.348900765
vn 0.291973472 0.95470196 0.0574073084
vn 0.587355852 -0.729050279 0.351423979
vn 0.0689408258 0.790673614 0.608344018
vn 0.679951072 0.605949521 0.412906528
vn 0.98048234 0.195678264 -0.01909554
vn -0.0869920105 -0.976854682 -0.195416152
vn -0.540498197 0.767577589 0.344509006
vn -0.716299355 -0.644769907 0.266809165
vn 0.733061016 -0.54722774 -0.403935015
vn 0.0761091188 0.577778876 0.812637031
vn 0.208523482 0.297876477 0.931551099
vn -0.941427767 0.10225559 -0.321337402
vn -0.635275364 -0.756570458 0.155004084
vn 0.053848099 0.993081272 -0.104355074
vn -0.116529316 -0.924052894 -0.364070296
vn -0.789937854 0.533665657 0.301992029
vn -0.402130812 -0.295529515 0.866575539
vn 0.290393114 0.942564785 0.165056452
vn -0.210725069 0.969881952 0.12216378
vn -0.190595657 0.108814068 -0.975619197
vn 0.186660856 0.20553109 -0.960684478
vn 0.662750602 -0.665620923 0.343089551
vn -0.258138955 0.566669703 0.782463849
vn -0.680230141 0.610534012 0.405629367
vn 0.385494798 0.911019564 0.146414325
vn 0.100601591 -0.994594872 0.0256964881
vn -0.208660692 -0.975026906 0.0760482848
vn 0.913677692 0.287594289 0.287197649
vn -0.146487489 0.893658936 -0.424164027
vn -0.130738229 -0.975415647 0.177403152
vn -0.117672458 -0.666034698 0.73658061
vn 0.861629486 0.436335206 -0.259241551
vn -0.292677224 0.296935439 -0.908938587
vn 0.0520348549 -0.998627603 -0.00592786353
vn 0.155059427 0.854628682 0.495546579
vn -0.610597134 -0.787566364 -0.0831294134
vn -0.0325262286 0.998386204 0.0465509482
vn -0.160137475 -0.986621082 -0.0305744521
vn 0.61442697 -0.776968956 0.137108281
vn 0.273505062 -0.863890409 0.422951847
vn -0.292153955 0.438475192 0.849932611
vn -0.2568717 -0.865319312 0.4303945
vn 0.0990141034 0.809270859 -0.57903105
vn -0.60498786 0.407368332 -0.684135139
vn -0.217813894 -0.975870907 0.0152742313
vn 0.0140733961 0.272843421 -0.961955547
vn -0.0277667418 0.475602418 -0.879222035
vn 0.733159184 0.183810532 -0.654745281
vn -0.00915890466 0.999905169 -0.0102814203
vn 0.194586098 -0.979983091 0.0420644023
vn 0.0405657403 0.970427275 -0.23796083
vn 0.00912485272 -0.999632418 0.0255284794
vn -0.271876395 -0.910011351 -0.312989503
vn 0.238214597 0.692078292 0.681382
vn 0.169951603 0.830553055 0.53037554
vn -0.0234077256 -0.999545515 -0.0189978257
vn 0.271782935 -0.688450336 0.672435999
vn 0.491810739 0.714835644 -0.497124135
vn -0.343929082 -0.830807447 0.437574744
vn 0.205764905 0.930525959 0.302955896
vn -0.291921586 -0.590020239 0.752766788
vn -0.16589956 0.574082255 -0.801814795
vn 0.120264895 -0.943764269 -0.307969749
vn 0.00149051705 0.999877572 0.0155759901
vn -0.0723106861 0.996928096 0.0300910044
vn -0.425566971 0.902758539 0.0626087189
vn -0.425566971 0.902758539 0.0626087189
vn -0.64511466 -0.341792583 -0.683377624
vn -0.436512738 -0.700707614 -0.564327419
vn 0.0160072781 -0.937249422 -0.348291874
vn 0.514742196 -0.669350266 -0.535733759
vn -0.067804575 -0.89361167 -0.443690032
vn -0.392391801 0.913404047 -0.108267747
vn -0.583117068 0.658334434 0.475994021
vn 0.0476065613 -0.876528442 -0.478990048
vn 0.38295269 0.846639991 0.369523883
vn 0.227002442 0.683396459 -0.693858147
vn -0.884499848 0.142668858 -0.444190979
vn 0.609829187 -0.673724115 -0.417377681
vn -0.879302919 0.468026936 -0.0881880298
vn -0.53986001 0.823546886 -0.174131081
vn -0.142893359 -0.978322327 -0.149889275
vn 0.102956995 -0.959884882 0.260808259
vn 0.0729164407 -0.997338057 -6.2985695e-05
vn 0.0522827357 0.957331359 -0.284223825
vn -0.050676614 0.998262107 -0.0300766136
vn 0.487210125 0.629682422 0.605083823
vn -0.0646854043 -0.996364474 0.0554406643
vn -0.508388281 -0.520619452 0.685927749
vn 0.0242278799 -0.731932759 -0.680946052
vn -0.510602117 -0.846564889 -0.150377721
vn 0.12856932 -0.988038063 -0.0851510987
vn 0.0230185706 -0.898872852 0.437604487
vn -0.498085886 -0.751308918 0.432949483
vn 0.601031363 -0.634973526 0.485355556
vn 0.293399632 -0.945211589 0.143149495
vn 0.110758252 -0.599363744 -0.79277724
vn 0.532390356 -0.141415447 0.834603012
vn 0.657217264 0.749061167 0.0835033506
vn -0.0694662705 0.121317782 0.990179956
vn 0.938776672 0.217762098 -0.266979218
vn -0.0871886387 -0.994460881 0.0587000661
vn -0.301458806 -0.799956918 0.518836677
vn -0.292131513 -0.402215868 0.867687523
vn 0.284215033 -0.797909737 -0.531565309
vn 0.582490265 -0.807188451 0.0956653059
vn -0.0743555576 -0.976364076 -0.202939928
vn 0.0338722654 -0.999351501 -0.0122165335
vn 0.0746004805 0.995334089 0.0611955412
vn -0.554975808 -0.334328681 -0.761725724
vn -0.134928122 0.98994267 0.0425193831
vn 0.126611188 0.805692017 -0.578644931
vn 0.0886004344 -0.807042956 0.583807886
vn 0.865037262 0.492929161 -0.0934426263
vn 0.0949168578 -0.649700761 0.754241109
vn -0.206484213 -0.55024153 -0.809072673
vn 0.20837532 -0.79896754 0.564119279
vn -0.0877470896 -0.959108591 0.269093335
vn -0.227930665 -0.973437548 0.0216064323
vn 0.00882526021 -0.953357279 -0.301715076
vn 0.121275887 0.335256755 -0.934288442
vn -0.05306945 0.982239783 -0.17996864
vn 0.771140277 0.438268661 0.461804241
vn -0.0279605333 0.52561444 0.850263357
vn 0.0235350151 0.999060214 0.0363998637
vn 0.0071696504 0.865055442 0.50162518
vn -0.084874548 -0.935038805 0.344236165
vn 0.12580432 -0.991761923 -0.0241139084
vn -0.854615152 0.274273962 0.440915853
vn 0.652209401 -0.586486399 -0.480267256
vn 0.00318117929 -0.999918938 0.0123290829
vn 0.586843491 -0.734605908 0.340541959
vn 0.287321955 0.124636866 -0.949690402
vn -0.0546142086 0.998290479 -0.0208192784
vn 0.217431337 -0.287379771 0.932811022
vn 0.6810413 0.633702993 0.36688295
vn -0.950912416 -0.247512728 -0.185749814
vn 0.0277416203 -0.806342542 0.590797842
vn -0.963059902 -0.148536056 -0.224616781
vn -0.00772965699 -0.986182928 -0.165479407
vn 0.0352652259 0.894600391 -0.445473284
vn -0.782486498 -0.531657875 -0.324121714
vn 0.0756764337 0.230125591 -0.970214009
vn -0.848464549 -0.383466661 0.364775538
vn 0.0062387567 0.998650014 0.0515683666
vn 0.0878913701 0.847237289 0.523893178
vn 0.583874285 0.799631238 -0.140287697
vn 0.16921635 0.579434097 -0.797258973
vn -0.291680217 -0.259156972 0.920738935
vn 0.698982179 -0.290885746 0.653306544
vn 0.334394455 -0.829024255 0.44821772
vn -0.224679172 -0.953291357 -0.201878458
vn 0.239203826 0.551357627 0.799241066
vn -0.00551663619 0.914680481 -0.404140115
vn 0.712224722 -0.491285503 0.501372635
vn 0.291049212 -0.429082662 0.855089724
vn -0.777206242 -0.123011358 0.617105186
vn 0.167073876 -0.969024122 0.181875154
vn 0.504043043 -0.826645136 -0.250196427
vn 0.494588852 -0.0627625361 -0.866857946
vn 0.0097070951 0.969248652 -0.245892152
vn 0.00214749621 0.999635398 0.0269194059
vn 0.124168985 -0.92238307 0.365775198
vn -0.476978928 0.470635623 -0.742289186
vn -0.378862113 0.559628248 -0.73707509
vn -0.0612760335 -0.756499648 -0.651117027
vn -0.593902528 -0.800519943 0.0802968293
vn 0.608630121 -0.328655452 0.722187519
vn -0.271744043 0.960285068 0.0633064136
vn -0.84863627 0.528808236 -0.0133534046
vn 0.0432936549 -0.913390577 0.404775739
vn -0.197550088 0.862528563 -0.46585235
vn -0.0235186443 0.999628186 0.0137931164
vn 0.104377404 0.961143792 -0.255554348
vn -0.169965118 0.889766574 -0.423588544
vn 0.0534787551 0.998421431 -0.0171636567
vn 0.22933042 0.629960299 -0.741995752
vn 0.234599262 0.57452929 -0.784142435
vn -0.0220108163 0.995487332 0.0923057795
vn 0.87842232 0.473083794 -0.0675719678
vn 0.464973807 0.42065537 0.779004812
vn 0.199388176 -0.978834689 0.0461182259
vn -0.585260749 -0.762304842 0.276335537
vn -0.316349387 0.523246348 0.79128772
vn -0.167202219 0.983034611 -0.075406462
vn 0.228966489 -0.868983805 0.438681424
vn 0.265511125 0.615022659 -0.742462754
vn -0.082140252 -0.649431527 0.755970657
vn -0.0318648405 0.76227206 0.646471798
vn 0.201055363 -0.686510086 -0.69877094
vn 0.0629089624 -0.993149519 0.0984713137
vn -0.12766467 0.905875266 -0.403846174
vn -0.0320123397 -0.998532236 0.0436870158
vn -0.0124989459 0.99734962 0.0716767609
vn 0.546133101 -0.758041739 -0.356526673
vn 0.283251643 0.359816372 0.888988554
vn 0.126332194 -0.989642322 -0.0681791827
vn -0.0150587456 -0.998065591 0.0603190698
vn 0.90864104 0.403684497 0.106818691
vn 0.0006531814 -0.93438679 0.356259674
vn 0.494706601 -0.82746309 0.265650362
vn 0.0469848327 -0.180602789 0.9824332
vn -0.943220258 0.299616098 -0.143407762
vn -0.83495599 -0.535605073 0.126394987
vn 0.0427597202 0.86921066 -0.492589533
vn 0.153841823 0.780541718 0.60587728
vn 0.51084882 -0.839618742 0.18459107
vn -0.585462153 0.412732363 -0.697772264
vn 0.0177040584 0.633986652 -0.773141265
vn 0.30824098 -0.870375454 -0.383971304
vn 0.200062841 -0.970778942 0.132526368
vn -0.351057023 -0.636218309 0.687011898
vn -0.883303523 -0.129000634 0.450703561
vn 0.531619132 -0.808218002 -0.25330779
vn 0.814844191 -0.353633702 -0.459316999
vn -0.776767731 0.255461603 -0.575648665
vn -0.163410887 -0.900512815 0.402956039
vn -0.0518091768 0.98582679 0.159566075
vn -0.0298974179 0.95672363 -0.289458066
vn 0.621993959 -0.710090339 -0.329992622
vn -0.223933592 -0.695865273 0.682367504
vn 0.00596111966 -0.998353362 0.057052806
vn 0.207916245 -0.48106575 -0.851672709
vn -0.0382210426 -0.997045934 0.066621311
vn -0.066702418 -0.990994215 0.116108753
vn -0.137849286 -0.984984577 -0.103936501
vn -0.931133747 0.339537978 -0.133056104
vn -0.209682971 -0.924778104 -0.317519337
vn -0.528150916 -0.840170264 -0.123168148
vn -0.188379705 -0.980729878 0.0517881922
vn 0.222881347 -0.646895707 0.729280353
vn -0.131286949 -0.899116635 -0.417555988
vn -0.309517324 -0.9268713 -0.212388083
vn -0.0757268518 0.495125979 -0.865514696
vn 0.544135392 -0.576284468 -0.609764516
vn 0.148757637 0.317607611 -0.936480939
vn 0.162305281 0.07234817 0.984084785
vn -0.482237935 -0.803965449 -0.34797439
vn -0.0318128914 0.593202949 0.804424107
vn -0.470396221 0.607620597 0.639941096
vn 0.764435351 -0.472404063 0.438717395
vn -0.127384797 -0.739552736 0.660934806
vn -0.178451568 0.253041238 0.950854957
vn -0.482075334 -0.491389453 -0.72535497
vn 0.519783854 -0.748360932 0.412044495
vn 0.484105676 -0.767866194 -0.419551045
vn 0.235964194 0.970560312 -0.048305653
vn 0.242047012 0.952362537 -0.185523033
vn -0.00513121765 -0.958216488 0.285998076
vn 0.201017871 -0.977449715 -0.064682886
vn -0.745950758 -0.617052674 0.25060612
vn -0.155957103 -0.87236625 -0.463308126
vn -0.0830555484 -0.923211098 0.375210613
vn -0.0468520783 -0.898713529 0.436026186
vn 0.0892116949 -0.993730962 0.0673808753
vn 0.685708284 0.675104797 -0.272098303
vn 0.242087379 0.126326457 0.961995482
vn -0.742078066 -0.654990315 0.142505392
vn 0.060578838 -0.444457978 -0.893748939
vn -0.301554114 -0.952214897 -0.0484949909
vn 0.854219139 -0.506848812 -0.11581786
vn -0.136560887 0.232449874 -0.962973535
vn 0.503568769 0.858242691 -0.0991865993
vn 0.014106282 -0.886029363 0.463414431
vn -0.589834929 0.189210147 0.785044193
vn 0.845120549 0.534568429 0.00278981775
vn -0.211992875 -0.235590175 -0.948449433
vn -0.159773007 0.158748686 -0.97430557
vn 0.405329138 -0.676229596 -0.615159929
vn 0.085198313 0.994944334 -0.0531701893
vn 0.341467798 -0.500769675 -0.795380116
vn 0.124266788 0.929140449 -0.348218054
vn -0.338699162 -0.940849781 0.00919380691
vn 0.225745127 -0.783936977 0.578344166
vn 0.746875167 -0.373793423 -0.549959898
vn 0.129812881 0.893792391 -0.429282695
vn 0.291820496 0.642941535 -0.708143353
vn 0.239511326 0.300164282 0.923328578
vn 0.253261715 0.966334105 -0.0453537628
vn 0.123988532 0.978106916 -0.167133421
vn 0.281484783 -0.188198879 -0.940929115
vn -0.254932493 -0.400050759 0.880323112
vn 0.978211105 0.20001395 -0.0556555353
vn 0.0176527351 0.987567186 0.156203046
vn -0.406583846 -0.839683235 -0.360030115
vn -0.418064654 0.904371083 -0.0856436789
vn -0.0834541544 -0.980329394 -0.178856313
vn -0.0139934169 0.998888373 -0.0450136438
vn 0.259695351 -0.962273002 0.081171222
vn 0.74141103 0.661675036 -0.111785106
vn -0.283378363 -0.435935616 0.854199588
vn -0.188225657 -0.830055594 0.524956167
vn 0.132486299 -0.904088795 -0.40628916
vn -0.359556466 0.761421204 -0.539404154
vn 0.00276926463 -0.929563403 -0.368651927
vn -0.200168401 0.768943071 0.607173026
vn -0.169319838 0.956913471 -0.23589699
vn -0.760931671 -0.637052655 -0.123073123
vn 0.277256131 -0.575834572 0.769118667
vn 0.0759036988 0.73077476 -0.678385437
vn 0.854893267 0.451110393 -0.256236047
vn -0.0296559427 0.977670968 -0.208038628
vn 0.0192809813 -0.998730421 0.0465380214
vn -0.914425969 -0.371061295 -0.161674544
vn -0.753116131 0.519876182 0.403168619
vn 0.0810260773 -0.627195656 -0.774635673
vn 0.232878849 0.0177150872 -0.972344339
vn -0.0212107282 -0.976966321 -0.212337077
vn 0.823380649 0.493504345 0.280174673
vn -0.552722991 -0.740241051 -0.382805943
vn -0.34310028 0.907060385 -0.24397482
vn 0.10431961 -0.984708428 0.139523119
vn -0.338705987 0.266168773 0.902459085
vn -0.673846066 -0.714572549 -0.187929228
vn -0.243286908 0.582897067 0.77526933
vn 0.434878856 -0.614244461 0.658470988
vn -0.0889465883 -0.994357228 -0.0578103401
vn -0.00636990927 -0.978593349 0.205705225
vn -0.058645688 0.996839583 0.0535864905
vn 0.172937572 0.972187817 0.157934785
vn -0.00663853949 0.998982668 -0.0446046218
vn 0.418619663 -0.892221034 0.169408903
vn 0.171683028 0.980583727 0.0947650522
vn -0.308852911 0.822261095 -0.478013128
vn 0.622919917 -0.551355422 -0.554957688
vn 0.544377923 0.207405582 -0.812794924
vn -0.302580267 -0.178671852 -0.936227381
vn 0.0981359854 -0.949392498 0.298367679
vn -0.0229706038 -0.999539435 -0.0198307242
vn 0.577056348 0.505489349 0.641472042
vn -0.683202803 -0.660611093 0.311170131
vn -0.0970798358 -0.887073278 -0.451305389
vn 0.132866427 0.860403597 -0.491988003
vn 0.273454338 0.133077309 -0.952634871
vn 0.0366450064 -0.69875294 0.714423835
vn 0.0223451573 0.922488391 0.385377347
vn -0.798929274 -0.255831927 0.544299543
vn -0.0443426557 0.998067021 -0.0435416214
vn 0.422058821 0.881235361 -0.212815583
vn 0.171943963 -0.904943526 0.389245987
vn -0.155806944 0.841739893 0.516912162
vn 0.0199153721 -0.447114199 -0.894255102
vn 0.0801687166 -0.324368417 0.942527533
vn -0.0170065612 0.621753216 0.783028543
vn 0.5612306 -0.775895417 -0.288108468
vn 0.00614712667 -0.977267087 -0.211922884
vn -0.104437448 0.994240701 0.0240476858
vn 0.302194804 -0.404810011 -0.863022089
vn 0.305866361 0.952072203 0.00209834101
vn 0.848038971 -0.377084225 -0.3723405
vn 0.00380923832 0.993714094 -0.111882873
vn 0.25205639 -0.936519861 0.243717179
vn -0.0710889995 0.997290194 -0.0189407393
vn -0.641020358 0.270040333 -0.718450427
vn 0.0198651571 -0.567759573 0.822954714
vn 0.513047278 -0.723779082 0.461439401
vn 0.525949359 -0.804193258 0.276858211
vn -0.0269164555 -0.971704185 -0.234662309
vn 0.186367944 0.723465323 -0.664729357
vn 0.0318609029 -0.999307334 0.0192264896
vn 0.324483573 0.765910566 -0.555059671
vn 0.347881943 0.936780035 -0.0377007425
vn -0.768719554 -0.108719483 -0.630277991
vn 0.202415094 0.696250916 -0.688667357
vn -0.125302166 -0.864134431 -0.487412453
vn -0.230927199 0.639618516 -0.73318541
vn 0.128587753 0.990938246 -0.0388130285
vn -0.198411405 -0.839706779 -0.505495131
vn -0.0737008676 0.916639805 -0.392860949
vn -0.268867671 -0.338007957 -0.901920557
vn -0.111463286 0.981101513 0.15816395
vn -0.842833877 0.233208179 -0.485020608
vn 0.67330277 0.280016303 -0.684291184
vn 0.178685144 -0.919221461 0.350861222
vn 0.123170085 0.99042201 0.0623971038
vn 0.28777796 0.953548074 -0.089050971
vn 0.582690954 -0.803893089 0.119277298
vn -0.720531821 -0.366241276 0.588813543
vn 0.645082295 0.425785065 -0.634488821
vn 0.223835379 -0.972912729 -0.057780575
vn 0.200750366 0.134171709 -0.970410824
vn 0.524592936 0.489426255 -0.696608961
vn 0.353139311 -0.660433948 0.662661016
vn -0.022043379 0.989796638 0.14077203
vn 0.26797533 0.959207177 0.0900602415
vn -0.727912128 -0.65852952 0.191004664
vn -0.176363409 0.873290956 0.454157203
vn 0.0528509095 0.988562047 0.141251519
vn -0.924616992 0.366209388 -0.104756571
vn -0.255525798 -0.965376139 -0.0524927266
vn -0.0947306454 0.50193727 0.859700501
vn 0.984576762 -0.162948802 -0.0636899173
vn 0.082417585 0.954818964 -0.285531431
vn 0.346465141 -0.873580098 0.341788888
vn -0.517301023 0.842202425 0.151969284
vn 0.452869534 -0.216510803 -0.864888549
vn -0.119779378 0.99205035 -0.0385885127
vn 0.442063063 0.87556684 -0.194840923
vn 0.0418583937 0.911353648 0.409490436
vn 0.119078636 -0.952168405 0.281417161
vn -0.498257399 0.295082599 -0.815270305
vn 0.650441945 0.425529808 0.629165888
vn 0.234921545 -0.748004377 0.620726466
vn -0.744200468 0.657340467 -0.118614063
vn -0.0778731033 -0.945551574 -0.316019028
vn -0.406575382 0.531192482 0.74332422
vn 0.0327513441 -0.749107718 0.6616382
vn 0.119315661 -0.99153161 0.0512716994
vn 0.386725396 -0.632807136 0.670819342
vn 0.361559689 -0.434496522 0.824916542
vn -0.667616546 -0.678034186 0.307502359
vn 0.193395823 -0.979450226 0.0572304502
vn 0.0638265386 0.997691393 0.0231942944
vn 0.128281116 0.962460995 0.239191994
vn 0.134419546 0.305960923 -0.942506969
vn 0.295821995 0.213407487 0.931099653
vn -0.158214614 0.747633934 -0.64498961
vn -0.967016101 -0.229684561 -0.110112704
vn -0.967016101 -0.229684561 -0.110112704
vn 0.154900849 0.640593886 -0.752093911
vn -0.0799488947 -0.818927228 -0.568301201
vn 0.250622422 -0.715916693 0.651653171
vn 0.115681343 -0.699506342 -0.705201209
vn 0.226102024 0.638174176 -0.735942662
vn -0.00259351986 0.999724388 -0.0233372524
vn -0.402359694 -0.794212639 -0.45533815
vn 0.142797664 0.989690781 0.0110048754
vn -0.31609118 0.147375077 -0.937212408
vn -0.164136693 -0.869780898 -0.465339035
vn -0.0499872044 -0.992124677 -0.114847198
vn 0.184727296 0.941413343 -0.282164365
vn -0.101770274 -0.80512917 -0.584302843
vn 0.273113996 -0.331745118 -0.902969539
vn 0.116936237 0.991901398 0.0495737419
vn 0.200332925 -0.754729152 -0.624700367
vn -0.148384377 -0.985055804 0.0874485001
vn 0.245230004 0.646993339 0.721984684
vn 0.163388699 -0.339630306 0.926258802
vn 0.0408142135 -0.938754976 -0.342159629
vn 0.4800466 0.821035743 0.308958948
vn 0.325342089 0.879874229 -0.346372485
vn 0.200168833 0.309494406 0.929594278
vn 0.074294962 -0.613177657 -0.786443472
vn -0.378004611 0.893795788 0.241333112
vn -0.0258678868 -0.992234826 -0.121659622
vn 0.044681605 -0.785606444 0.617111146
vn -0.172752902 0.771103978 -0.612825513
vn 0.0361314155 -0.350502193 -0.935864747
vn -0.285986841 -0.940828264 -0.181806773
vn 0.0120926881 0.991817415 0.127090067
vn 0.394089907 0.918519318 -0.0318674557
vn -0.0666905865 -0.813727558 -0.577407897
vn -0.553089797 -0.61475724 0.562285662
vn 0.416885704 -0.773505092 0.477384746
vn 0.0463175997 -0.998786271 0.0167559069
vn 0.0826972127 -0.0790495574 0.993434608
vn -0.594643235 0.777692199 0.20394671
vn -0.180151746 -0.856205642 0.484207928
vn -0.61794287 0.50130862 -0.605670035
vn 0.0271170847 -0.999424875 -0.0203596205
vn 0.0286609735 -0.999243557 0.026285354
vn -0.660797834 0.0700691491 -0.747286141
vn -0.384752661 -0.863372087 -0.326426029
vn -0.285819083 -0.69271183 0.66216141
vn 0.0665075034 -0.969114244 0.237474859
vn -0.546500444 -0.595027626 -0.589304149
vn 0.0729166344 -0.308212817 -0.948518872
vn 0.910242796 0.218153894 0.351947099
vn -0.853452861 0.328408867 -0.404680103
vn 0.260739386 -0.442409515 0.858072698
vn -0.417604268 0.844723284 -0.334737808
vn -0.742950201 0.656492591 0.130546719
vn 0.212744758 -0.141563326 -0.966798604
vn -0.466919661 -0.880266011 0.0843672678
vn 0.020776635 -0.962883711 -0.269116074
vn 0.310264111 -0.754138768 0.578801215
vn -0.442620188 0.826614857 0.347556025
vn -0.451319486 0.824560702 0.341189414
vn -0.920823395 0.0801406801 0.381656498
vn 0.379897684 -0.454788536 -0.805509269
vn -0.12256258 0.989002049 -0.0827849805
vn 0.00966284983 0.999952853 -0.000931346091
vn -0.540806234 0.118870139 0.832705557
vn 0.0660842732 0.997814059 0.000318346225
vn 0.0336275138 0.84035182 0.540997148
vn -0.0989398211 -0.864994764 0.491929799
vn 0.330540776 0.671647251 0.663048148
vn -0.677229822 0.631208837 -0.37806794
vn -0.172860265 -0.707466781 0.685281098
vn 0.0250441711 -0.998716533 -0.0440231748
vn -0.128812 0.991564333 -0.014416039
vn 0.0229176506 -0.99750036 0.0668418407
vn 0.208813041 -0.792119801 0.573535681
vn 0.0243849158 -0.992279232 0.121602841
vn -0.200577408 0.411566526 0.889034152
vn 0.0903492868 -0.995370865 0.0327714719
vn -0.0427098833 0.00829341635 -0.999053061
vn -0.0427098833 0.00829341635 -0.999053061
vn -0.339804977 0.270331085 -0.900807202
vn 0.100551791 -0.954127312 -0.282011598
vn -0.772400975 0.271358013 0.574248791
vn -0.0136342905 0.980779111 -0.194644049
vn 0.552093506 -0.816814065 0.167354435
vn 0.0416910872 0.984621048 0.169656172
vn -0.616353393 -0.779129446 0.114306413
vn -0.598998785 -0.772651672 -0.210261151
vn 0.911380947 0.151906535 0.382503837
vn 0.269176602 -0.934186578 -0.234178111
vn -0.10073375 -0.934669852 -0.34094727
vn -0.0367617495 -0.803227007 -0.594537556
vn -0.871650875 0.268681288 0.409920722
vn -0.733292043 0.489647418 0.471728802
vn 0.210078329 -0.249480963 -0.945318043
vn -0.194894716 0.972901702 0.124412037
vn 0.81158483 0.575334668 0.101587966
vn -0.477080256 0.874213576 0.090250209
vn -0.91746074 -0.363397717 0.161888182
vn -0.504231215 -0.538057804 -0.675458908
vn -0.108908989 -0.920497179 -0.375264972
vn -0.148517013 -0.700151026 0.69837749
vn -0.610535204 -0.63785851 -0.469449967
vn -0.127008319 0.977477491 -0.168542519
vn 0.264048874 -0.285001397 0.921440423
vn 0.680053413 -0.434102058 0.590832174
vn 0.561613023 -0.574776769 0.595165968
vn -0.934891343 -0.354406834 0.0193337072
vn -0.934891343 -0.354406834 0.0193337072
vn 0.503259063 0.374786645 0.778630316
vn -0.0978186056 -0.311121553 -0.945322633
vn 0.0684926733 -0.870859087 -0.486737251
vn -0.84548831 -0.510127842 0.157857254
vn 0.335180163 -0.439907163 -0.833148181
vn 0.14968878 0.601672292 0.784591436
vn -0.337671608 0.396096855 0.853864968
vn 0.499330997 0.78664124 -0.363130867
vn 0.537471116 -0.401804239 0.741402686
vn 0.67824471 0.135267466 0.722278953
vn 0.0685580596 -0.996582806 0.0460707322
vn -0.130662709 -0.990978062 -0.0298287719
vn -0.885602593 0.320600957 -0.336040199
vn 0.0265868306 0.991813421 -0.124896862
vn -0.442746788 -0.839506328 -0.314967155
vn -0.0762168393 -0.971425712 -0.224773198
vn 0.889537454 -0.285447657 0.356711179
vn 0.0910971463 0.995016456 0.0405406244
vn -0.280330598 -0.859683394 -0.427035481
vn 0.637461007 0.770338833 -0.0148808397
vn 0.172486067 0.470469773 0.865393937
vn -0.948645115 -0.296189755 -0.111104555
vn -0.419057399 0.811091483 -0.408070475
vn 0.341394722 -0.0911348462 0.935491323
vn 0.117613122 0.266430289 0.956651509
vn -0.0697010905 -0.45154953 -0.889519453
vn 0.953468204 -0.216539025 -0.209783271
vn 0.150378555 0.956997812 0.248075262
vn 0.0309890229 0.996879458 0.0726009458
vn -0.0278283749 0.322733253 0.946080744
vn 0.0072810594 -0.99986589 -0.0146684675
vn 0.0311850123 0.99802345 0.054559499
vn 0.611056626 -0.396387428 -0.685191035
vn 0.171861902 -0.901305199 -0.397633612
vn -0.44731009 -0.612312555 0.651910186
vn 0.40587768 0.911647856 0.0645100772
vn 0.934222698 0.316946328 0.163624451
vn -0.0125823375 0.999920487 -0.000847888587
vn 0.115965441 -0.992242694 -0.0447943807
vn 0.653255105 -0.729368567 -0.203172997
vn -0.222114936 0.964046776 -0.145872518
vn 0.376385838 -0.344003767 0.860229671
vn -0.0777084157 0.950796068 0.299913615
vn -0.0436230302 0.476179659 0.878265381
vn 0.316353172 0.201268435 0.92704463
vn 0.0476171337 0.413170666 0.909407794
vn -0.0351392329 0.998764873 0.0351275317
vn 0.155814782 0.385390401 0.909503222
vn 0.0130175045 -0.998705268 -0.0491763279
vn 0.205381647 -0.966941774 -0.151135981
vn 0.617740452 0.287555546 -0.731921136
vn -0.261579722 0.950285554 0.168917924
vn -0.0733586177 0.938324213 0.337884635
vn 0.605941296 0.47681123 0.636777937
vn 0.365875512 -0.925415099 -0.0987016186
vn 0.25107044 0.205815926 0.945834756
vn 0.860390365 0.402429968 0.312695563
vn 0.262001425 0.148776487 -0.953530729
vn 0.00965077337 0.995627701 -0.0929108262
vn 0.121610969 -0.729798973 0.672758639
vn -0.0304597002 -0.393848747 0.918670475
vn -0.124060676 -0.980911076 0.149741665
vn 0.00501560979 0.873503566 -0.486791998
vn 0.00517651392 0.636539459 0.771226764
vn -0.0159284044 0.95958221 -0.280977607
vn 0.0528480299 0.997308195 -0.0508267879
vn 0.0638665855 0.189717591 0.979759336
vn 0.137634605 -0.858951032 -0.493213773
vn -0.0164387226 -0.994500935 0.10342972
vn 0.238089889 -0.71215874 0.660411417
vn 0.0288351458 0.691173971 -0.722112954
vn 0.882256985 -0.216285273 -0.418142825
vn -0.918655217 0.205036238 -0.337687254
vn -0.166635185 0.851770461 0.49670887
vn -0.89150238 0.23139064 0.389463514
vn 0.256509721 -0.960343063 -0.109288685
vn -0.238397926 0.698521495 0.674710512
vn -0.47750625 0.735157132 -0.481177449
vn 0.266790837 -0.929459512 -0.25480926
vn -0.0498012118 0.931072295 0.361419648
vn -0.172111839 0.978283286 -0.115496278
vn -0.674561024 -0.583210111 0.45258528
vn -0.487730831 0.26026392 0.833295465
vn 0.174133286 0.592518985 0.786510646
vn -0.0503136814 0.336538494 -0.940324664
vn -0.487995416 0.847068429 -0.210560426
vn 0.714278817 -0.156623498 0.682110608
vn 0.606519103 -0.671835244 -0.425172895
vn -0.146253482 -0.929671347 0.338114232
vn 0.267281622 0.577686965 -0.771257579
vn -0.112327576 0.946422935 -0.302764058
vn 0.272614598 0.566565216 0.77761507
vn -0.482310832 0.642918229 -0.595006168
vn 0.0391926803 0.963979423 -0.263073444
vn -0.23524715 0.956331909 0.173459157
vn -0.759702444 0.64492768 0.0831895247
vn 0.386839092 -0.854499817 -0.346677959
vn 0.0110024484 0.983013928 -0.183200881
vn -0.6950562 -0.666283071 -0.270117998
vn -0.595242321 -0.317278057 -0.73825562
vn -0.413870305 -0.90582478 0.0905138552
vn 0.453240067 0.77178216 0.446011037
vn -0.131726414 0.904650033 0.405285835
vn -0.166070014 0.984700322 -0.0527814031
vn -0.606262267 0.766112864 -0.213347822
vn -0.0502280369 0.596706331 -0.800886214
vn -0.0227278937 0.998036027 0.0583748706
vn -0.567740142 -0.700277805 0.432761014
vn -0.255931973 -0.521886885 0.813715518
vn 0.531685352 0.831423461 0.161386624
vn -0.804964423 0.380335212 0.455387145
vn -0.00794820115 0.0962110385 0.995329201
vn -0.528773963 -0.848127961 0.0328177661
vn 0.0240422618 0.994126141 -0.105524391
vn -0.64716804 -0.734639883 -0.203661159
vn 0.163276449 -0.275418341 -0.947357178
vn -0.35900864 -0.846877754 0.392315
vn 0.00268524745 0.936572254 0.350464344
vn 0.00475961901 0.999967933 -0.00643031904
vn -0.0575828254 -0.688507199 0.722939849
vn -0.0248985272 0.998960078 -0.0381920002
vn -0.801246524 0.439035326 0.406512082
vn -0.157592595 0.167764589 0.973149359
vn 0.210888341 0.891803861 0.4002648
vn -0.899564803 0.169517875 0.402550489
vn 0.291102767 0.426716357 0.856254756
vn 0.220595017 0.963829398 -0.149568319
vn 0.0177639704 0.82444948 -0.565656662
vn -0.65497756 -0.701545477 0.280781686
vn -0.228549212 -0.179706231 0.956802487
vn -0.381197453 -0.906962097 -0.179188102
vn 0.199577704 -0.814804316 0.544300199
vn 0.129837885 0.136868089 -0.982043445
vn -0.201941878 -0.974169374 0.101062112
vn -0.0983415842 0.950326204 -0.295311689
vn 0.257712722 0.404278636 0.877577901
vn 0.194574028 0.865285337 0.46197626
vn -0.521111548 -0.147207871 -0.840697646
vn -0.174258575 0.854335129 0.489638001
vn -0.345600724 0.916021466 -0.20362924
vn -0.0542733185 -0.99789387 -0.0355301015
vn -0.262715369 -0.346476465 -0.900519073
vn 0.0153703894 0.99595952 -0.0884785652
vn 0.970466673 -0.063184157 0.232813388
vn -0.0213038102 0.976438642 0.214741215
vn -0.62404722 -0.697600126 0.352021337
vn -0.100618675 -0.994901061 0.0069141346
vn -0.100618675 -0.994901061 0.0069141346
vn -0.0138929784 -0.999903262 -0.000616094505
vn 0.1633901 -0.974220812 -0.15555568
vn -0.62057811 -0.441117734 0.648303866
vn -0.0157205351 0.995203018 -0.096560806
vn 0.920272827 -0.380765319 -0.0900881514
vn -0.379348874 0.91166997 -0.157962769
vn 0.48166272 -0.712091565 0.510809898
vn -0.0363754481 0.997857273 0.0543838404
vn 0.746628284 0.620735109 -0.239236236
vn -0.589830041 0.556204677 0.585437357
vn 0.941525698 -0.297077656 0.158978626
vn 0.386500388 0.922007918 0.0227824487
vn 0.755559146 -0.654040754 -0.0368926935
vn 0.699176073 0.386358559 0.601564467
vn -0.117302112 -0.741535902 -0.660579085
vn -0.837327123 -0.500952363 0.218929678
vn -0.821634948 -0.538642228 -0.186495498
vn -0.276402354 -0.236955956 -0.931371808
vn 0.660801113 -0.739596069 -0.127825573
vn -0.198226064 0.926722169 -0.31920594
vn 0.239045143 -0.153266445 -0.958836198
vn -0.238677815 0.964776576 -0.110630207
vn 0.924488962 -0.380929321 -0.0145939831
vn 0.678943157 0.628890693 0.378857136
vn -0.419040263 0.760456681 -0.496095717
vn 0.745067954 0.252542943 -0.617329657
vn -0.207802206 -0.516473711 -0.830706358
vn 0.0766739398 0.966624916 -0.244453043
vn -0.415499389 -0.316699445 -0.852679133
vn -0.116903789 -0.710656643 -0.693758368
vn -0.795476496 -0.151025191 -0.58686316
vn 0.0447764322 -0.945289791 0.323144615
vn 0.465802044 -0.884081721 -0.0377882905
vn -0.297826111 0.271443337 0.915214896
vn 0.0421544388 -0.997486472 -0.0569545031
vn -0.69342339 -0.486792237 -0.531222403
vn 0.395710498 0.808974028 -0.434711605
vn 0.034545213 -0.880170166 0.47339955
vn -0.0210770257 0.999653041 0.0157981589
vn 0.356678396 0.742437363 0.567069173
vn -0.43875581 0.59422493 0.674084544
vn 0.0367628075 -0.980366349 -0.193726882
vn -0.525502324 0.747954965 0.405475825
vn 0.460579902 -0.519797504 0.719497502
vn -0.0233902056 0.997553885 -0.0658713132
vn 0.466254056 -0.455106944 -0.75860709
vn 0.124396458 -0.98393935 -0.128019094
vn -0.486728579 -0.840997219 -0.236260071
vn -0.0663523376 0.945076525 0.320043296
vn 0.574311733 0.777411759 0.256509095
vn 0.527570188 0.126590207 -0.840026557
vn -0.112071887 -0.993699849 -0.000625189394
vn -0.0585606769 -0.968625844 -0.241525739
vn -0.892337918 0.424753398 -0.152700976
vn -0.0681067631 0.992425501 0.102240033
vn 0.139996663 -0.989713609 -0.0294622164
vn 0.393273503 0.710173905 0.583942533
vn 0.244973823 -0.527456999 0.813496768
vn -0.117665857 0.421787322 0.899027288
vn -0.128594786 -0.915452361 -0.381326944
vn -0.285721749 -0.957446277 -0.0407402143
vn -0.648352504 -0.744579136 -0.158873916
vn -0.369396865 -0.566737652 0.736447215
vn -0.751728833 0.59530443 0.283754081
vn 0.00278096506 0.977743566 0.209785506
vn -0.444089323 -0.772732019 -0.453508198
vn -0.277527004 -0.349568754 -0.894863367
vn -0.398074508 0.177776664 -0.899962366
vn -0.0670396164 0.983495295 -0.168055579
vn 0.553321719 0.578233778 -0.599566996
vn 0.343576103 -0.899851739 0.268742114
vn -0.0425034389 0.798057139 -0.601080835
vn -0.0810692981 0.995501816 -0.0490283668
vn 0.516138613 -0.491460055 0.70147562
vn 0.172045186 0.859279573 -0.481704414
vn 0.299281418 -0.842594445 -0.447733492
vn 0.00547780748 0.993176699 -0.11649026
vn 0.410090774 -0.535335064 0.73840487
vn 0.864175856 0.169384599 -0.473823667
vn -0.600350678 -0.648108423 -0.468545139
vn -0.546182156 -0.660137177 0.515658617
vn 0.088595368 0.99603188 -0.00843126513
vn 0.0245115012 -0.99714303 0.0714485571
vn 0.202952102 -0.648809373 -0.733387291
vn -0.272199899 0.749345839 0.603645623
vn -0.122620583 -0.930763662 -0.344446361
vn 0.394100487 0.153202564 0.906208456
vn 0.371800631 0.549805522 0.74798274
vn 0.0106267231 -0.228939503 0.973382592
vn -0.0451369099 0.961285889 -0.271831244
vn -0.103650674 0.954624772 -0.279191911
vn -0.266928077 -0.764023542 -0.587381721
vn 0.537766755 0.539174199 0.648149788
vn 0.605959833 -0.648193657 0.461148262
vn -0.155055836 -0.687245905 -0.709683657
vn -0.0225506257 -0.998153269 -0.0564050898
vn -0.496711165 0.430853724 0.753420889
vn -0.259031266 0.720749199 0.642980039
vn 0.0604746528 -0.466476142 0.882464051
vn -0.865977824 -0.440804005 -0.236165926
vn -0.345956534 -0.694368482 0.631004393
vn 0.262145907 0.428863227 -0.864497483
vn -0.227304474 0.578699708 -0.783223689
vn -0.37337777 0.86724782 -0.329348415
vn 0.667781413 -0.72987479 -0.14611882
vn -0.143051043 -0.689895093 -0.709634542
vn 0.445137233 -0.721188605 0.530791759
vn 0.133720055 0.987909555 -0.0784454495
vn -0.485494316 -0.865914285 0.120364964
vn -0.476181984 0.366786003 -0.799198806
vn -0.199881658 -0.66726619 -0.717497826
vn -0.0173565578 0.990595818 -0.135715023
vn 0.0696271136 0.974898696 0.211481884
vn -0.0587084517 -0.105921991 0.99263984
vn -0.130758658 -0.810299635 0.571241438
vn 0.402830929 0.843842924 -0.354480207
vn -0.0506375283 0.99871701 -0.000244564028
vn -0.974983394 0.134420767 -0.177026793
vn -0.0506982841 -0.833622038 0.550003588
vn 0.181183368 0.714128733 -0.676160216
vn -0.357963622 -0.484224558 0.798366189
vn 0.415896505 0.819789052 -0.393669873
vn 0.701458812 0.70502001 -0.104413755
vn -0.924553514 -0.371578157 0.0844415277
vn 0.0260809958 -0.99941355 0.0221873242
vn -0.665053487 0.3020356 0.68299222
vn -0.0437585972 0.992897034 0.110637076
vn 0.2073652 -0.484416336 -0.849906147
vn -0.208125502 0.957781076 0.198340997
vn 0.149221003 0.984459758 -0.0925848112
vn 0.0267282296 -0.850342274 0.525550783
vn -0.291064441 0.942499936 -0.164242119
vn -0.0581897981 -0.913342535 0.403012812
vn 0.295259416 0.293368161 -0.909261763
vn 0.00285071088 0.999591112 0.0284524225
vn -0.0903379247 0.862509012 0.497912884
vn -0.785110056 -0.529177368 0.321828365
vn -0.137477741 0.401304781 -0.90556854
vn -0.12415833 0.945953667 0.299593538
vn -0.835184872 0.536509335 -0.120929047
vn 0.0762842074 -0.850741923 -0.52001828
vn 0.850318789 -0.165156469 0.499681324
vn -0.0649654865 0.984299004 0.164118975
vn -0.0253962427 0.995353162 -0.0928815901
vn -0.171722203 -0.190753132 -0.966501236
vn 0.0886041522 0.966653526 0.240270928
vn -0.831406832 -0.549016714 -0.0856929272
vn -0.0100950059 -0.997238636 -0.0735743493
vn 0.00973586924 -0.999745667 0.020343326
vn 0.259727299 -0.209946409 -0.942583799
vn 0.0333445035 -0.999233961 0.0204879735
vn -0.0992690399 -0.761843383 0.640109658
vn -0.198534951 -0.782681167 -0.589910269
vn -0.16620855 0.985452175 -0.0354767106
vn -0.938636243 -0.271583259 0.21261321
vn 0.866852462 0.252919108 -0.429649681
vn 0.111230865 -0.633742094 -0.765505493
vn -0.898148954 0.385107607 0.212180465
vn 0.813566089 -0.184876159 -0.551299393
vn 0.154333204 -0.974289417 0.164138183
vn -0.00551195676 -0.999808848 0.0187589359
vn 0.173205897 -0.955056965 0.240553558
vn 0.238963962 0.884263635 0.401215822
vn -0.196639061 0.253541201 0.947127163
vn 0.0994755626 -0.948050022 0.302168608
vn -0.193153039 0.974902213 -0.110714167
vn 0.0650251284 -0.969612956 -0.235843807
vn 0.723511219 0.584859431 0.366702646
vn 0.118779421 -0.219494402 -0.968356192
vn 0.22224991 0.77481246 0.591836691
vn -0.0137117812 0.993902147 -0.109410286
vn 0.728868663 -0.632744372 -0.261505067
vn -0.543135464 0.370205671 0.753625631
vn -0.774991751 0.162861884 0.610625744
vn -0.214430004 -0.972386003 -0.0921152532
vn 0.194447994 -0.813770473 0.547693133
vn -0.015914673 0.998770773 0.0469435453
vn -0.0778881386 0.972710311 -0.218559012
vn -0.904432535 0.417404562 0.0881773084
vn 0.293225765 0.26254189 -0.91928798
vn -0.08113686 0.942440033 -0.324381828
vn -0.074801676 -0.996885002 -0.0250027701
vn -0.0931557342 -0.899188697 0.427529812
vn 0.0177391507 0.289975703 0.956869602
vn -0.222529456 -0.381619006 -0.897132993
vn 0.289132476 0.954917252 0.0673459545
vn -0.394697577 -0.915167332 -0.0817470774
vn -0.0447306186 0.968860805 0.24353227
vn -0.233532727 0.427187413 0.873483479
vn -0.04901639 -0.860225141 -0.507552922
vn -0.341686577 0.898030162 0.277113885
vn 0.499537736 0.318293899 0.80569911
vn 0.267791659 -0.731821001 -0.626678288
vn 0.15552564 0.813769579 -0.559991956
vn -0.0498303734 -0.963354349 0.2635625
vn -0.632940471 0.546625912 0.548257649
vn 0.540756106 0.838127136 0.0715940371
vn -0.612747729 0.708702981 0.349686027
vn -0.33196348 0.177362651 0.926467776
vn 0.094994016 -0.994762897 -0.0377217419
vn -0.616556108 -0.516896844 0.593865454
vn -0.95504123 -0.00510441186 0.296429038
vn -0.95504123 -0.00510441186 0.296429038
vn 0.0139519572 0.999877274 -0.00713051483
vn 0.0137463873 -0.998199105 0.0583915673
vn 0.778929055 0.563690901 -0.274812788
vn -0.057017941 -0.997950256 -0.0290568843
vn -0.412420869 -0.500074863 0.76146841
vn -0.0517227501 -0.824242592 0.563869715
vn -0.0902704522 -0.0796525553 -0.992726982
vn -0.391567469 0.824596763 -0.408307701
vn -0.502319992 -0.838113368 -0.21269834
vn -0.0220702738 -0.84814322 0.529307187
vn 0.0319891199 0.997496903 -0.0630604029
vn -0.232306823 -0.968389094 0.0908639282
vn 0.535415232 0.811216891 -0.235069469
vn -0.124261066 0.934175432 0.334478021
vn -0.686828196 -0.590144634 0.424259752
vn -0.275446236 -0.375337511 0.885014832
vn 0.0149765862 0.997041225 -0.0753957108
vn 0.139602497 -0.962902904 -0.230931044
vn 0.019606743 -0.995088756 0.0970258638
vn -0.0926648825 -0.995254755 0.0296843369
vn 0.29792881 -0.891802311 -0.340480626
vn 0.017709367 -0.999351084 -0.0313682035
vn -0.104726002 0.924768746 0.365834951
vn -0.326541543 -0.76987201 0.548331738
vn -0.575268745 0.770135581 0.275602967
vn 0.789747357 0.594431877 0.151491702
vn 0.0735547394 -0.811540723 -0.579647541
vn -0.552575469 -0.38380608 0.739833295
vn 0.414617062 -0.578323543 -0.70259124
vn -0.412837118 0.817941487 -0.400670856
vn 0.352321774 0.924166918 0.147597238
vn -0.231031716 0.748736441 0.621303558
vn 0.154232815 0.923922181 0.350114346
vn 0.117287397 0.548376858 0.827965379
vn 0.723073065 -0.123315625 0.679675341
vn 0.804121971 0.528060913 0.273019224
vn -0.176258519 -0.97573787 -0.12987873
vn -0.795609951 -0.601527274 0.0719012767
vn 0.0579891093 0.908648908 -0.413514853
vn -0.219584063 -0.888978124 0.401871592
vn -0.0334587395 -0.939184844 -0.34177807
vn -0.293143362 -0.949289322 -0.113653027
vn -0.205746382 0.815745592 0.54058069
vn -0.22735633 -0.892837703 0.388779968
vn 0.0330166109 0.983411014 0.178361222
vn -0.219326198 -0.403020948 0.888521373
vn -0.270469397 -0.648373783 -0.711658418
vn -0.211493701 0.936157346 0.280855477
vn 0.469542384 0.882124484 -0.0372334681
vn -0.403117597 -0.623621285 0.669770658
vn 0.280259132 -0.584991276 0.761078179
vn 0.0890390798 -0.91434747 0.395020038
vn -0.0784215927 -0.993170679 -0.0863825083
vn 0.41138044 -0.342703581 -0.844582975
vn 0.0471504107 0.989796519 0.134460643
vn 0.929316342 0.259727389 -0.262512803
vn 0.66241312 -0.687494099 0.297591388
vn 0.113213234 0.955744088 -0.271543831
vn 0.612776697 0.114525877 -0.7819134
vn -0.02555326 -0.872071207 -0.488711447
vn 0.172141686 -0.493474096 0.852555215
vn -0.544196248 -0.830590308 -0.118195243
vn -0.422979265 -0.823474169 -0.37812528
vn 0.566860378 -0.80728811 0.164180174
vn 0.896216691 0.440425843 0.053111136
vn 0.680146515 -0.260240495 0.685328782
vn -0.723412573 0.665060759 0.185387418
vn -0.160259992 -0.792508841 0.588427126
vn 0.961281776 -0.17135185 -0.215814605
vn -0.514143765 -0.343374968 -0.785970628
vn -0.359953582 -0.699108362 0.617803276
vn 0.696286798 -0.639442205 -0.326034248
vn -0.0937320143 -0.995505989 -0.0134953652
vn 0.0935186595 -0.606924176 0.789238453
vn -0.407628387 0.90900749 0.0868599787
vn 0.203206316 0.771488965 -0.602919579
vn 0.885605752 0.213228598 0.412596673
vn 0.955904245 0.0661180317 -0.286138594
vn 0.682708979 -0.720014691 0.124448404
vn -0.00722623477 0.981542468 0.191107824
vn -0.075532496 0.872680902 0.482413679
vn 0.382483184 -0.92152679 -0.0670440644
vn -0.38117671 -0.431667894 0.817537189
vn 0.118187837 -0.992750227 -0.021879239
vn 0.120402999 0.933210492 -0.338557631
vn 0.0704382136 0.881134033 0.467590928
vn 0.768747091 -0.394887805 -0.503082037
vn 0.758052886 -0.345493734 0.553163588
vn 0.473458588 0.293270856 -0.830559552
vn 0.038095966 0.21209006 -0.976507425
vn -0.188455895 -0.348738343 -0.91807735
vn 0.17077446 0.807341635 -0.564832389
vn -0.167852297 -0.923975468 -0.343649447
vn -0.649883628 0.0671141818 -0.757064641
vn 0.000665341679 0.924960196 0.380063534
vn -0.639931262 -0.748111486 -0.175547868
vn 0.0834362432 -0.982256651 -0.167959139
vn 0.0211150609 0.996229649 -0.084146589
vn 0.367408216 0.877896547 -0.307097465
vn -0.128636852 0.741164148 0.658884108
vn -0.0244883075 -0.442474544 0.896446645
vn 0.160395861 0.857508123 -0.488828123
vn -0.603729963 -0.473525792 -0.64131391
vn -0.203924865 0.978952467 0.0081554912
vn 0.00799524039 -0.981067121 -0.193502828
vn 0.0316338427 0.880759001 -0.472507
vn 0.0678546354 -0.997686744 0.00409412617
vn 0.269348145 0.963035882 -0.00368165364
vn -0.872534633 0.476957142 -0.105807163
vn -0.507811248 -0.859319925 -0.0608037747
vn -0.530240834 0.838071346 0.128378332
vn -0.0864990652 -0.28400147 0.954914153
vn -0.160972565 -0.74256736 -0.650139809
vn -0.329044193 -0.288645864 -0.899118125
vn -0.150520712 0.589185953 0.793853521
vn 0.0678501278 0.996193826 0.0547189564
vn -0.0177229214 -0.594737053 0.803724945
vn 0.165073186 0.928110123 -0.333710223
vn -0.0592588559 -0.993270755 0.0995065048
vn 0.0649251342 0.997886837 0.00257670181
vn -0.126777649 -0.926375389 -0.354620874
vn -0.0893962532 -0.346287191 0.933859348
vn 0.422056973 0.903031647 0.0800113603
vn 0.412975132 -0.345187455 0.842791319
vn -0.530601621 0.281827331 0.799396873
vn -0.991437256 -0.124695599 0.0387715995
vn 0.284292787 -0.444857538 -0.849281669
vn -0.074014917 0.997209728 -0.00973066315
vn 0.0164799597 0.994804621 -0.100460105
vn 0.329719365 -0.939922869 0.0884881914
vn 0.644300699 -0.727168202 0.236860722
vn -0.335413665 -0.453808516 0.825563788
vn -0.188953966 -0.533510804 -0.824416459
vn 0.141806602 -0.979642093 -0.142099172
vn -0.0614675097 0.806531191 -0.587987423
vn -0.0330102257 -0.993489087 0.109040014
vn -0.181822374 0.84943229 0.495384037
vn -0.0682818964 -0.527017891 0.847106695
vn 0.0538996607 0.951553762 0.30272153
vn 0.418827921 -0.672567189 -0.610111892
vn -0.931043625 0.199389577 0.305616736
vn -0.227544442 -0.969360471 0.0925417095
vn -0.189679578 -0.919825554 0.343427777
vn 0.143751562 0.769709706 0.621998787
vn 0.217825875 0.957129061 -0.190934002
vn 0.0435615629 -0.995737314 0.0813000947
vn -0.300448239 -0.921693921 0.24537988
vn 0.379159153 0.793688178 0.475707293
vn -0.00695808278 -0.0577285513 -0.998308003
vn -0.845259249 -0.507778406 -0.16642718
vn 5.34712162e-05 0.999982357 0.00594363036
vn -0.706543207 0.694485426 -0.135966241
vn 0.548624635 -0.708692789 -0.443582535
vn 0.0590162687 -0.989258587 0.133733556
vn -0.400496989 -0.504155278 -0.765133679
vn 0.47318688 0.300444424 -0.828146935
vn 0.0440402068 -0.693367362 -0.719237149
vn -0.451616019 0.84051621 0.2992917
vn 0.408329904 -0.892952919 -0.189477906
vn 0.0297309346 0.854353607 0.518840909
vn 0.670170248 -0.622130334 0.404753834
vn 0.564360201 0.535253882 -0.628490984
vn 0.0717929155 -0.937417388 -0.340726286
vn 0.950068295 0.219991624 0.221300647
vn 0.129439622 0.982876897 0.131142482
vn 0.0642105415 -0.15258728 -0.986201882
vn 0.299766481 -0.806748986 -0.509211302
vn -0.0221738778 -0.991514683 0.128090262
vn -0.528474569 0.534250319 -0.659766078
vn 0.719084263 0.391385317 -0.574225843
vn -0.569070637 0.717250168 0.402132839
vn -0.429669887 0.495729059 -0.754742742
vn 0.470530987 0.561343312 -0.680804133
vn -0.00708367536 0.997704208 0.0673511252
vn 0.100212812 0.973733425 0.204452202
vn -0.012833124 -0.998377681 -0.0554725304
vn 0.667781293 0.580865085 0.465471655
vn 0.664688528 0.742578864 0.082254909
vn -0.646221876 0.761843741 -0.0446258336
vn -0.0365623794 0.996863425 -0.0701899901
vn 0.10624671 0.990470946 0.0876291692
vn -0.010952224 0.999645054 0.0242859963
vn -0.29433468 0.118403308 -0.948339462
vn -0.356325656 -0.162351817 0.920148849
vn -0.578501403 0.206062675 -0.78922385
vn 0.134463519 -0.682768524 -0.718155026
vn -0.329858363 -0.942202747 0.058715079
vn -0.124814667 0.928234339 0.350431412
vn 0.013330603 -0.984144986 -0.176864371
vn -0.291479975 0.956026137 -0.0324566029
vn -0.0655535236 0.996983647 0.041549623
vn -0.199057132 -0.960954785 0.192203164
vn -0.943978071 -0.139595866 -0.299029022
vn -0.110006608 -0.929075778 0.353152573
vn -0.221227691 -0.964320481 0.145411
vn 0.227757871 0.676382422 0.700452209
vn -0.358233422 0.584934533 0.727681518
vn -0.583307803 -0.222072184 -0.781304061
vn -0.618293226 -0.784031034 -0.0548520498
vn -0.418851703 0.619430542 -0.663979709
vn 0.244309857 -0.894267857 0.374963701
vn 0.0470503941 -0.975684881 -0.214068472
vn -0.322146535 -0.153030902 -0.934239328
vn 0.0493710488 0.983922005 0.171639442
vn 0.376427323 0.899402797 0.222209409
vn -0.523779929 -0.833988786 -0.173543483
vn 0.0996606126 -0.880553722 0.46334964
vn 0.366482049 -0.926607609 -0.0841974989
vn 0.143888861 0.989001632 0.0342321917
vn -0.166992798 -0.829521537 -0.5329234
vn 0.00542833935 -0.976797938 -0.214094281
vn 0.155703619 -0.504835069 -0.849057019
vn 0.704510927 -0.649467647 -0.286105096
vn -0.245201871 -0.585728347 0.772527218
vn -0.785644472 0.378156275 -0.489653409
vn 0.92997086 0.347611427 -0.119668409
vn -0.610860646 -0.683115363 0.400253505
vn -0.884351075 -0.356557637 -0.301313192
vn 0.675225198 -0.729556322 0.108712643
vn 0.503665805 0.828571737 -0.244519457
vn 0.149012178 0.977277577 -0.150745034
vn -0.792284012 0.362830937 0.490550429
vn 0.0202523544 -0.998000026 -0.0598816909
vn 0.320679009 0.931826115 0.169897094
vn -0.339996457 -0.83416748 -0.434242934
vn -0.255832285 -0.806561291 -0.532924652
vn 0.140735343 -0.986308575 0.0859598815
vn 0.425674319 -0.803779423 0.415620029
vn -0.0876330212 0.951953888 0.293435097
vn -0.0936223194 0.945079327 -0.31314519
vn -0.366862893 -0.868976295 0.33210212
vn -0.772126079 0.628909171 -0.0910741612
vn -0.26004985 0.431176037 -0.863979876
vn -0.342025042 -0.93863219 0.0445921905
vn -0.554841757 -0.696979105 -0.454280347
vn 0.00389941945 -0.998208284 -0.0597087704
vn 0.647572219 0.666055501 -0.370162398
vn 0.0791773945 0.995393455 -0.0540628545
vn 0.000180780436 -0.854773879 -0.51900053
vn 0.75541693 0.194691032 0.625652254
vn 0.0120982286 0.996214271 -0.0860857219
vn -0.343916863 -0.892910004 0.290573388
vn -0.396949202 -0.91532445 -0.0679145679
vn 0.623323679 -0.437041014 -0.648430884
vn 0.530505121 0.375736415 -0.759859502
vn -0.483807474 -0.449380547 0.750990868
vn 0.0452999063 0.895432413 0.442886919
vn 0.0566257648 -0.971760035 0.229076102
vn 0.939504087 -0.156788319 0.304547787
vn 0.23013182 0.971222579 0.0613673739
vn 0.150539398 0.981106162 -0.121526189
vn -0.320471734 0.867863238 -0.379619926
vn 0.407617867 0.455282032 -0.791559279
vn -0.663229287 0.738080204 0.123953924
vn -0.661087632 0.677348256 0.322742283
vn 0.207650557 -0.97728616 -0.042345088
vn 0.847851336 -0.189931214 -0.495049715
vn 0.81410718 -0.564901769 0.134594053
vn -0.619740009 -0.211486176 0.755775094
vn 0.371606857 -0.364576817 -0.85381037
vn -0.210982099 0.627389133 0.749579489
vn -0.465631783 -0.596129894 -0.654076636
vn 0.686564684 0.404249966 -0.604326785
vn -0.0113119064 -0.948968887 0.315166831
vn 0.352994025 0.899160862 0.258659899
vn -0.115627386 -0.991691589 0.0563734546
vn -0.551058114 -0.8294999 0.0909107029
vn -0.156497374 -0.985820055 -0.0605587438
vn -0.145701393 0.691061556 0.707958341
vn -0.00920720398 0.999385715 -0.0338142999
vn 0.285731852 0.248053297 0.925649464
vn 0.00551751256 -0.998578429 -0.0530158281
vn -0.00875225384 -0.938589811 0.344923913
vn -0.0049139373 -0.997407615 -0.0717917755
vn -0.238437295 -0.963176548 -0.124251679
vn 0.57829833 0.129400045 0.805497885
vn -0.462447405 0.817587316 -0.343064696
vn 0.038799379 -0.999089777 0.0177270956
vn -0.0191533472 0.998363435 0.0538831763
vn -0.183231741 0.750365317 0.635120392
vn -0.753682435 -0.432885647 0.494542927
vn 0.301717907 -0.166835666 -0.938686371
vn 0.0695699379 0.978952289 0.191865519
vn -0.0980919152 0.301542789 0.948393404
vn -0.186907932 -0.969073176 0.161128998
vn -0.201734707 0.970365942 -0.13301532
vn -0.16533649 0.986133754 -0.0142827965
vn -0.16533649 0.986133754 -0.0142827965
vn -0.216437742 0.824485838 0.52285558
vn -0.281016797 -0.955041647 -0.0944715962
vn 0.63544929 -0.491539598 0.595477104
vn -0.0221157745 -0.922083437 -0.386358768
vn 0.547017872 -0.827193737 -0.128537685
vn 0.0341514759 -0.972112417 0.232015178
vn 0.0214716904 0.999734461 -0.00836917385
vn 0.0678498596 0.995609701 0.0644805655
vn -0.829769254 -0.487261057 -0.272139192
vn 0.0583322607 0.99826616 -0.00787889678
vn -0.317813933 0.947553456 0.0337162316
vn -0.854251087 -0.497095644 -0.152154759
vn -0.041636914 0.99473989 0.0935891271
vn 0.135992676 0.9511379 0.277205318
vn 0.0597811826 -0.619351685 0.782834411
vn -0.0731086135 -0.947761238 0.310489595
vn 0.212147266 0.485302985 0.848218501
vn -0.375968605 -0.926632226 0.000729221443
vn 0.00268557644 -0.978706539 0.205246851
vn 0.283366174 0.938769042 -0.196001008
vn 0.453201532 -0.888374984 -0.073472254
vn 0.783682704 0.605254412 0.139672324
vn -0.219313577 0.38476944 -0.896579146
vn -0.0405584909 -0.980305552 0.193277255
vn -0.0672567114 -0.997718275 0.00588625763
vn 0.200633049 0.854416251 0.479290217
vn 0.131184012 -0.185668677 0.973816097
vn -0.496724516 0.854891062 0.14975284
vn 0.423916578 0.627933621 0.652682066
vn -0.568096936 0.820570648 0.0626868382
vn -0.568096936 0.820570648 0.0626868382
vn -0.182335958 -0.928798854 0.322623909
vn -0.75613308 -0.619721174 -0.210258275
vn 0.442703426 -0.868383884 -0.223434627
vn -0.0532456376 -0.818021178 -0.572718322
vn 0.324647665 -0.927717745 0.18423754
vn 0.298123777 0.569318771 -0.766158164
vn -0.0641222224 -0.977208376 -0.202366576
vn -0.0437827297 -0.96157217 -0.271039128
vn -0.00690783653 -0.997651815 -0.0681403205
vn 0.0200006142 -0.273619294 -0.961630046
vn -0.159212142 -0.879265189 -0.448936731
vn -0.0178226028 0.999548972 0.0241707545
vn 0.0224251114 0.97142905 0.236268595
vn -0.136418134 0.796126723 0.589552641
vn 0.150369033 -0.901077449 0.406753778
vn -0.171384767 -0.983748674 -0.0535318591
vn 0.359549433 -0.0429055914 0.932139099
vn 0.160336748 0.625245035 0.763780594
vn -0.557709217 0.64413923 0.52349329
vn -0.207078308 0.698004723 0.685498357
vn -0.69242245 0.521969616 -0.498095274
vn -0.407966316 0.784185648 -0.467564285
vn -0.0908895656 0.703454196 -0.704905093
vn 0.506842852 -0.239765778 0.828023374
vn -0.260042667 -0.962802589 -0.0734096989
vn 0.290230185 -0.304377764 0.907259941
vn -0.0290727988 0.98549515 -0.167194664
vn 0.51107204 0.682690561 -0.522244155
vn 0.013361793 -0.97764641 -0.209831104
vn 0.238720044 0.95533818 0.174188912
vn 0.238776103 0.649546742 0.721855342
vn -0.741411984 -0.207323521 0.638220429
vn -0.230628788 -0.768279195 -0.597124338
vn 0.205247656 0.968000531 -0.144389331
vn -0.0211067218 0.876072586 0.48171705
vn -0.00869638193 -0.996812403 -0.0793054625
vn 0.348374665 0.886661589 -0.304082781
vn -0.905995369 0.236726403 0.350903094
vn -0.9125067 -0.40339604 0.0678468496
vn 0.250233173 -0.726627052 0.639840961
vn -0.0555819385 -0.981520832 0.183105156
vn -0.197235227 0.819393516 0.538230956
vn -0.0370550342 0.98470372 0.170251444
vn -0.0468227677 0.99874258 -0.0179162398
vn -0.113630705 -0.822025061 0.557998955
vn -0.0632557273 0.811486125 0.580938101
vn -0.0985453427 0.660158873 0.744633496
vn 0.0113102635 -0.212618604 -0.977069855
vn -0.232777014 0.959157467 0.160722792
vn -0.0847593471 -0.937496245 -0.337515712
vn 0.00313518522 -0.999209285 0.0396381766
vn -0.0399893597 0.875944018 0.480752349
vn -0.224815801 -0.974207819 -0.0194155369
vn -0.168458536 0.981750667 0.0882464498
vn -0.112999447 -0.887788534 0.446164459
vn 0.108883701 0.884961188 0.452755988
vn -0.713936388 0.435434252 -0.548353851
vn -0.13654311 0.601264477 0.787297308
vn 0.169238493 0.708993971 0.684606373
vn -0.207321376 -0.612623513 -0.762699366
vn 0.162062541 0.921918452 0.351855457
vn -0.233641043 0.937113822 -0.25928688
vn -0.238682225 -0.953232586 0.185414359
vn 0.246814981 -0.152004153 -0.957066894
vn 0.693115592 0.324094772 -0.643858075
vn 0.740841269 -0.52312088 -0.421306103
vn -0.469924569 0.855384827 0.217916623
vn -0.0771646202 0.996506333 -0.0319474638
vn 0.0622167252 -0.7543028 0.653572142
vn -0.537625849 -0.816084325 0.212049246
vn -0.545701742 0.788908422 -0.282547683
vn 0.738611341 -0.662090719 -0.12684384
vn -0.765872955 0.628382683 -0.136285961
vn -0.014020157 -0.916882038 0.398911834
vn 0.410921037 -0.884664357 0.220256478
vn 0.0916774124 0.958201826 0.271006733
vn -0.0113678845 -0.612797022 0.790158629
vn -0.904648364 -0.304319143 -0.298330665
vn -0.0123065989 0.380479664 0.924707413
vn 0.0964556634 0.986112893 0.135195136
vn -0.292507946 -0.524017632 -0.799902856
vn -0.165228203 -0.640114903 0.7503016
vn -0.498015136 -0.770621419 -0.397647679
vn -0.514217198 0.844529867 -0.149498805
vn 0.323339939 0.863531232 -0.386994839
vn -0.264289975 -0.246701315 -0.932356775
vn 0.0870128572 0.960190177 0.265449762
vn -0.624351084 0.274241924 -0.731421232
vn 0.135074481 -0.647561252 -0.749946117
vn 0.055643063 -0.643344283 0.763552189
vn 0.874861836 -0.0895651951 0.47601971
vn 0.350016505 -0.923505425 -0.156926781
vn 0.321610719 -0.808108449 -0.493484855
vn 0.107714564 -0.94456166 -0.310162753
vn -0.0682370663 -0.120122135 0.990411162
vn -0.14723359 -0.944685638 0.293072283
vn 0.108521089 0.703315377 -0.702545881
vn -0.283603042 -0.561791718 -0.777148187
vn 0.675443113 0.687644899 -0.266310126
vn 0.352312446 0.685409129 0.637252092
vn 0.314721853 0.287743211 0.904518664
vn -0.587168813 -0.775068402 -0.233456135
vn -0.496174246 -0.819016576 -0.288137376
vn -0.0312470309 -0.988509834 -0.147891864
vn 0.161034495 0.984234571 -0.0731450394
vn 0.18746981 0.767189145 -0.613413393
vn -0.0715909675 0.946499825 -0.314662963
vn -0.201476723 0.512707412 -0.834588647
vn -0.613882661 0.782920182 0.100916505
vn 0.588727117 -0.135697916 -0.796860337
vn 0.715451479 0.537418723 -0.44644168
vn -0.140125111 -0.872730732 0.467660397
vn -0.263364941 0.507061958 0.820687056
vn 0.0442410186 0.994016051 0.0998740122
vn 0.339928508 -0.300554186 0.891131699
vn 0.442650676 0.755252957 0.48337698
vn -0.499419272 0.703309 0.505901814
vn 0.504133403 -0.850775123 -0.148428679
vn -0.0670481175 -0.750107467 0.657908201
vn -0.10871879 0.839688599 -0.532074511
vn -0.555314183 -0.787015736 0.268761009
vn 0.0881721601 0.123557463 0.988412499
vn 0.0528295599 0.579912424 0.812964022
vn -0.098133564 -0.99463737 0.0326534808
vn -0.371827811 0.321307689 0.870922267
vn -0.00653582998 -0.991653562 -0.128765121
vn 0.0729203597 0.990121007 0.119762078
vn 0.0461375378 -0.998826504 0.0147264991
vn 0.336225748 -0.940524757 -0.0486362055
vn 0.403874278 0.878226995 -0.256130934
vn -0.0624041669 0.990590036 -0.121808439
vn 0.235877544 -0.925795138 0.295406759
vn 0.00709427474 0.996270657 0.0859907791
vn -0.743609846 -0.307038933 -0.593945742
vn -0.0719052702 0.996574461 -0.0408527963
vn -0.0953768045 0.267653704 -0.958782911
vn 0.0979347825 -0.958355486 0.26826027
vn 0.518727362 -0.853303552 0.052868817
vn -0.873540699 -0.43089065 -0.226406395
vn 0.610412598 -0.411113471 0.677039266
vn -0.105142891 -0.983109653 0.149801254
vn 0.04602056 -0.516795158 -0.854871333
vn -0.115558073 0.97573626 0.185971081
vn -0.172993913 0.318433672 0.932026267
vn 0.0328630172 0.999105573 -0.0266085193
vn -0.125183776 0.720913708 0.681624949
vn -0.631306648 0.540436745 -0.556219459
vn 0.0355987921 -0.954610586 -0.295721859
vn -0.928429186 -0.122678682 0.350669503
vn -0.396742433 0.873562396 -0.281929702
vn -0.525689125 -0.273104519 0.805645645
vn 0.382405162 0.873846114 0.300265253
vn 0.41572693 0.9015885 0.119621389
vn 0.390886515 -0.858054638 -0.333091795
vn -0.667331398 0.713062763 0.214965671
vn 0.238849312 0.85769546 -0.45531255
vn 0.507844687 0.826811194 0.241820186
vn 0.0240358021 -0.999181211 0.0325473994
vn -0.870254338 0.457690865 -0.182144016
vn 0.29976961 0.389650941 0.870810151
vn 0.907255173 0.381700695 0.176614478
vn 0.705058694 -0.461144 0.538737953
vn 0.737155497 0.166645169 0.654852033
vn 0.144512728 -0.871001005 -0.46954599
vn -0.662886262 0.43830055 0.607020915
vn 0.0448564216 0.732748806 0.679019332
vn -0.0553498603 0.954426527 0.293268472
vn -0.186827853 -0.979852796 -0.0705963448
vn 0.0210751239 0.998493016 -0.0506698191
vn 0.654110014 0.297230542 -0.695553064
vn 0.145266637 0.154997051 -0.977176309
vn -0.161678672 -0.984800816 -0.0634612441
vn 0.355089337 -0.724037468 -0.591338515
vn -0.301769197 -0.550174057 0.778616607
vn -0.600069284 -0.487971455 0.633877397
vn 0.0590736642 0.689460158 0.721910715
vn 0.113772266 -0.900821924 0.419017494
vn -0.229361668 -0.529409349 -0.816773593
vn 0.314752162 -0.47804904 0.820000231
vn -0.0973439291 0.891637087 0.442162335
vn -0.666216135 0.664209843 -0.339088857
vn -0.496110052 0.818632901 -0.289335489
vn -0.897287786 -0.257606626 0.358487636
vn 0.421195418 0.901551068 -0.0989943594
vn -0.0272980537 -0.99753505 -0.0646426305
vn 0.700022876 0.608302295 -0.374080449
vn -0.0274036862 0.98453021 -0.173058689
vn 0.910787046 -0.22508648 -0.346125633
vn 0.777255714 -0.604946434 -0.172954544
vn 0.209382579 0.76687181 0.606684864
vn 0.854782224 -0.390676796 -0.341641486
vn 0.227662668 0.828015924 -0.512405455
vn -0.28658089 0.953760386 0.0906221271
vn 0.11209061 -0.987039685 0.114840284
vn 0.0229548011 0.999004245 -0.0382585078
vn 0.23114638 0.58761698 -0.775420904
vn 0.446452409 0.869006395 0.213326156
vn 0.168055862 -0.80722028 -0.565820396
vn -0.725458324 -0.682094395 0.0919641331
vn -0.284745812 0.0966140479 -0.953721881
vn 0.523744822 -0.809590876 -0.265054584
vn 0.204866007 0.453739554 -0.867265999
vn 0.0379863456 -0.976971388 -0.20996204
vn 0.383966416 0.821039557 -0.422449768
vn -0.618340254 -0.737068117 -0.272737801
vn -0.743558466 -0.396713048 0.538274646
vn 0.819951475 0.301709205 0.486468047
vn -0.00494340761 0.999050915 -0.0432755798
vn -0.0960511118 0.87889725 -0.467240632
vn 0.812373877 -0.375340521 -0.446282685
vn 0.167670786 0.106204301 0.980105698
vn -0.0470734537 0.724578261 -0.687583029
vn 0.11197985 0.879610658 0.462326288
vn -0.651759982 0.136444703 0.746050775
vn -0.0755817965 -0.995872915 -0.0502450019
vn -0.786543369 -0.428144515 -0.445018917
vn 0.974669456 -0.162706792 0.153446957
vn 0.744983196 0.350492388 0.567587078
vn -0.0285687298 -0.980885327 -0.192477867
vn -0.294537008 0.551187515 -0.780666471
vn -0.269768476 -0.96154356 0.0515641868
vn -0.0433213599 -0.984110653 0.172190458
vn -0.176013619 -0.940798759 0.289683998
vn -0.268385887 0.876900315 0.398766518
vn 0.706184745 -0.462408274 -0.536173224
vn -0.274995416 0.954624772 -0.114319794
vn 0.0900314376 -0.932909906 -0.348674059
vn -0.600483775 -0.55550462 -0.575181603
vn 0.142123505 0.985433161 0.093394123
vn 0.0228955559 -0.977568328 -0.209370226
vn -0.253731877 -0.672207236 -0.695526898
vn 0.105550334 -0.978808939 0.175477251
vn -0.0165457372 0.856239557 -0.516313851
vn 0.169367149 0.758467376 0.629318655
vn 0.944834411 -0.258500606 0.20115985
vn 0.109329179 0.993932486 -0.0120565509
vn -0.11012049 0.906062484 -0.408563733
vn 0.152665079 -0.313376456 -0.937277198
vn 0.0236403793 0.997397482 0.0681133643
vn 0.828131735 0.357732832 0.431538016
vn 0.0372286923 -0.670880795 0.740630031
vn -0.0118728997 -0.995764613 0.0911691338
vn -0.740552604 0.374493659 0.557975054
vn -0.0854659155 0.316438466 -0.944755137
vn 0.238596275 -0.608978748 0.756450057
vn 0.422367215 0.78716439 0.449419677
vn -0.392177194 -0.878526568 0.272741884
vn -0.0049161003 0.597606242 0.801774621
vn 0.290172756 0.0204908792 -0.956754863
vn 0.290172756 0.0204908792 -0.956754863
vn -0.000206514407 0.999959111 -0.00903773028
vn -0.194446251 0.439358234 0.877014875
vn 0.142536566 0.825031519 0.54681468
vn -0.525096416 0.831473708 -0.18145293
vn 0.26957652 -0.920919299 0.281489104
vn -0.190158501 0.834113419 -0.517778337
vn 0.112846538 0.83431077 0.539621294
vn -0.0716912001 0.99710387 -0.0253794622
vn 0.0120240264 0.994402349 -0.104973212
vn -0.413107961 0.807477713 0.421095788
vn -0.610050619 -0.787187934 0.0904071927
vn -0.279111087 -0.458632082 -0.843654931
vn 0.140375838 -0.595516384 0.790983498
vn 0.463457704 -0.876419544 0.130750656
vn -0.275881857 0.277370334 0.920301497
vn -0.113148496 -0.534729004 -0.837414026
vn 0.965743065 -0.239737704 0.0993286967
vn -0.278472275 0.944142044 -0.176206976
vn 0.0931381583 0.728687942 0.678483069
vn -0.138770133 0.627236843 -0.766365945
vn 0.431693494 -0.828760445 0.35608533
vn 0.529878199 0.627968848 0.569986284
vn 0.194429249 -0.310155571 -0.930591583
vn 0.634797812 -0.220850766 -0.740443587
vn 0.45972237 -0.652031243 0.602918386
vn -0.716164052 0.676275969 -0.172510579
vn 0.124119185 -0.247697428 -0.960854053
vn 0.0764632821 0.988705218 0.128900245
vn 0.0653523654 0.947096646 0.314224601
vn 0.0922984332 -0.977561057 -0.189355031
vn -0.01048241 -0.894055963 -0.447832614
vn 0.0149299754 0.996454775 0.0827944949
vn -0.0199135859 -0.997441411 -0.0686585754
vn 0.12429364 0.990141511 -0.0645829737
vn 0.148102149 -0.905547559 0.397554189
vn 0.427112043 0.874009132 0.231696755
vn 0.0441872589 -0.261008978 0.964324534
vn 0.0789859965 0.933965683 0.348524511
vn -0.270084679 0.884903073 -0.379474431
vn -0.133729994 -0.221829087 0.965871751
vn 0.0623260103 -0.997449279 -0.034792427
vn 0.280320883 -0.832224429 -0.478354394
vn 0.210288867 0.662550449 0.718891919
vn -0.387197733 0.040140342 0.921122551
vn 0.381879985 0.367404521 0.848045766
vn -0.708934307 0.428447127 0.560218871
vn 0.257061183 -0.276824445 -0.925898373
vn 0.833363712 -0.412998706 0.367337793
vn -0.919243336 -0.0841130614 0.384599477
vn -0.343291491 0.854056656 -0.390817285
vn 0.0156667531 -0.999190092 -0.0370639153
vn 0.299075305 0.796833992 0.524985194
vn 0.00411331654 0.958079934 0.286471248
vn -0.0230098628 0.504746318 0.862960994
vn -0.128073528 -0.868316114 0.479191303
vn 0.500958383 -0.735207498 0.456629544
vn 0.114451028 0.832743883 -0.541699588
vn -0.121327966 0.955400109 0.269239902
vn -0.0567303412 0.997250021 -0.0476875901
vn -0.108393684 -0.993534505 0.03376396
vn 0.0146417795 -0.970964015 -0.238777533
vn -0.169497296 0.818185568 -0.549402356
vn 0.22241506 0.152693599 0.962920725
vn 0.20596993 -0.976542354 0.0627792403
vn 0.00878914353 -0.114141867 -0.993425548
vn 0.173570022 -0.841446161 0.511704803
vn -0.021455748 0.997696102 0.0643601492
vn -0.872107208 0.463417053 -0.157078668
vn -0.41071263 0.889416039 -0.200634688
vn 0.302985698 -0.298174679 -0.905147195
vn 0.0244747158 0.81557703 0.578130782
vn -0.10772749 -0.58379966 -0.80471909
vn 0.145531282 -0.615755618 -0.774380803
vn 0.322380185 -0.941028237 0.102649406
vn -0.374753088 -0.848694444 0.373199463
vn 0.00458879722 0.92525661 0.379313946
vn 0.169213593 -0.956323981 -0.238351196
vn -0.113148972 0.985953271 -0.122855343
vn 0.532109618 -0.769172549 0.353882492
vn 0.451377869 0.891574085 -0.0367943607
vn -0.54359585 0.834783554 -0.0874066204
vn -0.192451984 -0.979046643 -0.0665565804
vn 0.789060771 0.454300374 -0.413514376
vn -0.00273985998 0.990778923 -0.135461152
vn -0.257890761 -0.119851127 -0.958711624
vn -0.387029111 -0.730224967 0.563009799
vn 0.240136117 -0.384515226 0.891337454
vn 0.0931673497 0.952207983 0.290894896
vn 0.961278856 -0.126539558 0.244807526
vn -0.471904069 0.841923594 -0.261669964
vn 0.352632672 0.874998748 -0.331703663
vn -0.0891648754 -0.670562148 -0.736475408
vn -0.617191374 0.696700037 -0.365628034
vn -0.2046666 -0.669835567 -0.713744998
vn -0.325835228 0.360348612 -0.874059618
vn 0.187270164 0.605336905 -0.773625851
vn 0.248051822 0.701104403 -0.668522894
vn -0.305220336 -0.417980611 -0.855647564
vn 0.187754005 0.166479886 -0.968004584
vn -0.670296848 0.738267064 -0.0752582252
vn -0.0397068188 -0.75989908 -0.648827255
vn -0.00942107104 -0.987341762 -0.158327326
vn 0.0616009831 -0.937845945 0.341541201
vn -0.394644529 -0.879662335 -0.265423983
vn 0.275683552 0.923782885 -0.265751272
vn 0.796248436 0.107360646 -0.595367193
vn 0.636015296 0.763572812 -0.111540146
vn 0.588692844 -0.797674954 0.130978912
vn 0.699391603 -0.63826108 -0.321674198
vn -0.668881953 0.179068819 -0.721478522
vn -0.281228364 -0.612478256 0.738770008
vn -0.0395975299 0.944201291 0.326979876
vn 0.0927344859 0.994532764 0.0480081066
vn -0.0961723402 -0.107515797 0.989540935
vn 0.0192479659 0.999789834 -0.00705763139
vn 0.143344611 -0.989556909 0.015151632
vn -0.645176232 0.220451191 0.731538773
vn -0.864587426 0.36332953 0.347102821
vn -0.517806292 0.51840353 -0.680539787
vn -0.564677238 -0.739233434 0.366978973
vn -0.0557726435 0.965727448 0.253495365
vn 0.751984775 -0.624791384 -0.210129991
vn -0.393934011 -0.179837406 -0.901373684
vn -0.632530332 0.0528288931 0.772731721
vn 0.133167908 0.987511098 -0.0841918439
vn -0.0935036987 -0.730983436 0.675958753
vn -0.721062422 -0.232117817 -0.652832508
vn -0.7493999 -0.640691042 0.167077154
vn 0.318525195 -0.189340681 0.928812027
vn 0.174921945 -0.568720102 -0.803716183
vn -0.147415459 0.27875194 -0.948981524
vn -0.716079772 -0.607326865 -0.344069749
vn -0.0417256802 0.679219425 0.732748091
vn 0.988524616 -0.127703682 -0.080690071
vn 0.308621645 -0.687535703 -0.657303154
vn -0.164552703 0.48051551 -0.861410022
vn 0.213138387 0.282300919 -0.935349226
vn -0.0582679659 0.972212851 -0.226731122
vn -0.0934427008 -0.885742426 -0.454674393
vn -0.550332904 -0.459227681 0.697311819
vn 0.11342039 0.971840858 0.206546023
vn 0.273789674 0.442786932 -0.853802681
vn -0.941599071 0.316085607 -0.116107635
vn 0.00693060784 -0.997383952 -0.0719533488
vn -0.84702307 0.109175898 0.520223439
vn -0.876872659 -0.332737029 -0.346958667
vn -0.229743049 0.578055322 -0.782987952
vn 0.507656336 0.785558462 -0.353811979
vn -0.859093845 -0.469052225 0.204811662
vn -0.943976402 -0.323747784 0.0639990121
vn 0.216430143 -0.693846226 -0.686829984
vn -0.200820297 -0.765797377 -0.610921979
vn 0.244484067 0.763007224 0.598370731
vn 0.0865876824 -0.963380396 -0.253773093
vn -0.289807588 0.295898825 -0.910195231
vn -0.356479406 0.92777133 0.110285044
vn 0.018178869 -0.943801641 0.330012053
vn -0.254433066 0.928909779 -0.26905489
vn -0.298498064 -0.921940327 0.246829718
vn 0.164385334 0.924868822 0.342921436
vn 0.0203953534 -0.993395746 -0.112911381
vn 0.330527991 0.487323731 -0.808249176
vn 0.0330941938 -0.831728935 -0.554194689
vn -0.685983658 0.119561478 -0.717726588
vn 0.0593295619 -0.93420881 0.35175854
vn 0.251532376 0.498683989 -0.829485178
vn 0.229417115 -0.7352947 -0.637737691
vn -0.336500794 0.835607767 -0.4341968
vn 0.672055602 0.719776988 0.17396085
vn 0.519565225 0.746121526 0.416358918
vn -0.32009998 0.946995795 -0.0271097515
vn -0.32009998 0.946995795 -0.0271097515
vn -0.685710132 0.139894649 0.714304686
vn -0.0229605827 0.694627106 0.719003439
vn -0.613434255 0.254894495 0.747480571
vn 0.890742004 0.406099379 -0.204112977
vn 0.144092202 -0.982457519 0.118383847
vn -0.406889826 0.910676479 0.0714766234
vn -0.237984538 0.820024729 -0.520502448
vn 0.567409754 0.806453943 0.166367516
vn -0.407948554 0.536091506 0.739042521
vn 0.265097886 -0.845428467 0.46365276
vn 0.0676622763 0.826101243 0.559444726
vn -0.415150672 -0.448023677 -0.791785836
vn 0.0413709208 0.997784257 0.0521072298
vn 0.735411525 0.485752076 0.472456098
vn -0.118752144 0.98023659 -0.158221558
vn -0.119850956 0.992615759 0.0186995622
vn -0.119850956 0.992615759 0.0186995622
vn -0.281172633 -0.856971502 -0.431904882
vn 0.388854742 -0.290821731 0.874193788
vn -0.732802808 0.453857839 -0.506964505
vn 0.161199421 0.864074886 0.476853549
vn 0.3494564 -0.881821692 0.316655725
vn 0.0289155189 -0.99878484 -0.0399091356
vn -0.0750152841 0.772914529 0.630060136
vn -0.981153607 0.187098727 0.0482870452
vn -0.36401704 -0.922014952 -0.131833777
vn 0.928259373 -0.156946108 0.337197989
vn 0.0015131525 0.813136399 -0.582071185
vn 0.861833394 0.481334269 0.159876511
vn -0.779263079 -0.253607452 -0.573090076
vn 0.851135433 -0.252255648 0.46036458
vn -0.209743351 -0.976255238 0.0541610494
vn -0.0332821049 -0.554184496 0.83172822
vn 0.455004573 -0.0774593875 0.88711381
vn -0.0306091048 0.713085294 0.700408697
vn 0.00877358858 0.942291319 -0.334679067
vn 0.000462853903 0.999411881 0.0342891999
vn -0.72036612 0.546768427 -0.426751554
vn -0.198360279 -0.976295829 0.0866002142
vn -0.450587541 -0.565494418 0.690787196
vn 0.00686458265 0.999801934 -0.0186842177
vn 0.291926026 -0.931444287 -0.217234507
vn -0.745426834 0.562081158 0.358334452
vn 0.321675241 0.875225127 -0.361256152
vn -0.367437333 0.806252599 0.463623375
vn -0.0930031538 0.994839251 0.0405642502
vn 0.00606797542 -0.994620919 -0.10340444
vn -0.018215321 -0.955997467 -0.29280889
vn -0.0558703057 0.998141229 -0.0243422147
vn -0.375558496 0.913875222 -0.154233113
vn 0.239212975 0.921179831 -0.306928009
vn 0.0808992311 -0.154634774 0.984654069
vn -0.00311883539 0.99511236 0.0987006426
vn 0.237613559 -0.96502459 0.110758066
vn 0.897941947 -0.39132455 0.201408565
vn 0.534608245 -0.360933244 -0.764147401
vn 0.21012938 -0.936735511 0.279950261
vn 0.470856398 0.865699053 0.169880673
vn -0.206589624 0.941077888 -0.267755926
vn 0.00774547318 0.993714392 0.11167676
vn 0.296144068 -0.529397786 -0.795007348
vn -0.291652977 -0.533354878 -0.794022083
vn 0.112060077 0.910220265 0.398674607
vn 0.333129317 0.698801994 0.633009136
vn -0.146413609 -0.393681109 -0.907512128
vn 0.129054174 0.492233366 -0.86084348
vn -0.139172643 -0.533331335 -0.834379137
vn 0.257413507 -0.451483041 -0.85434258
vn -0.0427627452 0.97980088 -0.195349962
vn -0.798042774 -0.496179014 -0.341956317
vn 0.333023995 -0.870123506 0.363290757
vn -0.770497441 0.343844235 -0.536754012
vn 0.0415738039 -0.93296355 -0.357562184
vn 0.103867806 0.909770608 -0.401906818
vn 0.0993594602 -0.99403435 -0.0449836142
vn -0.728880525 0.636916459 -0.251138628
vn -0.0382898226 0.978603363 -0.202161983
vn -0.977722943 -0.206847027 0.0356640741
vn -0.977722943 -0.206847027 0.0356640741
vn -0.311818004 0.182905048 -0.932370782
vn 0.123579927 -0.800626338 0.586281002
vn -0.354535282 0.0471712984 0.933852017
vn 0.358036071 0.336908489 -0.87080586
vn -0.225854352 -0.959016025 -0.171107978
vn -0.526506424 0.84203136 0.117363259
vn 0.209531307 -0.315829456 -0.925390899
vn -0.149372935 0.987393498 -0.0523612611
vn 0.781183839 -0.145566687 -0.607093215
vn 0.0533774793 0.303994447 0.951177299
vn 0.0101802601 0.998073041 -0.0612080209
vn 0.778047502 0.337603062 0.529779494
vn 0.921126664 -0.30556953 0.241149098
vn 0.185082898 0.966747046 0.176478192
vn 0.00431159372 0.979695439 -0.200445354
vn 0.719530821 0.465208381 -0.515612781
vn 0.831876457 0.332682431 -0.444189012
vn -0.160807669 0.978514373 -0.129036859
vn 0.163729846 -0.68317008 -0.711667836
vn 0.116443463 0.480263203 0.869360805
vn 0.17689833 -0.974899888 -0.135192543
vn 0.721804678 0.310340375 0.618616939
vn 0.122499377 0.656621099 0.744206131
vn -0.167908818 0.978088856 0.123081148
vn 0.0189753864 -0.999803722 0.0057027624
vn 0.128855422 -0.957517922 -0.257983893
vn -0.0718742833 0.994780064 -0.0724333227
vn 0.427036017 0.235233173 -0.873101115
vn 0.117655948 -0.675176978 -0.728212297
vn -0.314344585 -0.390994817 -0.865049422
vn 0.941280186 -0.106662728 0.32033509
vn 0.0595689565 0.998086631 0.016573593
vn 0.117014408 -0.933245718 0.339647025
vn -0.767506957 -0.633577049 -0.0975348279
vn 0.289588958 0.303136557 0.907880127
vn 0.562181175 0.766814232 0.309755147
vn -0.138585776 0.774083257 0.617728829
vn 0.0913517773 0.564740717 0.820196748
vn 0.161058292 -0.94126004 -0.296799272
vn 0.666420996 -0.209318325 0.71559006
vn -0.633511662 -0.27279824 -0.724047065
vn 0.461974502 0.869826376 0.173151895
vn 0.171036184 -0.753604949 0.634685934
vn 0.244775042 -0.158607498 0.956519067
vn 0.878090322 -0.261578918 0.400666863
vn -0.135370702 0.982792199 0.125675097
vn 0.101452529 0.841091633 0.531293035
vn 0.156223357 -0.983412445 -0.0921633318
vn 0.0115099587 0.999933362 0.000792343111
vn 0.0157584716 0.819971144 -0.57218796
vn -0.0544698648 0.841681838 -0.537219465
vn -0.138510808 0.939686239 -0.312737107
vn -0.0241497755 -0.544755399 -0.83824718
vn 0.643346488 0.124398023 0.755400836
vn 0.85240376 -0.0920057967 0.514725983
vn 0.200509608 -0.973848701 -0.106839016
vn 0.139733016 0.598000944 -0.789220929
vn -0.105506413 0.284770221 -0.952771962
vn -0.36780557 0.709172428 -0.601492763
vn -0.201390252 -0.658356965 0.725264072
vn -0.733764052 0.534246206 -0.419727623
vn -0.780011535 -0.45809114 -0.426303476
vn 0.76226306 -0.567456424 0.311365038
vn 0.221468046 0.359749556 0.90638411
vn 0.080983974 0.977828979 -0.193111479
vn 0.635843277 0.611283302 -0.471206993
vn -0.0264821071 0.837254822 0.546171427
vn 0.0474392883 0.902298093 -0.428494722
vn 0.745078266 0.571250796 -0.344283372
vn 0.041147463 0.996769011 0.0689821169
vn 0.0366589651 0.260610789 0.964747667
vn 0.390733898 0.914679885 -0.103382021
vn 0.0932223722 -0.783266485 -0.614656925
vn 0.00943078753 -0.999780655 -0.0187005531
vn 0.190944105 -0.447572201 0.873624265
vn 0.862979889 -0.489308774 0.125867665
vn -0.244553968 -0.968296647 0.0509400554
vn -0.93122685 0.309927821 0.191732436
vn 0.0329332128 0.962756217 -0.268357784
vn 0.850173295 -0.268049806 -0.453160733
vn -0.528636515 0.734823048 -0.424945325
vn -0.196733385 0.185358912 -0.962776303
vn 0.258670539 0.962890327 -0.0770185664
vn -0.676469386 -0.733731687 -0.0634584203
vn 0.133019298 0.897233427 0.421043992
vn -0.475166976 0.878533065 -0.0489492491
vn -0.172193438 0.685724437 0.707199752
vn -0.273547202 0.407771856 -0.871145308
vn 0.162008539 0.984671772 0.0646120459
vn 0.694185734 0.523137391 0.494402021
vn 0.40870437 -0.657234609 0.63324821
vn -0.217871457 0.719513476 0.659418166
vn 0.82068038 0.445240915 -0.358111978
vn 0.183555186 -0.957982779 -0.220400557
vn 0.0203428101 0.941422343 -0.336615622
vn 0.702263594 0.703203857 0.111040637
vn 0.706793964 -0.290957183 -0.644814849
vn -0.845543861 0.436566979 -0.307351321
vn 0.294688314 0.918145001 0.2648938
vn 0.091601193 0.978281677 0.185940877
vn 0.594274938 0.800098777 -0.0817267075
vn 0.106186837 -0.964371681 0.242304802
vn -0.0198576953 0.861113608 0.508024514
vn 0.554618418 0.741692424 0.377214462
vn -0.0542065389 -0.73633945 0.674437404
vn 0.0353324302 -0.996258438 0.0788716376
vn -0.00602303911 -0.982470512 0.186320513
vn -0.301290423 -0.902301967 -0.308342606
vn -0.18578425 -0.116502747 0.97565937
vn -0.234680593 0.763143599 0.602110386
vn -0.590486526 0.570875525 0.570461988
vn 0.138175547 0.891068637 -0.432324171
vn -0.0369451903 0.985975266 0.16275005
vn 0.127035812 0.739501297 -0.661059558
vn -0.513262272 0.263489127 -0.816783488
vn 0.101030156 -0.968194664 0.228892758
vn 0.092599228 0.991712868 0.0890557542
vn 0.207937419 0.320884377 0.924010396
vn -0.0828443021 0.0234318972 0.996287048
vn 0.119289659 -0.909322262 -0.398626447
vn 0.240259543 -0.437616318 -0.86646831
vn -0.0887125954 -0.159702048 -0.983171105
vn -0.862373888 0.49438107 0.109081089
vn -0.295129359 0.129549563 -0.946633756
vn 0.248762071 -0.668614566 0.700765371
vn 0.479359746 0.875880301 -0.0552070476
vn -0.242878929 0.922890544 -0.298802108
vn 0.413714528 -0.2215662 -0.883033812
vn -0.460045397 0.885260761 -0.0683484524
vn -0.280325174 -0.957541406 -0.0673223436
vn -0.38751173 0.919713795 0.0629383847
vn -0.913978398 -0.162225693 -0.371922314
vn -0.293949723 0.892559528 0.341951907
vn 0.562849104 0.825710118 0.0374647826
vn 0.562849104 0.825710118 0.0374647826
vn -0.307555437 -0.42601639 -0.850834668
vn 0.949356735 0.30567643 0.0726902038
vn -0.896041334 0.364894331 -0.252907008
vn 0.571746349 0.570536315 0.589571416
vn 0.121171169 0.992285848 -0.026200261
vn 0.789821088 -0.37789458 0.483092517
vn -0.896411598 0.442350477 0.0277903304
vn -0.0863710865 -0.808811843 -0.581690192
vn 0.183131844 -0.720282912 -0.669070482
vn 0.17679292 -0.219689623 0.959416926
vn 0.334690005 -0.941019893 0.0496408865
vn 0.276488811 0.935464621 -0.220135823
vn 0.553810358 -0.149617687 -0.819090009
vn 0.416502059 0.719990492 0.555103421
vn -0.204255074 0.944196701 0.258403748
vn 0.41760838 -0.115451969 0.901262522
vn 0.0855511278 -0.978733242 -0.186446473
vn 0.778881192 0.576424778 -0.247140557
vn 0.187574178 -0.97679013 -0.103426151
vn -0.669355869 0.432511032 0.604067087
vn -0.0546530485 -0.995739818 -0.0742651597
vn 0.184320629 0.975158572 -0.122848332
vn -0.0575918742 0.979202271 -0.19454062
vn -0.834879398 0.478185713 -0.272607625
vn 0.20129393 -0.852924764 -0.481663734
vn 0.886534691 0.0895141214 0.453920096
vn -0.058394257 0.59665221 0.800372541
vn 0.100982457 -0.764692008 -0.636434436
vn 0.39082399 -0.880058169 -0.269729733
vn 0.0904081687 -0.995407581 -0.0314661451
vn 0.564369082 0.736552656 0.372797132
vn 0.0619033054 -0.980220258 -0.187978894
vn -0.321319491 -0.769809008 -0.551496089
vn 0.583553553 0.771175325 0.254467636
vn 0.0397872366 -0.985366881 -0.165738046
vn -0.0360448919 -0.709878743 -0.70340091
vn 0.103973523 -0.52041477 0.847559988
vn -0.292272478 0.657081604 -0.694853008
vn 0.0587687604 0.99376893 -0.094707191
vn -0.237443164 0.6032601 0.761379063
vn -0.0705888271 -0.913692892 -0.400228232
vn -0.36760509 -0.926960409 0.0749065876
vn -0.303774029 -0.928353369 -0.214199513
vn 0.202920988 -0.870238483 -0.448896438
vn -0.67651552 0.704560339 0.214292899
vn 0.13156268 -0.470692724 0.872433126
vn 0.0988897905 -0.881388485 -0.461925477
vn 0.129176348 -0.981699884 -0.139923781
vn -0.299487203 -0.687564373 0.661485195
vn -0.0897783935 -0.982982099 -0.16026862
vn -0.400578529 -0.724078953 -0.561468184
vn -0.275767088 0.118443847 0.953899264
vn -0.649873912 0.596225083 0.471359193
vn -0.499017656 0.780896425 -0.375742137
vn -0.813103318 -0.301599681 -0.497896165
vn -0.507961512 0.0957604796 0.856040359
vn 0.2524032 0.928475916 -0.272442758
vn -0.131295741 -0.405674428 0.904538333
vn -0.01867662 0.999651134 -0.0186784863
vn 0.113171279 -0.952608287 -0.282364488
vn 0.00154579058 -0.960850596 -0.277062833
vn -0.188501373 -0.698015392 -0.690826952
vn -0.285165846 0.949915886 -0.127828732
vn -0.163827494 0.960512519 0.224891633
vn 0.814008057 -0.0819644034 -0.575041652
vn 0.243048325 -0.955678821 -0.166148722
vn -0.697282076 -0.175951898 0.694865882
vn 0.321077526 -0.944348812 0.071515128
vn 0.239518449 0.898087919 -0.368875325
vn 0.0272988174 0.999597371 -0.00774212414
vn -0.891053021 0.126476809 0.435922205
vn 0.62375468 0.753465891 -0.20789279
vn -0.33565405 -0.0592912845 -0.940117538
vn -0.965247393 0.132262349 0.225397468
vn 0.109867752 0.947171092 0.301323563
vn -0.055300992 0.998464227 -0.00332952267
vn -0.187548622 0.249935761 0.949925065
vn 0.0397961028 0.708542347 0.704545319
vn 0.00677869469 0.998259783 -0.0585794412
vn -0.251799941 0.957897604 0.137945145
vn 0.742807865 -0.482964784 -0.463661075
vn 0.840358973 -0.166529372 0.515814781
vn -0.0885888264 -0.995902598 0.0181654692
vn 0.225285113 -0.947611868 -0.226447091
vn -0.00828177575 -0.996369541 0.084730573
vn 0.616773307 0.675753117 -0.403668702
vn 0.0428076126 0.989706993 -0.136555985
vn -0.302047402 -0.0918610692 0.948856592
vn 0.650245011 -0.29390046 -0.700573981
vn 0.00692557637 0.999784052 0.0195936337
vn -0.00980920065 -0.988309979 -0.152142063
vn -0.019869443 -0.998485744 0.0512967333
vn -0.00912200287 0.998773396 -0.0486675054
vn 0.764139652 -0.11896795 0.633985162
vn -0.0270725451 0.999095142 0.0328030325
vn -0.241103828 0.955400229 -0.170526907
vn 0.495661974 0.849830508 -0.179185435
vn -0.298028886 -0.265646428 0.916848242
vn -0.0332352705 0.122367941 0.99192822
vn 0.92992264 -0.31060493 -0.196897194
vn 0.167646661 0.985332966 -0.0318357795
vn 0.446902514 -0.820244193 -0.357039988
vn 0.0345277116 0.845973909 0.532105207
vn -0.205238104 0.707769394 0.675973177
vn 0.0942874029 0.624784827 -0.775083125
vn 0.00194444868 -0.312457323 0.949929774
vn -0.0981486365 0.994113803 -0.0458750501
vn -0.123539388 -0.805520892 0.579546511
vn 0.0721128657 -0.951383471 -0.299448311
vn -0.136075392 0.100583144 -0.985579252
vn 0.0370565318 0.999195755 -0.0153223202
vn 0.0745368004 0.996515989 0.037418589
vn 0.0169825852 -0.999271393 -0.034177769
vn 0.0169825852 -0.999271393 -0.034177769
vn 0.944464505 -0.0948108584 0.314638972
vn 0.40680337 -0.645264387 0.646641254
vn 0.0936682522 -0.731551766 -0.675320864
vn 0.876548648 0.479139388 -0.0456930511
vn 0.96181494 0.226300761 0.153947726
vn -0.127980694 -0.233315721 0.96394223
vn 0.0101051144 -0.791398466 -0.611217141
vn 0.630710006 0.485782146 -0.605161667
vn -0.194685027 0.803284466 0.562878072
vn 0.166329712 0.813052177 -0.557925224
vn -0.565828562 -0.0841062441 0.82022202
vn -0.980228603 0.138966784 0.14085494
vn -0.350282788 -0.644651651 -0.679504395
vn -0.635849953 0.576832235 -0.512795568
vn 0.094954133 -0.855018198 -0.509830952
vn 0.35099408 0.209676802 0.91260004
vn -0.223023787 0.897138417 -0.381317735
vn 0.0752152875 -0.996227562 0.0432835519
vn -0.19045189 0.321886122 -0.927425265
vn 0.382889509 -0.914761364 -0.128869325
vn 0.043861486 -0.998803973 -0.0216028281
vn 0.634374797 0.748042226 -0.194939718
vn 0.00165051012 -0.994057775 -0.108841173
vn -0.0765989423 0.996996701 0.0114089902
vn -0.0121934647 -0.99660641 0.0814061686
vn -0.382176638 0.880123973 -0.281643063
vn -0.141082287 0.943636596 0.299409002
vn -0.491490424 0.868203819 -0.068257615
vn -0.131537765 0.991212845 0.0139627308
vn -0.131537765 0.991212845 0.0139627308
vn 0.0620153807 0.998071611 -0.00268278061
vn 0.654077888 -0.733408391 -0.185187116
vn -0.229993835 0.743917286 -0.627447128
vn 0.232618943 0.516645253 0.82399404
vn -0.0323444195 -0.251042396 -0.967435479
vn 0.315938652 -0.154123545 0.936177671
vn -0.474437416 -0.831809759 0.288100004
vn 0.0260209013 0.995391667 0.0922939107
vn -0.23029694 0.870585442 0.43479228
vn -0.150227174 -0.987925708 -0.0378749594
vn -0.150227174 -0.987925708 -0.0378749594
vn -0.424561888 -0.732252419 0.532497406
vn 0.189008877 0.146288559 -0.971017718
vn 0.0274592433 0.987323284 0.156328768
vn 0.504514635 -0.769338489 -0.391896874
vn -0.150378883 -0.933821499 -0.324597836
vn -0.917905927 0.296156734 0.26408276
vn 0.238319114 0.934611797 -0.264016688
vn 0.260525346 -0.902947724 -0.341777593
vn -0.497789681 0.800037205 -0.334881932
vn -0.170015261 -0.976982296 0.128842726
vn 0.132143483 0.397962868 -0.907834589
vn 0.317930996 -0.587171078 -0.744412482
vn 0.216549441 -0.747990668 -0.627388537
vn -0.0143195912 0.99975419 0.0169272367
vn 0.402906865 0.900083959 -0.165875807
vn 0.0242447816 0.986771703 0.160292953
vn -0.026594257 -0.994118333 0.104983754
vn -0.220165715 0.968724668 0.114453577
vn -0.341525972 0.482907653 -0.806325138
vn -0.833795607 -0.536622822 -0.129694805
vn -0.203055829 0.900484979 -0.384571344
vn -0.0700795799 -0.978412569 0.194416001
vn -0.035293337 0.992482185 0.117189527
vn -0.561819732 0.0436902754 -0.826105237
vn 0.288471758 0.941608965 -0.173656434
vn 0.556607008 0.457181066 -0.693667173
vn -0.120989934 0.990663171 0.0628334284
vn -0.0309657343 -0.998050988 -0.0541794524
vn 0.131433666 0.920618296 -0.367678076
vn 0.771106422 -0.621296942 0.139230475
vn -0.27474612 0.417049438 -0.866362691
vn -0.207490072 -0.173333526 -0.962758124
vn -0.88710314 -0.460597485 -0.0299672429
vn -0.88710314 -0.460597485 -0.0299672429
vn -0.0778085142 -0.996961713 -0.0036356526
vn 0.161569849 -0.846190751 -0.507795513
vn -0.753054857 -0.58705318 -0.297114551
vn -0.268467724 0.661612332 0.700138748
vn 0.523426414 0.386554241 -0.759342134
vn -0.0522486083 -0.42333433 -0.904465616
vn -0.127772018 0.858446836 -0.496732682
vn -0.519520819 -0.571443141 -0.635256588
vn -0.234241292 -0.536834896 -0.810518026
vn -0.186313406 0.821425796 -0.539024234
vn 0.539083183 -0.829117179 -0.148168802
vn -0.214864269 0.71359843 -0.66679126
vn -0.0370784216 0.99405092 0.102411151
vn -0.82936734 -0.274923295 0.486381561
vn 0.196448341 0.910346508 0.364248812
vn -0.774421394 -0.0546686836 0.63030386
vn -0.774421394 -0.0546686836 0.63030386
vn 0.0126095936 0.998164654 -0.0592313707
vn 0.463014722 0.553873718 0.691983581
vn 0.153735802 -0.876757622 0.455698729
vn 0.0360728167 0.993364155 -0.109208062
vn -0.14394486 0.852142155 -0.50312382
vn -0.84987998 -0.52123785 0.0775573254
vn -0.943202615 -0.146323994 0.298258752
vn 0.769243658 0.465982318 -0.437178075
vn -0.983265579 0.123117492 0.13427946
vn -0.864071012 -0.501871586 -0.0388105139
vn 0.732086003 0.628788292 -0.262059927
vn -0.104955442 -0.994413257 -0.0112559628
vn 0.146117464 -0.926741481 -0.346121073
vn 0.256649286 -0.622697771 -0.739174187
vn 0.119600005 -0.947238982 0.297378719
vn 0.0348603427 0.989652932 -0.139182374
vn 0.154857293 0.897278488 0.413413346
vn 0.111603364 -0.857704639 0.501883805
vn -0.0530922003 0.997022927 0.0559159257
vn 0.539293528 -0.813750029 0.216733351
vn 0.296221524 -0.74998188 0.591422021
vn 0.221497685 -0.716334939 -0.661666811
vn -0.859109879 0.472317219 0.197095677
vn -0.0902335867 -0.995782793 -0.0165704247
vn -0.157871485 -0.957072556 0.243081808
vn -0.354160398 -0.933185756 0.0611128323
vn 0.219003871 0.950025678 0.222459987
vn -0.16059339 0.642496347 -0.74927187
vn 0.0838152096 0.992984116 -0.0834115371
vn 0.223371252 0.96490705 0.138056412
vn -0.125217319 0.986208618 -0.108227693
vn -0.457228303 -0.888251603 -0.0441759862
vn -0.276126564 -0.479083121 -0.833206773
vn 0.127136484 0.989095926 0.0743336901
vn 0.165989161 0.622596681 0.764735937
vn 0.802783132 0.524591506 0.283448398
vn 0.261572063 -0.540096045 -0.799922705
vn -0.607010365 0.794501245 0.0175010394
vn -0.607010365 0.794501245 0.0175010394
vn -0.538925827 0.619333565 0.570951045
vn -0.48978141 0.821739435 -0.291304976
vn -0.835237205 -0.39409405 -0.383495361
vn -0.280571014 0.958538353 -0.0498407744
vn -0.814220726 0.447479904 -0.369873554
vn -0.941937625 0.335664392 0.00910467748
vn -0.941937625 0.335664392 0.00910467748
vn -0.0274014678 -0.0259577315 -0.999287486
vn -0.749358296 -0.329989821 -0.574080884
vn -0.0103494506 -0.997101188 0.0753804892
vn -0.826904178 0.291115582 0.481124759
vn 0.743567705 -0.31138593 -0.59173131
vn -0.117599361 -0.965833843 0.230944842
vn 0.364387184 -0.930101216 0.0461930372
vn 0.221023023 -0.815568149 0.534787178
vn -0.479600191 0.627170384 0.61371088
vn -0.142583817 0.302425683 0.942448139
vn -0.221000984 -0.260242343 0.939910889
vn 0.0233463198 0.999644995 -0.0128309587
vn -0.00567901693 0.999891579 0.0135906395
vn -0.485366136 0.672313571 -0.558940351
vn 0.982153654 -0.120273642 0.144597843
vn 0.982153654 -0.120273642 0.144597843
vn -0.0188517235 -0.999811471 -0.00466037681
vn 0.00241618673 -0.996149361 -0.0876385272
vn -0.435810298 -0.899755478 -0.0225714482
vn -0.123740576 0.876458228 0.465305477
vn 0.858856916 0.301024705 0.414426148
vn -0.00268269377 0.944598973 -0.328215629
vn 0.0231491737 -0.999645233 -0.0131761702
vn -0.0562570728 0.995114386 0.0811325833
vn -0.115094982 0.989943624 0.0822481513
vn 0.517421961 0.85558176 -0.0159488004
vn -0.138621643 0.954215705 -0.265059412
vn -0.0604982562 0.997273147 -0.0422635972
vn -0.526652694 0.1548388 0.835859895
vn 0.415408254 0.571747959 0.707488656
vn -0.0243927762 0.995181441 0.0949679986
vn 0.208796933 0.705317616 0.677444398
vn 0.169811472 0.98452729 0.0432449952
vn 0.169811472 0.98452729 0.0432449952
vn -0.506364465 0.521878958 0.68646729
vn -0.570993185 0.75360316 -0.325651675
vn -0.178261563 0.360533178 -0.915553629
vn 0.486260921 0.601374626 0.633954883
vn -0.389629334 0.183381051 0.902530015
vn -0.0929461494 0.717579126 0.690247238
vn -0.0276668016 -0.9918679 0.124228306
vn -0.713642776 0.659681737 -0.235656336
vn 0.384230822 0.301351875 0.872670531
vn 0.0433521606 0.740947306 -0.67016238
vn -0.88957262 -0.133177042 -0.436949015
vn -0.241207451 0.949413359 -0.201080292
vn 0.0926054195 0.993720949 0.0627926141
vn -0.072507523 0.130338117 -0.988814712
vn -0.751602948 0.300789386 -0.587042451
vn 0.0582830831 -0.978724718 0.196725637
vn -0.308135629 0.835287035 0.45535478
vn 0.134526819 -0.337275982 0.931744277
vn -0.165603146 -0.217636958 0.9618783
vn 0.563338161 0.403530449 -0.720980823
vn 0.0079949135 0.951270282 -0.308254749
vn 0.818071306 -0.561612725 -0.123897389
vn -0.218371645 0.509240448 0.832459033
vn -0.913303912 -0.310040057 0.264104456
vn -0.0289012417 -0.946454585 0.321540773
vn -0.777020752 -0.207821399 0.594179213
vn 0.523871362 0.181994498 0.83212781
vn 0.113368735 -0.814172685 0.569447517
vn -0.320263565 -0.675490499 -0.664186597
vn -0.721103907 -0.673131824 -0.164021119
vn 0.0703233406 0.856380522 -0.511533976
vn -0.00407171529 -0.998902678 -0.0466569103
vn 0.173966914 0.983519435 0.04924668
vn -0.344544858 -0.867618561 -0.358506233
vn 0.206018597 -0.835255861 -0.509807706
vn -0.718274295 0.584761679 -0.377008826
vn 0.783279181 0.613803506 -0.0985848308
vn -0.180060804 0.653106093 -0.735547781
vn -0.609392762 0.772005141 0.180688858
vn -0.916649878 -0.34704873 -0.198267996
vn 0.0608135276 -0.996900678 0.0499083735
vn 0.493226022 -0.691923678 0.527228355
vn 0.312393636 -0.924092829 0.220142007
vn 0.139263973 0.979190052 -0.147622585
vn 0.601730525 0.763990462 -0.232892454
vn 0.431500852 0.619394541 -0.655863881
vn 0.426720202 0.904199839 -0.0182337258
vn 0.0181893911 0.419109374 -0.907753527
vn -0.189678758 0.789651692 0.583499968
vn 0.080851011 0.973192871 -0.215310574
vn 0.498490632 -0.826651216 0.261064887
vn -0.120129988 0.990739942 -0.0632698461
vn 0.424074769 -0.777536094 -0.464325488
vn 0.436547041 0.492984682 0.752590656
vn -0.024084501 0.99129349 -0.129449427
vn -0.0598888472 -0.93263042 -0.355828285
vn 0.726375997 -0.603204608 0.329426885
vn -0.35826391 0.930779159 0.0727810562
vn -0.460975766 0.586830914 -0.665680647
vn -0.648541689 0.278386563 -0.708445132
vn -0.00879325904 0.994241059 0.106805466
vn -0.698460758 -0.584922433 0.412332773
vn 0.792999566 0.156990021 0.588647485
vn -0.456108183 -0.777098 -0.433686495
vn 0.000710961234 -0.962461054 -0.271418959
vn 0.259554505 -0.946050823 0.193956882
vn -0.109983586 0.882976413 -0.456351012
vn 0.407656789 -0.840369463 0.357204437
vn -0.0597355738 0.974973381 0.21414645
vn -0.111400276 -0.619380116 0.777147532
vn -0.366271645 -0.0732971877 0.927616656
vn -0.104955778 -0.974439383 0.198625743
vn -0.131180406 -0.961744368 0.240498453
vn 0.522267401 0.852748215 -0.00755789829
vn 0.266508818 0.871186793 -0.412318766
vn 0.605321229 0.734964669 -0.305635691
vn 0.249370456 0.875651538 0.413580388
vn -0.513829708 -0.729131401 -0.452046931
vn -0.100966044 0.979732275 0.173004404
vn -0.297083616 0.322980165 -0.898568392
vn -0.18049784 -0.152723283 0.97164613
vn -0.0942599326 -0.889274836 -0.447554827
vn -0.141123965 0.888463199 0.43671155
vn -0.15332602 0.90657717 0.393203586
vn -0.04521152 -0.827722132 0.559313893
vn 0.523581922 -0.851851046 -0.0145469327
vn 0.523581922 -0.851851046 -0.0145469327
vn -0.334324658 -0.237666667 -0.91199863
vn 0.321714729 -0.94683367 -0.00236265385
vn 0.313659817 -0.266991824 -0.911226153
vn -0.676182926 0.708676696 -0.2013807
vn -0.473283291 -0.670995891 -0.570760369
vn -0.098842591 0.904222786 0.415464908
vn -0.169990465 -0.785433888 -0.595144391
vn -0.0412548073 0.966072083 -0.254956394
vn 0.247706905 0.967700422 0.0468724184
vn -0.0370570906 0.132429332 -0.990499496
vn 0.184846908 0.505909562 0.842547953
vn 0.0177515727 -0.949034095 0.314673007
vn 0.18931511 0.955114961 0.227849007
vn 0.0170529783 -0.996887624 0.0769699141
vn 0.0440846793 -0.136674121 -0.989634693
vn -0.398253322 -0.152585641 0.904495299
vn -0.124938183 0.120184645 0.984858334
vn 0.00901562255 -0.999930978 0.00753987115
vn 0.724832118 -0.532986045 0.436513633
vn -0.13612923 -0.93523109 0.326820344
vn -0.0374561921 0.978992283 0.20042783
vn 0.0749063343 0.920060217 -0.38454932
vn -0.0428343005 -0.966630757 0.252567321
vn 0.129532367 -0.577670157 -0.805927157
vn 0.00262113474 -0.996890128 -0.0787600726
vn 0.0253333729 0.999477565 -0.0200677253
vn 0.141966656 0.56105268 0.815515459
vn 0.475545436 -0.871195376 0.121964179
vn -0.206344813 -0.408394724 0.889176846
g 
f 644//644 2//2 645//645
f 661//661 293//293 662//662
f 667//667 294//294 669//669
f 2431//2431 685//685 686//686
f 4395//4395 697//697 698//698
f 30//30 702//702 700//700
f 708//708 3473//3473 709//709
f 19//19 712//712 713//713
f 20//20 715//715 714//714
f 21//21 716//716 717//717
f 4100//4100 22//22 23//23
f 719//719 4421//4421 720//720
f 4235//4235 725//725 1872//1872
f 715//715 20//20 727//727
f 1875//1875 718//718 21//21
f 3385//3385 695//695 3138//3138
f 16//16 695//695 3385//3385
f 3019//3019 16//16 4100//4100
f 4028//4028 30//30 2978//2978
f 1546//1546 1545//1545 25//25
f 3473//3473 4089//4089 2909//2909
f 27//27 1875//1875 4126//4126
f 4631//4631 4421//4421 2274//2274
f 2636//2636 4421//4421 4631//4631
f 2056//2056 30//30 4028//4028
f 4288//4288 30//30 2056//2056
f 4395//4395 17//17 4642//4642
f 35//35 2322//2322 2157//2157
f 2937//2937 39//39 26//26
f 2119//2119 20//20 4093//4093
f 3136//3136 20//20 2119//2119
f 3265//3265 4126//4126 2358//2358
f 3898//3898 22//22 3185//3185
f 627//627 23//23 3898//3898
f 28//28 23//23 627//627
f 4642//4642 17//17 3225//3225
f 3100//3100 4642//4642 2845//2845
f 3100//3100 24//24 4642//4642
f 18//18 3570//3570 3345//3345
f 3880//3880 26//26 3583//3583
f 4332//4332 3265//3265 2358//2358
f 2706//2706 27//27 3265//3265
f 36//36 3369//3369 2706//2706
f 48//48 3185//3185 3275//3275
f 2623//2623 32//32 3299//3299
f 1545//1545 34//34 1981//1981
f 1981//1981 4066//4066 2157//2157
f 4066//4066 3584//3584 35//35
f 31//31 26//26 3880//3880
f 3611//3611 28//28 627//627
f 2397//2397 29//29 3985//3985
f 29//29 2397//2397 2880//2880
f 3235//3235 50//50 44//44
f 45//45 2845//2845 3051//3051
f 1886//1886 4550//4550 3584//3584
f 4691//4691 31//31 3880//3880
f 3275//3275 36//36 3481//3481
f 4447//4447 2880//2880 2725//2725
f 50//50 3235//3235 4400//4400
f 61//61 38//38 1963//1963
f 2813//2813 4701//4701 2446//2446
f 2099//2099 638//638 2390//2390
f 3800//3800 47//47 2931//2931
f 2166//2166 48//48 3669//3669
f 2923//2923 49//49 2134//2134
f 56//56 49//49 2923//2923
f 57//57 2725//2725 4337//4337
f 4136//4136 3764//3764 58//58
f 42//42 3833//3833 4035//4035
f 42//42 72//72 43//43
f 73//73 2303//2303 4213//4213
f 3592//3592 51//51 44//44
f 1552//1552 1551//1551 60//60
f 2082//2082 38//38 61//61
f 2446//2446 1887//1887 3248//3248
f 4045//4045 67//67 2494//2494
f 54//54 2317//2317 3141//3141
f 69//69 2289//2289 4423//4423
f 2940//2940 46//46 4663//4663
f 3817//3817 3168//3168 2108//2108
f 64//64 49//49 4641//4641
f 41//41 4447//4447 58//58
f 1552//1552 1550//1550 51//51
f 66//66 4335//4335 2799//2799
f 2041//2041 61//61 4700//4700
f 1859//1859 52//52 2446//2446
f 3942//3942 4045//4045 3283//3283
f 4033//4033 3444//3444 2317//2317
f 4033//4033 77//77 3444//3444
f 3593//3593 63//63 2940//2940
f 2535//2535 2931//2931 3489//3489
f 2543//2543 47//47 3800//3800
f 65//65 64//64 4641//4641
f 80//80 4337//4337 65//65
f 2571//2571 59//59 4136//4136
f 82//82 2370//2370 4732//4732
f 3619//3619 3890//3890 2976//2976
f 73//73 4213//4213 2472//2472
f 1551//1551 3463//3463 60//60
f 76//76 4730//4730 2375//2375
f 1922//1922 4229//4229 53//53
f 90//90 3283//3283 3126//3126
f 77//77 4033//4033 4141//4141
f 4064//4064 55//55 3817//3817
f 4384//4384 1894//1894 3340//3340
f 2258//2258 641//641 4384//4384
f 56//56 2923//2923 2258//2258
f 3399//3399 96//96 65//65
f 81//81 2682//2682 2489//2489
f 3885//3885 2612//2612 1928//1928
f 2325//2325 628//628 2510//2510
f 100//100 2510//2510 4605//4605
f 2472//2472 4369//4369 73//73
f 3917//3917 66//66 2799//2799
f 2245//2245 75//75 4539//4539
f 3157//3157 53//53 4229//4229
f 84//84 78//78 2294//2294
f 84//84 2294//2294 4432//4432
f 2530//2530 70//70 4064//4064
f 70//70 2367//2367 3052//3052
f 4713//4713 3052//3052 2367//2367
f 4713//4713 3489//3489 3052//3052
f 1956//1956 2535//2535 3489//3489
f 2016//2016 86//86 2486//2486
f 3276//3276 80//80 65//65
f 4036//4036 3276//3276 2820//2820
f 97//97 81//81 2489//2489
f 2483//2483 81//81 97//97
f 2017//2017 81//81 2483//2483
f 2596//2596 82//82 4732//4732
f 87//87 1928//1928 4248//4248
f 4074//4074 62//62 2349//2349
f 4426//4426 3818//3818 2977//2977
f 102//102 4206//4206 4426//4426
f 3157//3157 104//104 4643//4643
f 4286//4286 4500//4500 67//67
f 4500//4500 2860//2860 67//67
f 4667//4667 4141//4141 4252//4252
f 93//93 77//77 4667//4667
f 2601//2601 85//85 2074//2074
f 94//94 1956//1956 2647//2647
f 4449//4449 2216//2216 1941//1941
f 3158//3158 636//636 2486//2486
f 2698//2698 2681//2681 2920//2920
f 4124//4124 3794//3794 3357//3357
f 98//98 3091//3091 4011//4011
f 99//99 4602//4602 98//98
f 121//121 628//628 2325//2325
f 83//83 88//88 2963//2963
f 3190//3190 75//75 2245//2245
f 2509//2509 75//75 3190//3190
f 101//101 89//89 2509//2509
f 4699//4699 3129//3129 102//102
f 103//103 76//76 2375//2375
f 3840//3840 91//91 3942//3942
f 116//116 92//92 4286//4286
f 3058//3058 92//92 2094//2094
f 106//106 4252//4252 3801//3801
f 2256//2256 3604//3604 1857//1857
f 94//94 2647//2647 2159//2159
f 4646//4646 79//79 3340//3340
f 2855//2855 79//79 4646//4646
f 110//110 3860//3860 4439//4439
f 3972//3972 98//98 4011//4011
f 139//139 99//99 98//98
f 622//622 87//87 4248//4248
f 4351//4351 99//99 4196//4196
f 100//100 4605//4605 2100//2100
f 2531//2531 3868//3868 121//121
f 3969//3969 121//121 4649//4649
f 1557//1557 1556//1556 112//112
f 4514//4514 2963//2963 3388//3388
f 4699//4699 3425//3425 124//124
f 3425//3425 4699//4699 101//101
f 130//130 102//102 3129//3129
f 114//114 102//102 130//130
f 3058//3058 105//105 4214//4214
f 105//105 3284//3284 126//126
f 4001//4001 93//93 3144//3144
f 2250//2250 84//84 4432//4432
f 2098//2098 84//84 2250//2250
f 108//108 633//633 3991//3991
f 3077//3077 109//109 4464//4464
f 3902//3902 4439//4439 3860//3860
f 139//139 3972//3972 4261//4261
f 4606//4606 111//111 4196//4196
f 1557//1557 1558//1558 123//123
f 142//142 113//113 4245//4245
f 130//130 3129//3129 3219//3219
f 4408//4408 130//130 3110//3110
f 114//114 4408//4408 103//103
f 115//115 2492//2492 3095//3095
f 125//125 104//104 3693//3693
f 3941//3941 3760//3760 3346//3346
f 3941//3941 116//116 3389//3389
f 3284//3284 2094//2094 2730//2730
f 3801//3801 4252//4252 126//126
f 2031//2031 4476//4476 3017//3017
f 299//299 3377//3377 4707//4707
f 633//633 108//108 2555//2555
f 3215//3215 133//133 3542//3542
f 119//119 4015//4015 2820//2820
f 2887//2887 2466//2466 4067//4067
f 128//128 3902//3902 4224//4224
f 138//138 110//110 4439//4439
f 4606//4606 2933//2933 111//111
f 2933//2933 4606//4606 4465//4465
f 3868//3868 4649//4649 121//121
f 122//122 4242//4242 4618//4618
f 4594//4594 4258//4258 4280//4280
f 1998//1998 115//115 3095//3095
f 4540//4540 2474//2474 2730//2730
f 2474//2474 126//126 3284//3284
f 299//299 4707//4707 4042//4042
f 3177//3177 127//127 4576//4576
f 2710//2710 150//150 3177//3177
f 135//135 4456//4456 1898//1898
f 152//152 3512//3512 151//151
f 3302//3302 4224//4224 2377//2377
f 138//138 128//128 3302//3302
f 4428//4428 138//138 4170//4170
f 139//139 4261//4261 4061//4061
f 3233//3233 3868//3868 2192//2192
f 4618//4618 4242//4242 158//158
f 1560//1560 1559//1559 159//159
f 1560//1560 1558//1558 122//122
f 4551//4551 159//159 140//140
f 129//129 4507//4507 2440//2440
f 142//142 4245//4245 4507//4507
f 3050//3050 4201//4201 2097//2097
f 4258//4258 4594//4594 2506//2506
f 3266//3266 130//130 3219//3219
f 4652//4652 131//131 3110//3110
f 4652//4652 3095//3095 131//131
f 161//161 3693//3693 3208//3208
f 147//147 3040//3040 2268//2268
f 2715//2715 486//486 148//148
f 2874//2874 1990//1990 3355//3355
f 175//175 1990//1990 3382//3382
f 149//149 3215//3215 3161//3161
f 4591//4591 4576//4576 133//133
f 2929//2929 134//134 4591//4591
f 4346//4346 135//135 1898//1898
f 153//153 137//137 2466//2466
f 3154//3154 154//154 138//138
f 167//167 3104//3104 2847//2847
f 156//156 2222//2222 3343//3343
f 2705//2705 129//129 2883//2883
f 189//189 143//143 2184//2184
f 160//160 4280//4280 4258//4258
f 4367//4367 144//144 160//160
f 4510//4510 3116//3116 145//145
f 2505//2505 1998//1998 3116//3116
f 2872//2872 4059//4059 2662//2662
f 3459//3459 4050//4050 2357//2357
f 486//486 2715//2715 3459//3459
f 2621//2621 149//149 3161//3161
f 2808//2808 134//134 2929//2929
f 2710//2710 4553//4553 150//150
f 184//184 4553//4553 3286//3286
f 2085//2085 135//135 4346//4346
f 135//135 4764//4764 151//151
f 2389//2389 152//152 151//151
f 2259//2259 2389//2389 2741//2741
f 4329//4329 136//136 2350//2350
f 2690//2690 136//136 2339//2339
f 2455//2455 3302//3302 2377//2377
f 176//176 3970//3970 3853//3853
f 4545//4545 3154//3154 2711//2711
f 164//164 2711//2711 4162//4162
f 4022//4022 154//154 4545//4545
f 165//165 4170//4170 4361//4361
f 3795//3795 165//165 3666//3666
f 3795//3795 155//155 4061//4061
f 168//168 156//156 3343//3343
f 4205//4205 3233//3233 3217//3217
f 3987//3987 3217//3217 3149//3149
f 2822//2822 158//158 2609//2609
f 1561//1561 1559//1559 178//178
f 179//179 4139//4139 3730//3730
f 188//188 141//141 3926//3926
f 3014//3014 189//189 2435//2435
f 204//204 2980//2980 188//188
f 190//190 143//143 3013//3013
f 143//143 190//190 160//160
f 169//169 4433//4433 4367//4367
f 170//170 4510//4510 4522//4522
f 171//171 4104//4104 2505//2505
f 172//172 4059//4059 3208//3208
f 180//180 162//162 3181//3181
f 173//173 147//147 2268//2268
f 2591//2591 210//210 173//173
f 174//174 4071//4071 4592//4592
f 3128//3128 182//182 2697//2697
f 163//163 2621//2621 2444//2444
f 186//186 196//196 153//153
f 3853//3853 3970//3970 153//153
f 198//198 164//164 4162//4162
f 168//168 167//167 3915//3915
f 177//177 2609//2609 1994//1994
f 2822//2822 4618//4618 158//158
f 179//179 203//203 188//188
f 4672//4672 4367//4367 4200//4200
f 4672//4672 4522//4522 169//169
f 3703//3703 4522//4522 191//191
f 4522//4522 3703//3703 170//170
f 2505//2505 3116//3116 2047//2047
f 3574//3574 193//193 180//180
f 146//146 4444//4444 2112//2112
f 210//210 195//195 173//173
f 4592//4592 4071//4071 173//173
f 4493//4493 3286//3286 2812//2812
f 184//184 3286//3286 2453//2453
f 3506//3506 2304//2304 2900//2900
f 213//213 164//164 198//198
f 3666//3666 3236//3236 3755//3755
f 214//214 3422//3422 3755//3755
f 3007//3007 2514//2514 3086//3086
f 199//199 4533//4533 3007//3007
f 3804//3804 168//168 3915//3915
f 2465//2465 177//177 1994//1994
f 2526//2526 177//177 2465//2465
f 4511//4511 2822//2822 2153//2153
f 1561//1561 1562//1562 187//187
f 203//203 179//179 2993//2993
f 206//206 4200//4200 2084//2084
f 3137//3137 207//207 171//171
f 3137//3137 2047//2047 2832//2832
f 192//192 171//171 207//207
f 192//192 172//172 171//171
f 4301//4301 192//192 4190//4190
f 3021//3021 2872//2872 2662//2662
f 193//193 3574//3574 209//209
f 3986//3986 4319//4319 180//180
f 3381//3381 146//146 2112//2112
f 163//163 2444//2444 2327//2327
f 212//212 2304//2304 4080//4080
f 4665//4665 4183//4183 2259//2259
f 222//222 186//186 4183//4183
f 222//222 196//196 186//186
f 4516//4516 3989//3989 2282//2282
f 198//198 4162//4162 4516//4516
f 200//200 3804//3804 3914//3914
f 3566//3566 201//201 2153//2153
f 1563//1563 1562//1562 201//201
f 1563//1563 1564//1564 202//202
f 4240//4240 4161//4161 2178//2178
f 2036//2036 4240//4240 2105//2105
f 204//204 188//188 3439//3439
f 3254//3254 189//189 3014//3014
f 631//631 190//190 3013//3013
f 631//631 3254//3254 2610//2610
f 206//206 230//230 191//191
f 3296//3296 3703//3703 191//191
f 4661//4661 192//192 207//207
f 4257//4257 193//193 209//209
f 3792//3792 194//194 3986//3986
f 232//232 3792//3792 3147//3147
f 234//234 195//195 210//210
f 4218//4218 4176//4176 3990//3990
f 2869//2869 2327//2327 2648//2648
f 2895//2895 3506//3506 2900//2900
f 220//220 3405//3405 2895//2895
f 2527//2527 2449//2449 185//185
f 223//223 196//196 222//222
f 197//197 2953//2953 2101//2101
f 3614//3614 198//198 2701//2701
f 213//213 198//198 3614//3614
f 214//214 238//238 199//199
f 224//224 199//199 4497//4497
f 4231//4231 200//200 3914//3914
f 2244//2244 203//203 2993//2993
f 2244//2244 4198//4198 217//217
f 3409//3409 204//204 3439//3439
f 218//218 3585//3585 2560//2560
f 230//230 206//206 3252//3252
f 231//231 4473//4473 4409//4409
f 4190//4190 4661//4661 4396//4396
f 2775//2775 208//208 4190//4190
f 234//234 3610//3610 3155//3155
f 220//220 4079//4079 219//219
f 221//221 4665//4665 2402//2402
f 237//237 2902//2902 249//249
f 1939//1939 4635//4635 3156//3156
f 214//214 2484//2484 238//238
f 239//239 4231//4231 4393//4393
f 3351//3351 215//215 3566//3566
f 3351//3351 1688//1688 215//215
f 1565//1565 1564//1564 215//215
f 1565//1565 1566//1566 240//240
f 3008//3008 3668//3668 2458//2458
f 255//255 216//216 4598//4598
f 256//256 218//218 2560//2560
f 227//227 218//218 3048//3048
f 229//229 4630//4630 4656//4656
f 243//243 3309//3309 242//242
f 2775//2775 244//244 3127//3127
f 2973//2973 3381//3381 2590//2590
f 233//233 4653//4653 2419//2419
f 4002//4002 3967//3967 3751//3751
f 3751//3751 2498//2498 3084//3084
f 2745//2745 235//235 2836//2836
f 3331//3331 2648//2648 4348//4348
f 2723//2723 183//183 2960//2960
f 4080//4080 3153//3153 212//212
f 248//248 2527//2527 2346//2346
f 640//640 222//222 2402//2402
f 2338//2338 223//223 222//222
f 2528//2528 197//197 2101//2101
f 249//249 2902//2902 2528//2528
f 3629//3629 4193//4193 4175//4175
f 4372//4372 225//225 239//239
f 2841//2841 217//217 4198//4198
f 256//256 2841//2841 3174//3174
f 3308//3308 229//229 4656//4656
f 270//270 1943//1943 2150//2150
f 242//242 230//230 2942//2942
f 258//258 231//231 4409//4409
f 259//259 231//231 258//258
f 3107//3107 4396//4396 259//259
f 244//244 2775//2775 1947//1947
f 246//246 2498//2498 2042//2042
f 247//247 2376//2376 2437//2437
f 2714//2714 212//212 3153//3153
f 4292//4292 3349//3349 2326//2326
f 250//250 4543//4543 4078//4078
f 251//251 1939//1939 2580//2580
f 264//264 238//238 2995//2995
f 2096//2096 263//263 264//264
f 252//252 4295//4295 4619//4619
f 4372//4372 239//239 4393//4393
f 280//280 225//225 4372//4372
f 3523//3523 4051//4051 2739//2739
f 281//281 2925//2925 2090//2090
f 1567//1567 1566//1566 281//281
f 2264//2264 226//226 2552//2552
f 241//241 1953//1953 2522//2522
f 3976//3976 227//227 3048//3048
f 4389//4389 228//228 3407//3407
f 268//268 228//228 4389//4389
f 269//269 228//228 268//268
f 2135//2135 257//257 242//242
f 257//257 243//243 242//242
f 258//258 4409//4409 257//257
f 4254//4254 4769//4769 2546//2546
f 3189//3189 233//233 2419//2419
f 273//273 4272//4272 3084//3084
f 274//274 236//236 4149//4149
f 274//274 4149//4149 2437//2437
f 3935//3935 3929//3929 3313//3313
f 3935//3935 219//219 4079//4079
f 2346//2346 219//219 2951//2951
f 1917//1917 248//248 2346//2346
f 3504//3504 288//288 2366//2366
f 4502//4502 4//4 2434//2434
f 3725//3725 276//276 249//249
f 3725//3725 2434//2434 276//276
f 4078//4078 4543//4543 249//249
f 278//278 2700//2700 277//277
f 263//263 2096//2096 2890//2890
f 265//265 279//279 4619//4619
f 7//7 2925//2925 2739//2739
f 4357//4357 4598//4598 254//254
f 4598//4598 4530//4530 255//255
f 4530//4530 4598//4598 266//266
f 3771//3771 4101//4101 3555//3555
f 283//283 3636//3636 4625//4625
f 3976//3976 4389//4389 3407//3407
f 3539//3539 3384//3384 2801//2801
f 3998//3998 258//258 2849//2849
f 3698//3698 271//271 3107//3107
f 4753//4753 4769//4769 4254//4254
f 2814//2814 246//246 2042//2042
f 286//286 2394//2394 2669//2669
f 2//2 262//262 3391//3391
f 2//2 3391//3391 731//731
f 3279//3279 250//250 2405//2405
f 277//277 250//250 3279//3279
f 4147//4147 263//263 2890//2890
f 1568//1568 1567//1567 281//281
f 294//294 267//267 3976//3976
f 10//10 267//267 294//294
f 3947//3947 4158//4158 268//268
f 268//268 267//267 10//10
f 284//284 3146//3146 4650//4650
f 2049//2049 270//270 2150//2150
f 2049//2049 3858//3858 2135//2135
f 13//13 272//272 3109//3109
f 14//14 272//272 13//13
f 285//285 2952//2952 684//684
f 2547//2547 297//297 273//273
f 297//297 2547//2547 285//285
f 3093//3093 273//273 3130//3130
f 2557//2557 1//1 274//274
f 1//1 2557//2557 686//686
f 3196//3196 275//275 2951//2951
f 3504//3504 287//287 288//288
f 5//5 277//277 738//738
f 4349//4349 278//278 277//277
f 289//289 3599//3599 4548//4548
f 2752//2752 3790//3790 4670//4670
f 290//290 2196//2196 1860//1860
f 2908//2908 291//291 265//265
f 291//291 279//279 265//265
f 292//292 279//279 2548//2548
f 279//279 292//292 4372//4372
f 2296//2296 280//280 4372//4372
f 1568//1568 1543//1543 293//293
f 3047//3047 241//241 2522//2522
f 4440//4440 282//282 2665//2665
f 12//12 4446//4446 295//295
f 4759//4759 4446//4446 12//12
f 271//271 3698//3698 2162//2162
f 3175//3175 296//296 2162//2162
f 15//15 1993//1993 14//14
f 731//731 286//286 736//736
f 3//3 4669//4669 647//647
f 4//4 2171//2171 2556//2556
f 656//656 290//290 740//740
f 741//741 284//284 733//733
f 3175//3175 13//13 296//296
f 716//716 21//21 718//718
f 3593//3593 3842//3842 63//63
f 107//107 2074//2074 4445//4445
f 148//148 4538//4538 2670//2670
f 2452//2452 299//299 4042//4042
f 4208//4208 4538//4538 148//148
f 3746//3746 486//486 3459//3459
f 211//211 2677//2677 3966//3966
f 4703//4703 260//260 2376//2376
f 3093//3093 4037//4037 273//273
f 763//763 613//613 4068//4068
f 745//745 1742//1742 790//790
f 307//307 752//752 791//791
f 803//803 323//323 805//805
f 806//806 2793//2793 807//807
f 2432//2432 815//815 814//814
f 800//800 322//322 818//818
f 338//338 819//819 820//820
f 330//330 2008//2008 2061//2061
f 2460//2460 2022//2022 328//328
f 2614//2614 4227//4227 3076//3076
f 3337//3337 4156//4156 3037//3037
f 326//326 325//325 2221//2221
f 2763//2763 329//329 3076//3076
f 828//828 329//329 832//832
f 2242//2242 4312//4312 3390//3390
f 323//323 2008//2008 2793//2793
f 331//331 3403//3403 325//325
f 2481//2481 326//326 2221//2221
f 2179//2179 3043//3043 623//623
f 324//324 2022//2022 2460//2460
f 1903//1903 333//333 328//328
f 2798//2798 3933//3933 334//334
f 337//337 4312//4312 4495//4495
f 2927//2927 330//330 2129//2129
f 340//340 330//330 2927//2927
f 3591//3591 343//343 2380//2380
f 3043//3043 2481//2481 623//623
f 349//349 328//328 358//358
f 637//637 2312//2312 2582//2582
f 351//351 352//352 3321//3321
f 3754//3754 336//336 4227//4227
f 3024//3024 346//346 2083//2083
f 1571//1571 1570//1570 3892//3892
f 3448//3448 340//340 2927//2927
f 3448//3448 341//341 3893//3893
f 3304//3304 342//342 4709//4709
f 3379//3379 343//343 3591//3591
f 4611//4611 343//343 3379//3379
f 2191//2191 1944//1944 3953//3953
f 364//364 2121//2121 2242//2242
f 4164//4164 2456//2456 2776//2776
f 3780//3780 2927//2927 2851//2851
f 3909//3909 3981//3981 3780//3780
f 355//355 3304//3304 367//367
f 2802//2802 2735//2735 3440//3440
f 369//369 349//349 358//358
f 1951//1951 349//349 369//369
f 3587//3587 1951//1951 1955//1955
f 2684//2684 350//350 1863//1863
f 360//360 361//361 1944//1944
f 370//370 352//352 351//351
f 370//370 353//353 3754//3754
f 1573//1573 3646//3646 4083//4083
f 364//364 2242//2242 4414//4414
f 2525//2525 4344//4344 373//373
f 4026//4026 366//366 3023//3023
f 3251//3251 4383//4383 367//367
f 4383//4383 355//355 367//367
f 4153//4153 355//355 3979//3979
f 3261//3261 348//348 347//347
f 4152//4152 378//378 356//356
f 378//378 4152//4152 3173//3173
f 4586//4586 358//358 2568//2568
f 3756//3756 361//361 360//360
f 2830//2830 370//370 2002//2002
f 4315//4315 353//353 370//370
f 4083//4083 346//346 380//380
f 2118//2118 364//364 4414//4414
f 2247//2247 364//364 2118//2118
f 2742//2742 366//366 4026//4026
f 3200//3200 366//366 2742//2742
f 377//377 368//368 3251//3251
f 355//355 4153//4153 347//347
f 386//386 3261//3261 2468//2468
f 358//358 4586//4586 3651//3651
f 369//369 3651//3651 3071//3071
f 2253//2253 359//359 2133//2133
f 2420//2420 359//359 2253//2253
f 2983//2983 361//361 3756//3756
f 2002//2002 361//361 2983//2983
f 2830//2830 371//371 370//370
f 403//403 371//371 1970//1970
f 4315//4315 4657//4657 353//353
f 4657//4657 346//346 3024//3024
f 407//407 376//376 3402//3402
f 383//383 372//372 3957//3957
f 4344//4344 2525//2525 372//372
f 3347//3347 4271//4271 2877//2877
f 3200//3200 377//377 366//366
f 4284//4284 374//374 2257//2257
f 3315//3315 371//371 403//403
f 3883//3883 3691//3691 3315//3315
f 2617//2617 346//346 4657//4657
f 380//380 346//346 2617//2617
f 2877//2877 383//383 3166//3166
f 385//385 354//354 3347//3347
f 2388//2388 3200//3200 3946//3946
f 1897//1897 2478//2478 3979//3979
f 2468//2468 3261//3261 2478//2478
f 1923//1923 387//387 2561//2561
f 387//387 378//378 3173//3173
f 412//412 378//378 387//387
f 4302//4302 391//391 2299//2299
f 4191//4191 401//401 392//392
f 392//392 379//379 3549//3549
f 2708//2708 375//375 2983//2983
f 403//403 1970//1970 3231//3231
f 393//393 4073//4073 3203//3203
f 4363//4363 4320//4320 380//380
f 406//406 380//380 4320//4320
f 1575//1575 1574//1574 406//406
f 381//381 2454//2454 382//382
f 407//407 3402//3402 3782//3782
f 408//408 383//383 3957//3957
f 410//410 385//385 3260//3260
f 2521//2521 2935//2935 385//385
f 4143//4143 395//395 377//377
f 2014//2014 389//389 2200//2200
f 399//399 4199//4199 414//414
f 4249//4249 401//401 4191//4191
f 2315//2315 379//379 392//392
f 2137//2137 402//402 2708//2708
f 2491//2491 418//418 2833//2833
f 405//405 4363//4363 404//404
f 382//382 2454//2454 2508//2508
f 382//382 394//394 381//381
f 3462//3462 408//408 3957//3957
f 3462//3462 2075//2075 2512//2512
f 3876//3876 4041//4041 408//408
f 2935//2935 2521//2521 411//411
f 422//422 395//395 4143//4143
f 395//395 422//422 423//423
f 639//639 2014//2014 4317//4317
f 415//415 399//399 414//414
f 3472//3472 390//390 400//400
f 390//390 3472//3472 416//416
f 444//444 445//445 3288//3288
f 417//417 2315//2315 2755//2755
f 427//427 2833//2833 3864//3864
f 1575//1575 1576//1576 419//419
f 420//420 428//428 382//382
f 4542//4542 394//394 382//382
f 3787//3787 394//394 4542//4542
f 429//429 3876//3876 4571//4571
f 2427//2427 411//411 2521//2521
f 2347//2347 411//411 2427//2427
f 2388//2388 2347//2347 3710//3710
f 4481//4481 4448//4448 423//423
f 4334//4334 395//395 423//423
f 1967//1967 396//396 2000//2000
f 396//396 1967//1967 1905//1905
f 2859//2859 397//397 2554//2554
f 3767//3767 413//413 4549//4549
f 4391//4391 414//414 2784//2784
f 4108//4108 415//415 414//414
f 2816//2816 425//425 2967//2967
f 2550//2550 434//434 416//416
f 444//444 3288//3288 2961//2961
f 435//435 4392//4392 3256//3256
f 435//435 426//426 4648//4648
f 446//446 427//427 3864//3864
f 448//448 2721//2721 2889//2889
f 3702//3702 405//405 3518//3518
f 1576//1576 1577//1577 419//419
f 4459//4459 428//428 420//420
f 3984//3984 421//421 3787//3787
f 2362//2362 409//409 3106//3106
f 410//410 3260//3260 441//441
f 455//455 4481//4481 3710//3710
f 4448//4448 430//430 423//423
f 396//396 1905//1905 1889//1889
f 2195//2195 1877//1877 2885//2885
f 2461//2461 4391//4391 2784//2784
f 4604//4604 425//425 2816//2816
f 443//443 3652//3652 3866//3866
f 434//434 2550//2550 3745//3745
f 3992//3992 401//401 4249//4249
f 3992//3992 2410//2410 401//401
f 4283//4283 426//426 3182//3182
f 3328//3328 421//421 4768//4768
f 437//437 2075//2075 2507//2507
f 438//438 429//429 4571//4571
f 2806//2806 470//470 438//438
f 3655//3655 429//429 438//438
f 440//440 4645//4645 2379//2379
f 3184//3184 3715//3715 3594//3594
f 4633//4633 3712//3712 3595//3595
f 107//107 4445//4445 3020//3020
f 3293//3293 433//433 2461//2461
f 466//466 2949//2949 4215//4215
f 445//445 444//444 4347//4347
f 446//446 3864//3864 4283//4283
f 2187//2187 427//427 446//446
f 447//447 2491//2491 2027//2027
f 2898//2898 481//481 2107//2107
f 2806//2806 2507//2507 3635//3635
f 463//463 1895//1895 3239//3239
f 4668//4668 3530//3530 2859//2859
f 457//457 2141//2141 456//456
f 458//458 424//424 457//457
f 3293//3293 2949//2949 433//433
f 4547//4547 444//444 2961//2961
f 478//478 4192//4192 4347//4347
f 4527//4527 4012//4012 468//468
f 3813//3813 3182//3182 459//459
f 4688//4688 449//449 2911//2911
f 2970//2970 1580//1580 450//450
f 461//461 2903//2903 2783//2783
f 471//471 438//438 470//470
f 439//439 3499//3499 1988//1988
f 3594//3594 3715//3715 3170//3170
f 3301//3301 455//455 3323//3323
f 3644//3644 3323//3323 2658//2658
f 4232//4232 430//430 4448//4448
f 485//485 430//430 4232//4232
f 3878//3878 3534//3534 3122//3122
f 456//456 4538//4538 457//457
f 4521//4521 458//458 457//457
f 2986//2986 458//458 4521//4521
f 3354//3354 443//443 3866//3866
f 467//467 4724//4724 3602//3602
f 2754//2754 488//488 4347//4347
f 3589//3589 459//459 3092//3092
f 460//460 4306//4306 4466//4466
f 4017//4017 453//453 461//461
f 3665//3665 3984//3984 3928//3928
f 4381//4381 3665//3665 3722//3722
f 3635//3635 462//462 3559//3559
f 471//471 470//470 4531//4531
f 3532//3532 483//483 439//439
f 472//472 3453//3453 2369//2369
f 2587//2587 474//474 3206//3206
f 3920//3920 465//465 2464//2464
f 303//303 3122//3122 3038//3038
f 476//476 458//458 2986//2986
f 4215//4215 2949//2949 476//476
f 477//477 3776//3776 3643//3643
f 501//501 3618//3618 4021//4021
f 479//479 2950//2950 4573//4573
f 2161//2161 4096//4096 2856//2856
f 4333//4333 517//517 2233//2233
f 490//490 2029//2029 3638//3638
f 3397//3397 2921//2921 3886//3886
f 2898//2898 4360//4360 481//481
f 4360//4360 4090//4090 491//491
f 506//506 469//469 461//461
f 483//483 3532//3532 3889//3889
f 3516//3516 472//472 2369//2369
f 495//495 4676//4676 3520//3520
f 2565//2565 485//485 2728//2728
f 3198//3198 431//431 3280//3280
f 467//467 488//488 2754//2754
f 4095//4095 4347//4347 3143//3143
f 4095//4095 478//478 4347//4347
f 500//500 478//478 4095//4095
f 4012//4012 4527//4527 500//500
f 4021//4021 468//468 4012//4012
f 3537//3537 3397//3397 3886//3886
f 505//505 4360//4360 4063//4063
f 4466//4466 4306//4306 491//491
f 506//506 2934//2934 3427//3427
f 3722//3722 469//469 2875//2875
f 2128//2128 3513//3513 3327//3327
f 493//493 507//507 4438//4438
f 3925//3925 3889//3889 2897//2897
f 495//495 3520//3520 4285//4285
f 4722//4722 3392//3392 2905//2905
f 2565//2565 496//496 3198//3198
f 3746//3746 2260//2260 2477//2477
f 475//475 2260//2260 3900//3900
f 498//498 3643//3643 4748//4748
f 3428//3428 477//477 3643//3643
f 3354//3354 3350//3350 487//487
f 3437//3437 467//467 4739//4739
f 488//488 467//467 3437//3437
f 3785//3785 4179//4179 523//523
f 1985//1985 3374//3374 1962//1962
f 1985//1985 2316//2316 4755//4755
f 480//480 2856//2856 2316//2316
f 4276//4276 3445//3445 3930//3930
f 519//519 492//492 2875//2875
f 492//492 519//519 4131//4131
f 520//520 493//493 3937//3937
f 520//520 507//507 493//493
f 534//534 507//507 520//520
f 4285//4285 2905//2905 495//495
f 642//642 538//538 4568//4568
f 496//496 2471//2471 539//539
f 3768//3768 497//497 3509//3509
f 3202//3202 498//498 522//522
f 3551//3551 3446//3446 3457//3457
f 515//515 3785//3785 3143//3143
f 4472//4472 500//500 489//489
f 3447//3447 501//501 3789//3789
f 3728//3728 3187//3187 3447//3447
f 2209//2209 502//502 1962//1962
f 526//526 480//480 1865//1865
f 526//526 1865//1865 3849//3849
f 4333//4333 480//480 2425//2425
f 529//529 4019//4019 4270//4270
f 3408//3408 3099//3099 3537//3537
f 1900//1900 504//504 3099//3099
f 1582//1582 1583//1583 4702//4702
f 530//530 505//505 4647//4647
f 519//519 2875//2875 3427//3427
f 494//494 2897//2897 2406//2406
f 3830//3830 536//536 2579//2579
f 3945//3945 551//551 509//509
f 551//551 3945//3945 3169//3169
f 552//552 1849//1849 4693//4693
f 2160//2160 511//511 4565//4565
f 522//522 3495//3495 3779//3779
f 3879//3879 515//515 3747//3747
f 4321//4321 3747//3747 3694//3694
f 4179//4179 4116//4116 523//523
f 2539//2539 4472//4472 3899//3899
f 3558//3558 516//516 3789//3789
f 557//557 3562//3562 2209//2209
f 528//528 517//517 4338//4338
f 560//560 503//503 4163//4163
f 4330//4330 503//503 560//560
f 546//546 1900//1900 2635//2635
f 2826//2826 505//505 530//530
f 4090//4090 4505//4505 491//491
f 531//531 4090//4090 2826//2826
f 4505//4505 4466//4466 491//491
f 3761//3761 549//549 520//520
f 549//549 3761//3761 3576//3576
f 550//550 494//494 2406//2406
f 3446//3446 513//513 4562//4562
f 3879//3879 540//540 4179//4179
f 541//541 523//523 4116//4116
f 4610//4610 524//524 3558//3558
f 556//556 525//525 3923//3923
f 4219//4219 525//525 556//556
f 525//525 4219//4219 629//629
f 3849//3849 3165//3165 526//526
f 545//545 527//527 3165//3165
f 545//545 3165//3165 2045//2045
f 558//558 527//527 545//545
f 2672//2672 528//528 2540//2540
f 2672//2672 529//529 4270//4270
f 563//563 531//531 1908//1908
f 548//548 2128//2128 1969//1969
f 534//534 520//520 2069//2069
f 1952//1952 494//494 550//550
f 1952//1952 2613//2613 3490//3490
f 2177//2177 4474//4474 3830//3830
f 4003//4003 537//537 2342//2342
f 2598//2598 537//537 4003//4003
f 552//552 4693//4693 3314//3314
f 553//553 4570//4570 2309//2309
f 553//553 539//539 2471//2471
f 3753//3753 512//512 4704//4704
f 3675//3675 4678//4678 570//570
f 579//579 3791//3791 570//570
f 3856//3856 580//580 542//542
f 580//580 3856//3856 2182//2182
f 592//592 3069//3069 2078//2078
f 4517//4517 4610//4610 2062//2062
f 556//556 524//524 4517//4517
f 4659//4659 557//557 3731//3731
f 583//583 4373//4373 2938//2938
f 558//558 545//545 4324//4324
f 572//572 529//529 2672//2672
f 559//559 4403//4403 572//572
f 2123//2123 546//546 2635//2635
f 1585//1585 1584//1584 546//546
f 1585//1585 1586//1586 547//547
f 4303//4303 3832//3832 3417//3417
f 4583//4583 587//587 3844//3844
f 4455//4455 4300//4300 533//533
f 548//548 1969//1969 2291//2291
f 2359//2359 534//534 2069//2069
f 2499//2499 588//588 550//550
f 568//568 551//551 2770//2770
f 2309//2309 1916//1916 3841//3841
f 577//577 1916//1916 2569//2569
f 2040//2040 578//578 3140//3140
f 3877//3877 579//579 3031//3031
f 3812//3812 2660//2660 2330//2330
f 581//581 556//556 555//555
f 4651//4651 4219//4219 556//556
f 4577//4577 4651//4651 2717//2717
f 3731//3731 3268//3268 4577//4577
f 3117//3117 4005//4005 2866//2866
f 4169//4169 4324//4324 3951//3951
f 571//571 2540//2540 2659//2659
f 3450//3450 559//559 572//572
f 559//559 3450//3450 560//560
f 573//573 560//560 595//595
f 1588//1588 3479//3479 561//561
f 2650//2650 562//562 2275//2275
f 4159//4159 563//563 1908//1908
f 4250//4250 3677//3677 565//565
f 3798//3798 3677//3677 3237//3237
f 3659//3659 2918//2918 4675//4675
f 610//610 588//588 4563//4563
f 2517//2517 567//567 2713//2713
f 575//575 2583//2583 2490//2490
f 576//576 2598//2598 2519//2519
f 4603//4603 590//590 554//554
f 3400//3400 3529//3529 3270//3270
f 578//578 2040//2040 2577//2577
f 591//591 569//569 2720//2720
f 4678//4678 3675//3675 3846//3846
f 580//580 2182//2182 4244//4244
f 4298//4298 4517//4517 2062//2062
f 582//582 3731//3731 2319//2319
f 2288//2288 571//571 3973//3973
f 595//595 3450//3450 3120//3120
f 619//619 573//573 2217//2217
f 3894//3894 573//573 619//619
f 3724//3724 4184//4184 574//574
f 3479//3479 574//574 4184//4184
f 3630//3630 585//585 2033//2033
f 585//585 3630//3630 598//598
f 2214//2214 563//563 4159//4159
f 2837//2837 2214//2214 3470//3470
f 4327//4327 4303//4303 3417//3417
f 4583//4583 4251//4251 587//587
f 4251//4251 4583//4583 564//564
f 611//611 600//600 4238//4238
f 2772//2772 567//567 4120//4120
f 612//612 575//575 2657//2657
f 601//601 576//576 2519//2519
f 4735//4735 589//589 4322//4322
f 577//577 1918//1918 4316//4316
f 590//590 4603//4603 3841//3841
f 4658//4658 577//577 4316//4316
f 3400//3400 3270//3270 2779//2779
f 3070//3070 578//578 2577//2577
f 602//602 3846//3846 591//591
f 603//603 579//579 3877//3877
f 3111//3111 580//580 3088//3088
f 592//592 2078//2078 3111//3111
f 4269//4269 4298//4298 3119//3119
f 4664//4664 581//581 555//555
f 593//593 582//582 605//605
f 4256//4256 583//583 2938//2938
f 2564//2564 619//619 2217//2217
f 598//598 305//305 585//585
f 609//609 586//586 3470//3470
f 306//306 587//587 3290//3290
f 599//599 587//587 306//306
f 3798//3798 3903//3903 2915//2915
f 3114//3114 635//635 3903//3903
f 4262//4262 758//758 611//611
f 3904//3904 612//612 2657//2657
f 311//311 575//575 612//612
f 2964//2964 589//589 4735//4735
f 4237//4237 615//615 3245//3245
f 312//312 591//591 615//615
f 602//602 591//591 312//312
f 4046//4046 4352//4352 2529//2529
f 4664//4664 2717//2717 581//581
f 605//605 2235//2235 3690//3690
f 606//606 593//593 3073//3073
f 319//319 594//594 3940//3940
f 3004//3004 618//618 2564//2564
f 1589//1589 1588//1588 561//561
f 308//308 3798//3798 2584//2584
f 2870//2870 600//600 611//611
f 4526//4526 4120//4120 2870//2870
f 2804//2804 613//613 601//601
f 601//601 3597//3597 4138//4138
f 313//313 602//602 312//312
f 616//616 603//603 314//314
f 2773//2773 604//604 3088//3088
f 3855//3855 315//315 2992//2992
f 316//316 2529//2529 2773//2773
f 3298//3298 4499//4499 2476//2476
f 4488//4488 3894//3894 3578//3578
f 4371//4371 1734//1734 561//561
f 4488//4488 4371//4371 596//596
f 1589//1589 1590//1590 608//608
f 3186//3186 603//603 3877//3877
f 618//618 835//835 788//788
f 1590//1590 1591//1591 608//608
f 2541//2541 327//327 2179//2179
f 356//356 357//357 2802//2802
f 3083//3083 388//388 3334//3334
f 356//356 378//378 3083//3083
f 3020//3020 1877//1877 4266//4266
f 304//304 4208//4208 2477//2477
f 2183//2183 1868//1868 3128//3128
f 622//622 111//111 2933//2933
f 566//566 3667//3667 3503//3503
f 2035//2035 4555//4555 3977//3977
f 326//326 2481//2481 3043//3043
f 623//623 343//343 4611//4611
f 2208//2208 624//624 3199//3199
f 4753//4753 2208//2208 3147//3147
f 1574//1574 1592//1592 406//406
f 2713//2713 2248//2248 2613//2613
f 2166//2166 2240//2240 4345//4345
f 40//40 3611//3611 2240//2240
f 2622//2622 451//451 2107//2107
f 4751//4751 628//628 121//121
f 525//525 629//629 3187//3187
f 3537//3537 2537//2537 3397//3397
f 2600//2600 453//453 420//420
f 625//625 4114//4114 1936//1936
f 1879//1879 631//631 3752//3752
f 1867//1867 632//632 4168//4168
f 2874//2874 633//633 3777//3777
f 2159//2159 118//118 1941//1941
f 3365//3365 2622//2622 2117//2117
f 333//333 1903//1903 2418//2418
f 2441//2441 350//350 2684//2684
f 1906//1906 635//635 3576//3576
f 2915//2915 1906//1906 4491//4491
f 118//118 634//634 2111//2111
f 2582//2582 4082//4082 637//637
f 2016//2016 71//71 2543//2543
f 4323//4323 3530//3530 2426//2426
f 4407//4407 638//638 2099//2099
f 2501//2501 4407//4407 1945//1945
f 3838//3838 639//639 4317//4317
f 1853//1853 640//640 2402//2402
f 432//432 3763//3763 1858//1858
f 1851//1851 641//641 2134//2134
f 1894//1894 1851//1851 2016//2016
f 1850//1850 4096//4096 2161//2161
f 4580//4580 642//642 2728//2728
f 538//538 642//642 4580//4580
f 646//646 2917//2917 644//644
f 3196//3196 2917//2917 646//646
f 647//647 4669//4669 4622//4622
f 649//649 4//4 648//648
f 841//841 651//651 3508//3508
f 654//654 6//6 655//655
f 656//656 657//657 291//291
f 658//658 659//659 2548//2548
f 660//660 292//292 659//659
f 4584//4584 661//661 663//663
f 670//670 10//10 668//668
f 671//671 672//672 12//12
f 677//677 13//13 676//676
f 679//679 678//678 680//680
f 681//681 15//15 679//679
f 735//735 285//285 684//684
f 687//687 4048//4048 287//287
f 653//653 655//655 6//6
f 689//689 690//690 8//8
f 666//666 692//692 282//282
f 693//693 4494//4494 11//11
f 4353//4353 3325//3325 675//675
f 699//699 696//696 3019//3019
f 703//703 697//697 4395//4395
f 704//704 705//705 24//24
f 706//706 2322//2322 707//707
f 701//701 721//721 3944//3944
f 706//706 723//723 2322//2322
f 738//738 3279//3279 737//737
f 743//743 297//297 735//735
f 3492//3492 2328//2328 748//748
f 749//749 609//609 1149//1149
f 750//750 306//306 751//751
f 753//753 308//308 754//754
f 755//755 756//756 309//309
f 758//758 310//310 1136//1136
f 612//612 760//760 761//761
f 4479//4479 625//625 762//762
f 765//765 3597//3597 763//763
f 4457//4457 614//614 769//769
f 4237//4237 614//614 4457//4457
f 770//770 771//771 312//312
f 3690//3690 4682//4682 779//779
f 780//780 781//781 318//318
f 783//783 319//319 784//784
f 1593//1593 1591//1591 789//789
f 761//761 3563//3563 311//311
f 787//787 794//794 320//320
f 838//838 320//320 794//794
f 795//795 796//796 324//324
f 797//797 3933//3933 798//798
f 800//800 2998//2998 322//322
f 801//801 4128//4128 802//802
f 806//806 805//805 323//323
f 809//809 810//810 325//325
f 811//811 327//327 812//812
f 813//813 324//324 796//796
f 797//797 816//816 3933//3933
f 4425//4425 822//822 821//821
f 823//823 326//326 824//824
f 825//825 812//812 327//327
f 826//826 334//334 827//827
f 2804//2804 764//764 613//613
f 834//834 837//837 607//607
f 2431//2431 836//836 685//685
f 839//839 4468//4468 744//744
f 647//647 850//850 648//648
f 856//856 665//665 4032//4032
f 2284//2284 845//845 860//860
f 2412//2412 877//877 4757//4757
f 1893//1893 840//840 852//852
f 879//879 840//840 1893//1893
f 843//843 853//853 844//844
f 853//853 843//843 4424//4424
f 3759//3759 846//846 3059//3059
f 862//862 846//846 3759//3759
f 894//894 847//847 1869//1869
f 894//894 863//863 847//847
f 863//863 2429//2429 3526//3526
f 4355//4355 3049//3049 2523//2523
f 645//645 848//848 2817//2817
f 4030//4030 4006//4006 3232//3232
f 3971//3971 877//877 2412//2412
f 2066//2066 878//878 852//852
f 4110//4110 842//842 865//865
f 2899//2899 842//842 4110//4110
f 4185//4185 4623//4623 867//867
f 2323//2323 855//855 4133//4133
f 663//663 855//855 2323//2323
f 691//691 4679//4679 3916//3916
f 2076//2076 4572//4572 2308//2308
f 2308//2308 856//856 1921//1921
f 872//872 858//858 3884//3884
f 2553//2553 859//859 2403//2403
f 2553//2553 860//860 2110//2110
f 3430//3430 860//860 3546//3546
f 861//861 2284//2284 3430//3430
f 3515//3515 873//873 3300//3300
f 677//677 4207//4207 680//680
f 884//884 4278//4278 4379//4379
f 2692//2692 874//874 862//862
f 1869//1869 4519//4519 3848//3848
f 894//894 1869//1869 1913//1913
f 4355//4355 4223//4223 864//864
f 4223//4223 4355//4355 895//895
f 2969//2969 3696//3696 3361//3361
f 875//875 4030//4030 2470//2470
f 3971//3971 4006//4006 3626//3626
f 4518//4518 4048//4048 3743//3743
f 898//898 3743//3743 2878//2878
f 886//886 4356//4356 4518//4518
f 4370//4370 3205//3205 2443//2443
f 878//878 2066//2066 2176//2176
f 3484//3484 2646//2646 3612//3612
f 900//900 865//865 3163//3163
f 4617//4617 853//853 4296//4296
f 891//891 4679//4679 3227//3227
f 3695//3695 4572//4572 2076//2076
f 2457//2457 870//870 1977//1977
f 870//870 2457//2457 2158//2158
f 3660//3660 872//872 3884//3884
f 2891//2891 873//873 3515//3515
f 883//883 4207//4207 4020//4020
f 3465//3465 874//874 2692//2692
f 4188//4188 2429//2429 1931//1931
f 885//885 922//922 2884//2884
f 910//910 875//875 2470//2470
f 4113//4113 875//875 910//910
f 3368//3368 876//876 3626//3626
f 1880//1880 2780//2780 3484//3484
f 900//900 3163//3163 1919//1919
f 902//902 867//867 3247//3247
f 3872//3872 3711//3711 3735//3735
f 4695//4695 3228//3228 3714//3714
f 3085//3085 880//880 2673//2673
f 888//888 2840//2840 4544//4544
f 1596//1596 1597//1597 889//889
f 4581//4581 3772//3772 4133//4133
f 3067//3067 4132//4132 3053//3053
f 3695//3695 3939//3939 2873//2873
f 3412//3412 881//881 2914//2914
f 3464//3464 3274//3274 3419//3419
f 3497//3497 3274//3274 1934//1934
f 2493//2493 861//861 3430//3430
f 4427//4427 2493//2493 892//892
f 1458//1458 884//884 3996//3996
f 3875//3875 2488//2488 2842//2842
f 3999//3999 3238//3238 886//886
f 3831//3831 2443//2443 2059//2059
f 2780//2780 2223//2223 3676//3676
f 900//900 1919//1919 4566//4566
f 901//901 887//887 3517//3517
f 4115//4115 4296//4296 902//902
f 903//903 4225//4225 4115//4115
f 4544//4544 4558//4558 888//888
f 4557//4557 1598//1598 1979//1979
f 1598//1598 1599//1599 904//904
f 3932//3932 890//890 4581//4581
f 916//916 891//891 2787//2787
f 905//905 1921//1921 2009//2009
f 4195//4195 4123//4123 930//930
f 906//906 907//907 892//892
f 3810//3810 3552//3552 3183//3183
f 941//941 917//917 3978//3978
f 3912//3912 874//874 3465//3465
f 919//919 1913//1913 2199//2199
f 909//909 895//895 4150//4150
f 4612//4612 4223//4223 895//895
f 4589//4589 922//922 885//885
f 4287//4287 2878//2878 2487//2487
f 911//911 2487//2487 923//923
f 4075//4075 924//924 3999//3999
f 925//925 2652//2652 3306//3306
f 3002//3002 900//900 4566//4566
f 901//901 3517//3517 3002//3002
f 3057//3057 913//913 902//902
f 914//914 902//902 913//913
f 3938//3938 903//903 4115//4115
f 2834//2834 3228//3228 4685//4685
f 1600//1600 1599//1599 915//915
f 2469//2469 905//905 2009//2009
f 919//919 2199//2199 2939//2939
f 2398//2398 1968//1968 3974//3974
f 920//920 1968//1968 4236//4236
f 2534//2534 933//933 2726//2726
f 921//921 909//909 4150//4150
f 4134//4134 934//934 910//910
f 896//896 4113//4113 4253//4253
f 4084//4084 911//911 923//923
f 3306//3306 924//924 3226//3226
f 3510//3510 3735//3735 3178//3178
f 2572//2572 915//915 2834//2834
f 3192//3192 916//916 2787//2787
f 2947//2947 916//916 3192//3192
f 3209//3209 2947//2947 3854//3854
f 2958//2958 917//917 941//941
f 2958//2958 3133//3133 3465//3465
f 4629//4629 3773//3773 2653//2653
f 972//972 931//931 2280//2280
f 3097//3097 921//921 2152//2152
f 4597//4597 922//922 4537//4537
f 934//934 4134//4134 3931//3931
f 897//897 3368//3368 4397//4397
f 3441//3441 3653//3653 923//923
f 926//926 2059//2059 2301//2301
f 2962//2962 912//912 2605//2605
f 2962//2962 4689//4689 3477//3477
f 4733//4733 3477//3477 2821//2821
f 3836//3836 913//913 3078//3078
f 3613//3613 915//915 2572//2572
f 4520//4520 3209//3209 3854//3854
f 966//966 4103//4103 3980//3980
f 947//947 3292//3292 3171//3171
f 4069//4069 930//930 937//937
f 3274//3274 3464//3464 3312//3312
f 2757//2757 1966//1966 3482//3482
f 2778//2778 907//907 3482//3482
f 2778//2778 4725//4725 907//907
f 940//940 3183//3183 3420//3420
f 2871//2871 2674//2674 952//952
f 3123//3123 1940//1940 2649//2649
f 4683//4683 969//969 941//941
f 942//942 3441//3441 4498//4498
f 2968//2968 1989//1989 2608//2608
f 3640//3640 926//926 2301//2301
f 4402//4402 2048//2048 2459//2459
f 3639//3639 2292//2292 2589//2589
f 3836//3836 914//914 913//913
f 961//961 3938//3938 3259//3259
f 2765//2765 936//936 3510//3510
f 1602//1602 1601//1601 963//963
f 4520//4520 3854//3854 965//965
f 947//947 3171//3171 966//966
f 3180//3180 937//937 2263//2263
f 3454//3454 938//938 3438//3438
f 949//949 2015//2015 2463//2463
f 3420//3420 939//939 2028//2028
f 952//952 2674//2674 2800//2800
f 969//969 4683//4683 3910//3910
f 983//983 3387//3387 970//970
f 3621//3621 920//920 4236//4236
f 972//972 2280//2280 2629//2629
f 955//955 932//932 2055//2055
f 955//955 2055//2055 3881//3881
f 2829//2829 973//973 2152//2152
f 3097//3097 974//974 921//921
f 3897//3897 956//956 3931//3931
f 974//974 3897//3897 921//921
f 3653//3653 3706//3706 943//943
f 2768//2768 935//935 2608//2608
f 958//958 2768//2768 3507//3507
f 975//975 4173//4173 2459//2459
f 3524//3524 936//936 2765//2765
f 963//963 2572//2572 4607//4607
f 3320//3320 946//946 3041//3041
f 966//966 3980//3980 4142//4142
f 3656//3656 980//980 4058//4058
f 2595//2595 937//937 3180//3180
f 967//967 948//948 2595//2595
f 3956//3956 948//948 967//967
f 3557//3557 3454//3454 4728//4728
f 1966//1966 949//949 2463//2463
f 968//968 938//938 3557//3557
f 968//968 950//950 1966//1966
f 970//970 3387//3387 3195//3195
f 2504//2504 972//972 2629//2629
f 3859//3859 3307//3307 3603//3603
f 3960//3960 3897//3897 3827//3827
f 2104//2104 957//957 2065//2065
f 987//987 1989//1989 4430//4430
f 998//998 2132//2132 2086//2086
f 976//976 961//961 3259//3259
f 962//962 3620//3620 976//976
f 3657//3657 963//963 4607//4607
f 979//979 965//965 3197//3197
f 3608//3608 950//950 968//968
f 3687//3687 951//951 4680//4680
f 982//982 3249//3249 4148//4148
f 3568//3568 3376//3376 2864//2864
f 4267//4267 953//953 4336//4336
f 1296//1296 984//984 1864//1864
f 3036//3036 973//973 2829//2829
f 2599//2599 973//973 3036//3036
f 3097//3097 4429//4429 974//974
f 4137//4137 3960//3960 3827//3827
f 3519//3519 3762//3762 2975//2975
f 987//987 4430//4430 2475//2475
f 2542//2542 975//975 4529//4529
f 989//989 975//975 2542//2542
f 2618//2618 959//959 2589//2589
f 3078//3078 2769//2769 960//960
f 3456//3456 962//962 976//976
f 977//977 3398//3398 2926//2926
f 1604//1604 3657//3657 3272//3272
f 4601//4601 978//978 3010//3010
f 2766//2766 3434//3434 3426//3426
f 1010//1010 979//979 2638//2638
f 3606//3606 980//980 3656//3656
f 991//991 4142//4142 3796//3796
f 981//981 2261//2261 2473//2473
f 1011//1011 2261//2261 1874//1874
f 1002//1002 3687//3687 4341//4341
f 4148//4148 2864//2864 982//982
f 1013//1013 970//970 4671//4671
f 4590//4590 983//983 970//970
f 4541//4541 971//971 3708//3708
f 992//992 2353//2353 2148//2148
f 4127//4127 994//994 3742//3742
f 1007//1007 986//986 4401//4401
f 4127//4127 4401//4401 994//994
f 2271//2271 987//987 2475//2475
f 2271//2271 988//988 2608//2608
f 998//998 2086//2086 2114//2114
f 2515//2515 976//976 3194//3194
f 3786//3786 977//977 2926//2926
f 991//991 3796//3796 1010//1010
f 1000//1000 980//980 3606//3606
f 1000//1000 967//967 980//980
f 3874//3874 2081//2081 2320//2320
f 2654//2654 1001//1001 3394//3394
f 1001//1001 2654//2654 3774//3774
f 1003//1003 1002//1002 1027//1027
f 992//992 2148//2148 1915//1915
f 1005//1005 3582//3582 4541//4541
f 1295//1295 1864//1864 2043//2043
f 2005//2005 1948//1948 2972//2972
f 3418//3418 3680//3680 3742//3742
f 4144//4144 995//995 986//986
f 1030//1030 986//986 1007//1007
f 1018//1018 3590//3590 3533//3533
f 3762//3762 3359//3359 3936//3936
f 4308//4308 997//997 3362//3362
f 2265//2265 3467//3467 2865//2865
f 1008//1008 2265//2265 2727//2727
f 1023//1023 999//999 2592//2592
f 1023//1023 3434//3434 2766//2766
f 1010//1010 2638//2638 4259//4259
f 1024//1024 991//991 3372//3372
f 1024//1024 1000//1000 3606//3606
f 1025//1025 2081//2081 2102//2102
f 1848//1848 1011//1011 1874//1874
f 1012//1012 981//981 2473//2473
f 3774//3774 2372//2372 1001//1001
f 4454//4454 4341//4341 2372//2372
f 1027//1027 1002//1002 4341//4341
f 1013//1013 4671//4671 2839//2839
f 1004//1004 3560//3560 2839//2839
f 3263//3263 1005//1005 4541//4541
f 3487//3487 1005//1005 3263//3263
f 4559//4559 2043//2043 3487//3487
f 3857//3857 1006//1006 1016//1016
f 3857//3857 1980//1980 2080//2080
f 1040//1040 1948//1948 3556//3556
f 1030//1030 1007//1007 2761//2761
f 3533//3533 3550//3550 1018//1018
f 1031//1031 3253//3253 4178//4178
f 3662//3662 996//996 3362//3362
f 1032//1032 2865//2865 3030//3030
f 2791//2791 2853//2853 1466//1466
f 1965//1965 3386//3386 2515//2515
f 1021//1021 3749//3749 2169//2169
f 4644//4644 1009//1009 3075//3075
f 1608//1608 1607//1607 4099//4099
f 1024//1024 3372//3372 4024//4024
f 1026//1026 2729//2729 1454//1454
f 3688//3688 1028//1028 2758//2758
f 1896//1896 992//992 1915//1915
f 1983//1983 1896//1896 2762//2762
f 2423//2423 2243//2243 1335//1335
f 4311//4311 1050//1050 1016//1016
f 4760//4760 3359//3359 3550//3550
f 2785//2785 1019//1019 3975//3975
f 3030//3030 4756//4756 2329//2329
f 2136//2136 1008//1008 2727//2727
f 2562//2562 1020//1020 2124//2124
f 2620//2620 1020//1020 2562//2562
f 2620//2620 2169//2169 1020//1020
f 3102//3102 1046//1046 1023//1023
f 1035//1035 1023//1023 4290//4290
f 3213//3213 1025//1025 2102//2102
f 2186//2186 1011//1011 1848//1848
f 1047//1047 1907//1907 1052//1052
f 1036//1036 4341//4341 4454//4454
f 1027//1027 1036//1036 4767//4767
f 1036//1036 1027//1027 4341//4341
f 2966//2966 1004//1004 2839//2839
f 1049//1049 1915//1915 4419//4419
f 3901//3901 1015//1015 3905//3905
f 3948//3948 1015//1015 3901//3901
f 3727//3727 3094//3094 2243//2243
f 4411//4411 1050//1050 4311//4311
f 1041//1041 3533//3533 4627//4627
f 4178//4178 3975//3975 1031//1031
f 2785//2785 1924//1924 3243//3243
f 2115//2115 2421//2421 2329//2329
f 1044//1044 1032//1032 2421//2421
f 1061//1061 1034//1034 4047//4047
f 1045//1045 2991//2991 2718//2718
f 1064//1064 4388//4388 4290//4290
f 3213//3213 1052//1052 1025//1025
f 2882//2882 1454//1454 1932//1932
f 1036//1036 1026//1026 2882//2882
f 2844//2844 4767//4767 1036//1036
f 3688//3688 4504//4504 3625//3625
f 1028//1028 3688//3688 3740//3740
f 3758//3758 1029//1029 3704//3704
f 2144//2144 1040//1040 3556//3556
f 2876//2876 2421//2421 2115//2115
f 1070//1070 1044//1044 2421//2421
f 1070//1070 2421//2421 2876//2876
f 3865//3865 1044//1044 1070//1070
f 4628//4628 1045//1045 2718//2718
f 1607//1607 4744//4744 4099//4099
f 2916//2916 1046//1046 3102//3102
f 3825//3825 1046//1046 3622//3622
f 2277//2277 2882//2882 1932//1932
f 4203//4203 2844//2844 1964//1964
f 3783//3783 3741//3741 2868//2868
f 3740//3740 1037//1037 2966//2966
f 3297//3297 1037//1037 3740//3740
f 1935//1935 1049//1049 4419//4419
f 2391//2391 1039//1039 1038//1038
f 1075//1075 2391//2391 2168//2168
f 3164//3164 4411//4411 1067//1067
f 2381//2381 1050//1050 3164//3164
f 1068//1068 1040//1040 2144//2144
f 2566//2566 3699//3699 2050//2050
f 1059//1059 2789//2789 2994//2994
f 2188//2188 1069//1069 2785//2785
f 4226//4226 3865//3865 1070//1070
f 4177//4177 1060//1060 2352//2352
f 1061//1061 1062//1062 4057//4057
f 1064//1064 4290//4290 3825//3825
f 3142//3142 4255//4255 1073//1073
f 1065//1065 1047//1047 1052//1052
f 2113//2113 3082//3082 2063//2063
f 2234//2234 1083//1083 3704//3704
f 4411//4411 3164//3164 1050//1050
f 2340//2340 1067//1067 3176//3176
f 4477//4477 1059//1059 2994//2994
f 2019//2019 1059//1059 4477//4477
f 2019//2019 2188//2188 2789//2789
f 3029//3029 1051//1051 4578//4578
f 2743//2743 1062//1062 1061//1061
f 1072//1072 1064//1064 3736//3736
f 1073//1073 1064//1064 1072//1072
f 4014//4014 1066//1066 2277//2277
f 3474//3474 1964//1964 4014//4014
f 1074//1074 1055//1055 2868//2868
f 1056//1056 4342//4342 2999//2999
f 1098//1098 2639//2639 3485//3485
f 1085//1085 1070//1070 1051//1051
f 4226//4226 4177//4177 1071//1071
f 3642//3642 1060//1060 4177//4177
f 1060//1060 1078//1078 4706//4706
f 1061//1061 1060//1060 4706//4706
f 2746//2746 4708//4708 3581//3581
f 1075//1075 2168//2168 2032//2032
f 1089//1089 1878//1878 2207//2207
f 2982//2982 1077//1077 1924//1924
f 3029//3029 2021//2021 2202//2202
f 2558//2558 1079//1079 2668//2668
f 4515//4515 3486//3486 2044//2044
f 3486//3486 4515//4515 2087//2087
f 3404//3404 1080//1080 4690//4690
f 2988//2988 2125//2125 3241//3241
f 1112//1112 2125//2125 4486//4486
f 1087//1087 2113//2113 1074//1074
f 1101//1101 1082//1082 4684//4684
f 1912//1912 1075//1075 2032//2032
f 2021//2021 1077//1077 2982//2982
f 1092//1092 2021//2021 2206//2206
f 2202//2202 4596//4596 3029//3029
f 2093//2093 1079//1079 2558//2558
f 2093//2093 3633//3633 2252//2252
f 1613//1613 1612//1612 3633//3633
f 2615//2615 1100//1100 4528//4528
f 1112//1112 4486//4486 2633//2633
f 1105//1105 1087//1087 1074//1074
f 2175//2175 1082//1082 3054//3054
f 1097//1097 2386//2386 4318//4318
f 2867//2867 1088//1088 2922//2922
f 1098//1098 3485//3485 2748//2748
f 4485//4485 1104//1104 3218//3218
f 1108//1108 3486//3486 2087//2087
f 1100//1100 2615//2615 1094//1094
f 2363//2363 2344//2344 3016//3016
f 1105//1105 1074//1074 3241//3241
f 1101//1101 4684//4684 1105//1105
f 4561//4561 1096//1096 2283//2283
f 4585//4585 1084//1084 2068//2068
f 1090//1090 1901//1901 2156//2156
f 1925//1925 1092//1092 2206//2206
f 4485//4485 1925//1925 3285//3285
f 2777//2777 1099//1099 1999//1999
f 1938//1938 1109//1109 2344//2344
f 1105//1105 3241//3241 2395//2395
f 1102//1102 3311//3311 4585//4585
f 2385//2385 1084//1084 3335//3335
f 2156//2156 3098//3098 2147//2147
f 1876//1876 1090//1090 2156//2156
f 1866//1866 1090//1090 1876//1876
f 2201//2201 1866//1866 2879//2879
f 1106//1106 1999//1999 2704//2704
f 3672//3672 4297//4297 1107//1107
f 2070//2070 4469//4469 1108//1108
f 1109//1109 1938//1938 2467//2467
f 1115//1115 2088//2088 2356//2356
f 1119//1119 1107//1107 3968//3968
f 3501//3501 1108//1108 3135//3135
f 1094//1094 1108//1108 3501//3501
f 2023//2023 1109//1109 2467//2467
f 2023//2023 1110//1110 3016//3016
f 2225//2225 1113//1113 4167//4167
f 4275//4275 1120//1120 2140//2140
f 2413//2413 3311//3311 3949//3949
f 2413//2413 1121//1121 3311//3311
f 2343//2343 2147//2147 3673//3673
f 3729//3729 1123//1123 2671//2671
f 3353//3353 1124//1124 1107//1107
f 2238//2238 1111//1111 1110//1110
f 1954//1954 1500//1500 1129//1129
f 1128//1128 1120//1120 4275//4275
f 1619//1619 1618//1618 1125//1125
f 1480//1480 1124//1124 1478//1478
f 1485//1485 2193//2193 1484//1484
f 1488//1488 1129//1129 1500//1500
f 1503//1503 1114//1114 1502//1502
f 649//649 4442//4442 4358//4358
f 4494//4494 858//858 733//733
f 643//643 3696//3696 736//736
f 654//654 843//843 740//740
f 657//657 4366//4366 658//658
f 670//670 870//870 4107//4107
f 681//681 846//846 742//742
f 742//742 846//846 682//682
f 2523//2523 4564//4564 2246//2246
f 932//932 933//933 2534//2534
f 2174//2174 1132//1132 2055//2055
f 3948//3948 4034//4034 1015//1015
f 1029//1029 1335//1335 1336//1336
f 3411//3411 1335//1335 3094//3094
f 2581//2581 1057//1057 4311//4311
f 4640//4640 2386//2386 3176//3176
f 863//863 744//744 743//743
f 771//771 1141//1141 772//772
f 1147//1147 1148//1148 2089//2089
f 4007//4007 1135//1135 1134//1134
f 1161//1161 3843//3843 4007//4007
f 1151//1151 1137//1137 4362//4362
f 1138//1138 3179//3179 3380//3380
f 1138//1138 3380//3380 760//760
f 1153//1153 3065//3065 1139//1139
f 2172//2172 1163//1163 3598//3598
f 2685//2685 1141//1141 771//771
f 1168//1168 2007//2007 3502//3502
f 4072//4072 835//835 3663//3663
f 1146//1146 1170//1170 3090//3090
f 1946//1946 1149//1149 3921//3921
f 3943//3943 4314//4314 2348//2348
f 1133//1133 1185//1185 3370//3370
f 4331//4331 1160//1160 1134//1134
f 1175//1175 1151//1151 3674//3674
f 3797//3797 1151//1151 4241//4241
f 3781//3781 2143//2143 2384//2384
f 2384//2384 2255//2255 3421//3421
f 2255//2255 1987//1987 3356//3356
f 3505//3505 1177//1177 2803//2803
f 1190//1190 2863//2863 3278//3278
f 1178//1178 4632//4632 2818//2818
f 2298//2298 4489//4489 2231//2231
f 4489//4489 2298//2298 4097//4097
f 1164//1164 321//321 1883//1883
f 1164//1164 316//316 2773//2773
f 4385//4385 1142//1142 3105//3105
f 1155//1155 1143//1143 2228//2228
f 1195//1195 2103//2103 2228//2228
f 1167//1167 2686//2686 3060//3060
f 834//834 3449//3449 4463//4463
f 4186//4186 4279//4279 1156//1156
f 4279//4279 1181//1181 4182//4182
f 4247//4247 4072//4072 3663//3663
f 4000//4000 3950//3950 3222//3222
f 1620//1620 1621//1621 1145//1145
f 2266//2266 1147//1147 3090//3090
f 1148//1148 1147//1147 2266//2266
f 1185//1185 1133//1133 2751//2751
f 4626//4626 4331//4331 1159//1159
f 4331//4331 3658//3658 1160//1160
f 3096//3096 1161//1161 4007//4007
f 4211//4211 1161//1161 1927//1927
f 1174//1174 4382//4382 4211//4211
f 2224//2224 4382//4382 1174//1174
f 3380//3380 3179//3179 2331//2331
f 1177//1177 3505//3505 3547//3547
f 4264//4264 3229//3229 3528//3528
f 2172//2172 4467//4467 2827//2827
f 2974//2974 1164//1164 1883//1883
f 2974//2974 1462//1462 2450//2450
f 1194//1194 1166//1166 3105//3105
f 3873//3873 1196//1196 4274//4274
f 1167//1167 3060//3060 2365//2365
f 1197//1197 1181//1181 4279//4279
f 1199//1199 1169//1169 4247//4247
f 1157//1157 2307//2307 2516//2516
f 2155//2155 1200//1200 3222//3222
f 3216//3216 1798//1798 1183//1183
f 3216//3216 1170//1170 2928//2928
f 1172//1172 1148//1148 2077//2077
f 2348//2348 3924//3924 2479//2479
f 3257//3257 1187//1187 1174//1174
f 2807//2807 1175//1175 3674//3674
f 4216//4216 2807//2807 2424//2424
f 3089//3089 1162//1162 2143//2143
f 1189//1189 2143//2143 2795//2795
f 3547//3547 2407//2407 4222//4222
f 1191//1191 3229//3229 4264//4264
f 1192//1192 2827//2827 3628//3628
f 1193//1193 1178//1178 2818//2818
f 2532//2532 1178//1178 1193//1193
f 1949//1949 1179//1179 2231//2231
f 2220//2220 1180//1180 4475//4475
f 1462//1462 2974//2974 2313//2313
f 4375//4375 3502//3502 2691//2691
f 1197//1197 4186//4186 4375//4375
f 1198//1198 1181//1181 1197//1197
f 1199//1199 1181//1181 1198//1198
f 1622//1622 1621//1621 1200//1200
f 4677//4677 3216//3216 1183//1183
f 2533//2533 1182//1182 3805//3805
f 2533//2533 1171//1171 2273//2273
f 2285//2285 1171//1171 2533//2533
f 4105//4105 1172//1172 2077//2077
f 3383//3383 4105//4105 3103//3103
f 4092//4092 1184//1184 2479//2479
f 4450//4450 1185//1185 2751//2751
f 3958//3958 4450//4450 2666//2666
f 2034//2034 1186//1186 1927//1927
f 2034//2034 1959//1959 1971//1971
f 1220//1220 1187//1187 3257//3257
f 1220//1220 3443//3443 2805//2805
f 1188//1188 2122//2122 2139//2139
f 1176//1176 3339//3339 4056//4056
f 2979//2979 1247//1247 1189//1189
f 1208//1208 1189//1189 4405//4405
f 3793//3793 1177//1177 3547//3547
f 3995//3995 1190//1190 3278//3278
f 1209//1209 3911//3911 4077//4077
f 1210//1210 4081//4081 3814//3814
f 4217//4217 1231//1231 1191//1191
f 1211//1211 2462//2462 2414//2414
f 2442//2442 1192//1192 3628//3628
f 3000//3000 3907//3907 2219//2219
f 1215//1215 1179//1179 1214//1214
f 3269//3269 2313//2313 2767//2767
f 2511//2511 1235//1235 1194//1194
f 1235//1235 2511//2511 2593//2593
f 4325//4325 3255//3255 2945//2945
f 2387//2387 1216//1216 1195//1195
f 1216//1216 2387//2387 2852//2852
f 3575//3575 1224//1224 2691//2691
f 2073//2073 1254//1254 1199//1199
f 1217//1217 2307//2307 2448//2448
f 4310//4310 1200//1200 2155//2155
f 1622//1622 1623//1623 1183//1183
f 1226//1226 1202//1202 2545//2545
f 3567//3567 1203//1203 2666//2666
f 2037//2037 1205//1205 3658//3658
f 1227//1227 1959//1959 2053//2053
f 2424//2424 4378//4378 1206//1206
f 3822//3822 1176//1176 3600//3600
f 2959//2959 1207//1207 4766//4766
f 2979//2979 1207//1207 2959//2959
f 1247//1247 2979//2979 1246//1246
f 1229//1229 3547//3547 4222//4222
f 4077//4077 3911//3911 3793//3793
f 3964//3964 4077//4077 3364//3364
f 3461//3461 1210//1210 3814//3814
f 1231//1231 4217//4217 3461//3461
f 3317//3317 1211//1211 2414//2414
f 3571//3571 1982//1982 2702//2702
f 2219//2219 1192//1192 2442//2442
f 4294//4294 1249//1249 1193//1193
f 4008//4008 1216//1216 2852//2852
f 3061//3061 1196//1196 3873//3873
f 1223//1223 3060//3060 1222//1222
f 4569//4569 3103//3103 1219//1219
f 1241//1241 3103//3103 1269//1269
f 1227//1227 2053//2053 1937//1937
f 1228//1228 1971//1971 1271//1271
f 3906//3906 1220//1220 2805//2805
f 1260//1260 4405//4405 3046//3046
f 1229//1229 1208//1208 1260//1260
f 2724//2724 931//931 3025//3025
f 1263//1263 1213//1213 3000//3000
f 1249//1249 4294//4294 1263//1263
f 3363//3363 1221//1221 2567//2567
f 2167//2167 1264//1264 1214//1214
f 1264//1264 2167//2167 3330//3330
f 1234//1234 2447//2447 1250//1250
f 1252//1252 2593//2593 2810//2810
f 1236//1236 2852//2852 2518//2518
f 1237//1237 2631//2631 2781//2781
f 1238//1238 3575//3575 2538//2538
f 1238//1238 2538//2538 2737//2737
f 3471//3471 1198//1198 4712//4712
f 1254//1254 2073//2073 3545//3545
f 4091//4091 2913//2913 2018//2018
f 2642//2642 1255//1255 3493//3493
f 1626//1626 1625//1625 1255//1255
f 3230//3230 1201//1201 3805//3805
f 1455//1455 1219//1219 1201//1201
f 2750//2750 2286//2286 3934//3934
f 4471//4471 3567//3567 2731//2731
f 1242//1242 3906//3906 4025//4025
f 4378//4378 2424//2424 1243//1243
f 4307//4307 3822//3822 3600//3600
f 1261//1261 1229//1229 2957//2957
f 1291//1291 1230//1230 3364//3364
f 3766//3766 1231//1231 3461//3461
f 2965//2965 3766//3766 2904//2904
f 4749//4749 1232//1232 3317//3317
f 2901//2901 1232//1232 4749//4749
f 1132//1132 2174//2174 1904//1904
f 1276//1276 1233//1233 3788//3788
f 2828//2828 1233//1233 1276//1276
f 1212//1212 1233//1233 2828//2828
f 1248//1248 2442//2442 1890//1890
f 3802//3802 3823//3823 2943//2943
f 1284//1284 3012//3012 4165//4165
f 1253//1253 1236//1236 2518//2518
f 1265//1265 2990//2990 2422//2422
f 1266//1266 4062//4062 2781//2781
f 3808//3808 1239//1239 2893//2893
f 1257//1257 2286//2286 1256//1256
f 1937//1937 3567//3567 4471//4471
f 1992//1992 1227//1227 1937//1937
f 1271//1271 1971//1971 1992//1992
f 1272//1272 1242//1242 4025//4025
f 4560//4560 4378//4378 1243//1243
f 1289//1289 4307//4307 2611//2611
f 1289//1289 1246//1246 2959//2959
f 4490//4490 1247//1247 1246//1246
f 3066//3066 4490//4490 1246//1246
f 1260//1260 3046//3046 3401//3401
f 1132//1132 1904//1904 4410//4410
f 2676//2676 4202//4202 954//954
f 2297//2297 1248//1248 1890//1890
f 1263//1263 3000//3000 2297//2297
f 4038//4038 1249//1249 1263//1263
f 1280//1280 3363//3363 3022//3022
f 4593//4593 1251//1251 4277//4277
f 1283//1283 1250//1250 1282//1282
f 3748//3748 1252//1252 2810//2810
f 2722//2722 1252//1252 2131//2131
f 4165//4165 3012//3012 2230//2230
f 1302//1302 4723//4723 2888//2888
f 1266//1266 2781//2781 4004//4004
f 2737//2737 1267//1267 2893//2893
f 4091//4091 4770//4770 1268//1268
f 2642//2642 1463//1463 2913//2913
f 2642//2642 1286//1286 1255//1255
f 1286//1286 2642//2642 1285//1285
f 1626//1626 1627//1627 1240//1240
f 1455//1455 1201//1201 2480//2480
f 4503//4503 4569//4569 3118//3118
f 4197//4197 1287//1287 1258//1258
f 1287//1287 4197//4197 2628//2628
f 1272//1272 4025//4025 1288//1288
f 4416//4416 1244//1244 4354//4354
f 1289//1289 2611//2611 2606//2606
f 4228//4228 1308//1308 1290//1290
f 1309//1309 4737//4737 4711//4711
f 3055//3055 3744//3744 3624//3624
f 2551//2551 2901//2901 2965//2965
f 2251//2251 1132//1132 4410//4410
f 1279//1279 4038//4038 1278//1278
f 4770//4770 4091//4091 3478//3478
f 1293//1293 1239//1239 3808//3808
f 1628//1628 1627//1627 1286//1286
f 1628//1628 1629//1629 1304//1304
f 1456//1456 1455//1455 2480//2480
f 1885//1885 1269//1269 4503//4503
f 3139//3139 1256//1256 2286//2286
f 1288//1288 4532//4532 4328//4328
f 4588//4588 4413//4413 4273//4273
f 4478//4478 4416//4416 4354//4354
f 1308//1308 4228//4228 2278//2278
f 3264//3264 1262//1262 2551//2551
f 3264//3264 1275//1275 2941//2941
f 2401//2401 2400//2400 3406//3406
f 2504//2504 3788//3788 972//972
f 2300//2300 1276//1276 3788//3788
f 1277//1277 1276//1276 1914//1914
f 3678//3678 1281//1281 2790//2790
f 1312//1312 1282//1282 2736//2736
f 1312//1312 2736//2736 1329//1329
f 4140//4140 1283//1283 1282//1282
f 1253//1253 2576//2576 4212//4212
f 1267//1267 1933//1933 2632//2632
f 1293//1293 3808//3808 2632//2632
f 4437//4437 1268//1268 3544//3544
f 4380//4380 4437//4437 2586//2586
f 4380//4380 1286//1286 1285//1285
f 1332//1332 1456//1456 3670//3670
f 4060//4060 1288//1288 4328//4328
f 4060//4060 1272//1272 1288//1288
f 4386//4386 4588//4588 4273//4273
f 4478//4478 4044//4044 1273//1273
f 1308//1308 2278//2278 3963//3963
f 3535//3535 1291//1291 2788//2788
f 2643//2643 1274//1274 3271//3271
f 2229//2229 1296//1296 1864//1864
f 1298//1298 2106//2106 4508//4508
f 1299//1299 2753//2753 1914//1914
f 2663//2663 1300//1300 3344//3344
f 1300//1300 2663//2663 1910//1910
f 1329//1329 3678//3678 2415//2415
f 1301//1301 1283//1283 2334//2334
f 3748//3748 2699//2699 3870//3870
f 1313//1313 1292//1292 2131//2131
f 1314//1314 4212//4212 2151//2151
f 1315//1315 1302//1302 2888//2888
f 3544//3544 1293//1293 1920//1920
f 2644//2644 1316//1316 2786//2786
f 2628//2628 2057//2057 3258//3258
f 1305//1305 2057//2057 2624//2624
f 1270//1270 2341//2341 2269//2269
f 4085//4085 4044//4044 1307//1307
f 3952//3952 1290//1290 1308//1308
f 1309//1309 4711//4711 3952//3952
f 1957//1957 1294//1294 3045//3045
f 1320//1320 2241//2241 2165//2165
f 1310//1310 4460//4460 2378//2378
f 1325//1325 1297//1297 2400//2400
f 1340//1340 1299//1299 2038//2038
f 1327//1327 2060//2060 2236//2236
f 1910//1910 4624//4624 3132//3132
f 2667//2667 1329//1329 2415//2415
f 2010//2010 1313//1313 2619//2619
f 1315//1315 3371//3371 2482//2482
f 2747//2747 3738//3738 4698//4698
f 3738//3738 2747//2747 3641//3641
f 2948//2948 3544//3544 1920//1920
f 3498//3498 1303//1303 2586//2586
f 1630//1630 1629//1629 3498//3498
f 2287//2287 1332//1332 3670//3670
f 1317//1317 4417//4417 3360//3360
f 3637//3637 4386//4386 3112//3112
f 1306//1306 3637//3637 1307//1307
f 4687//4687 4506//4506 3963//3963
f 1320//1320 2165//2165 4639//4639
f 3918//3918 1294//1294 1957//1957
f 3436//3436 3837//3837 2643//2643
f 3032//3032 1310//1310 2378//2378
f 2570//2570 1311//1311 4202//4202
f 1961//1961 1324//1324 2020//2020
f 1323//1323 3692//3692 1354//1354
f 2197//2197 1295//1295 2154//2154
f 4399//4399 2896//2896 2197//2197
f 1325//1325 3294//3294 3521//3521
f 1326//1326 3521//3521 3548//3548
f 1340//1340 4461//4461 3026//3026
f 1327//1327 2236//2236 2332//2332
f 3028//3028 1301//1301 2334//2334
f 2010//2010 1909//1909 2210//2210
f 2210//2210 1854//1854 2351//2351
f 3416//3416 1314//1314 1902//1902
f 1330//1330 2848//2848 4638//4638
f 3861//3861 1315//1315 2482//2482
f 1331//1331 1933//1933 2138//2138
f 1344//1344 1346//1346 2948//2948
f 1467//1467 1316//1316 2644//2644
f 1333//1333 1316//1316 1467//1467
f 2091//2091 2371//2371 2321//2321
f 1318//1318 1319//1319 1317//1317
f 2734//2734 1349//1349 1307//1307
f 2854//2854 1350//1350 4662//4662
f 1322//1322 1321//1321 3927//3927
f 1354//1354 2570//2570 3032//3032
f 1356//1356 4501//4501 2026//2026
f 1342//1342 4624//4624 3246//3246
f 2997//2997 1331//1331 2138//2138
f 1344//1344 1331//1331 2997//2997
f 1346//1346 1344//1344 4599//4599
f 1631//1631 1852//1852 1348//1348
f 2624//2624 3125//3125 3360//3360
f 2485//2485 2267//2267 3686//3686
f 2496//2496 1320//1320 4639//4639
f 1365//1365 2302//2302 2496//2496
f 1366//1366 1322//1322 3927//3927
f 1354//1354 1355//1355 2026//2026
f 3267//3267 2001//2001 2181//2181
f 4034//4034 1336//1336 2733//2733
f 1337//1337 2733//2733 1338//1338
f 1461//1461 4399//4399 1369//1369
f 1339//1339 3521//3521 1461//1461
f 1370//1370 3511//3511 4260//4260
f 4013//4013 4260//4260 1375//1375
f 1370//1370 4013//4013 2996//2996
f 4404//4404 1342//1342 3246//3246
f 4638//4638 2004//2004 2212//2212
f 1360//1360 3204//3204 2198//2198
f 1361//1361 1360//1360 1377//1377
f 4364//4364 1345//1345 4065//4065
f 1343//1343 4065//4065 1344//1344
f 1333//1333 2563//2563 4194//4194
f 4762//4762 3718//3718 4546//4546
f 1381//1381 1351//1351 2267//2267
f 1381//1381 2267//2267 2854//2854
f 3001//3001 1351//1351 1381//1381
f 1365//1365 2496//2496 3001//3001
f 4018//4018 1352//1352 2936//2936
f 1355//1355 1354//1354 2396//2396
f 2825//2825 1356//1356 2026//2026
f 1367//1367 1960//1960 1976//1976
f 1384//1384 1338//1338 1911//1911
f 1369//1369 1338//1338 1975//1975
f 4453//4453 3435//3435 1358//1358
f 4720//4720 1376//1376 1371//1371
f 2270//2270 2145//2145 3455//3455
f 1372//1372 1854//1854 2270//2270
f 2764//2764 1359//1359 2004//2004
f 1377//1377 1360//1360 2198//2198
f 4599//4599 4482//4482 1346//1346
f 1633//1633 1634//1634 2574//2574
f 3720//3720 1387//1387 2655//2655
f 1387//1387 1362//1362 2563//2563
f 1468//1468 4600//4600 1862//1862
f 2707//2707 1381//1381 3807//3807
f 2936//2936 3001//3001 1390//1390
f 3373//3373 3965//3965 2910//2910
f 1353//1353 3373//3373 3927//3927
f 1374//1374 1366//1366 2232//2232
f 4721//4721 1355//1355 2396//2396
f 2503//2503 1394//1394 1383//1383
f 2333//2333 1368//1368 2173//2173
f 1384//1384 1911//1911 2190//2190
f 1396//1396 4435//4435 1975//1975
f 4260//4260 3511//3511 3432//3432
f 4260//4260 4013//4013 1370//1370
f 1376//1376 4720//4720 2656//2656
f 3455//3455 1371//1371 1376//1376
f 1359//1359 1407//1407 1377//1377
f 4181//4181 4065//4065 3689//3689
f 1378//1378 2796//2796 2237//2237
f 3720//3720 1400//1400 1387//1387
f 2072//2072 1379//1379 1950//1950
f 1380//1380 3726//3726 3718//3718
f 2006//2006 1355//1355 4721//4721
f 2030//2030 2006//2006 2858//2858
f 1384//1384 2190//2190 2109//2109
f 3287//3287 1397//1397 1358//1358
f 3435//3435 3044//3044 3887//3887
f 1385//1385 1376//1376 3737//3737
f 2270//2270 3455//3455 4122//4122
f 2764//2764 1372//1372 2215//2215
f 1871//1871 1359//1359 2764//2764
f 1359//1359 1871//1871 1407//1407
f 4412//4412 1361//1361 1377//1377
f 1635//1635 1634//1634 1378//1378
f 1401//1401 1362//1362 1387//1387
f 2239//2239 1379//1379 2072//2072
f 1873//1873 1379//1379 2239//2239
f 2687//2687 3615//3615 2310//2310
f 2930//2930 1374//1374 2232//2232
f 1393//1393 3282//3282 2536//2536
f 3997//3997 1382//1382 2858//2858
f 2503//2503 1976//1976 3997//3997
f 1394//1394 1411//1411 1383//1383
f 2399//2399 1384//1384 2109//2109
f 1396//1396 4398//4398 3887//3887
f 4118//4118 2971//2971 2641//2641
f 2361//2361 1958//1958 3277//3277
f 2627//2627 4181//4181 3423//3423
f 1378//1378 2237//2237 2627//2627
f 1635//1635 1636//1636 1400//1400
f 1401//1401 1387//1387 3681//3681
f 1986//1986 1388//1388 1402//1402
f 3778//3778 1389//1389 3845//3845
f 1899//1899 1390//1390 2707//2707
f 1899//1899 1391//1391 4018//4018
f 1404//1404 2310//2310 2127//2127
f 3318//3318 1392//1392 2687//2687
f 2039//2039 1393//1393 2536//2536
f 1411//1411 1394//1394 2502//2502
f 1397//1397 3287//3287 2641//2641
f 1398//1398 4146//4146 1882//1882
f 1385//1385 3737//3737 4377//4377
f 3303//3303 1386//1386 2215//2215
f 1408//1408 1399//1399 2774//2774
f 2627//2627 3423//3423 3835//3835
f 1402//1402 1403//1403 2578//2578
f 1409//1409 1403//1403 1402//1402
f 1410//1410 2205//2205 2170//2170
f 3316//3316 1405//1405 3707//3707
f 2782//2782 1412//1412 3887//3887
f 2626//2626 1414//1414 1415//1415
f 1415//1415 1406//1406 4377//4377
f 3322//3322 1406//1406 1415//1415
f 1958//1958 1386//1386 3303//3303
f 4496//4496 3303//3303 3322//3322
f 3649//3649 1408//1408 2774//2774
f 2272//2272 1378//1378 2627//2627
f 1416//1416 3273//3273 4268//4268
f 3631//3631 2719//2719 2544//2544
f 4418//4418 1409//1409 1402//1402
f 4094//4094 1409//1409 4418//4418
f 3531//3531 4109//4109 3815//3815
f 2011//2011 1410//1410 2170//2170
f 1426//1426 2919//2919 3289//3289
f 2003//2003 1418//1418 2052//2052
f 1888//1888 1419//1419 2575//2575
f 3151//3151 1395//1395 2881//2881
f 1637//1637 1638//1638 1422//1422
f 1417//1417 1926//1926 2625//2625
f 2336//2336 3627//3627 3922//3922
f 2607//2607 1432//1432 1412//1412
f 1995//1995 1432//1432 2607//2607
f 2249//2249 4496//4496 2116//2116
f 3961//3961 4747//4747 2249//2249
f 3961//3961 1996//1996 3649//3649
f 2740//2740 1423//1423 1428//1428
f 1930//1930 1429//1429 1926//1926
f 2625//2625 2355//2355 3332//3332
f 3332//3332 1424//1424 4094//4094
f 1418//1418 2003//2003 4761//4761
f 3234//3234 1440//1440 2797//2797
f 3799//3799 3627//3627 2336//2336
f 2861//2861 2607//2607 3151//3151
f 1441//1441 2771//2771 2364//2364
f 1413//1413 4118//4118 4536//4536
f 1891//1891 1427//1427 1973//1973
f 3564//3564 4268//4268 1420//1420
f 1639//1639 1638//1638 1421//1421
f 2355//2355 1881//1881 1445//1445
f 3124//3124 3475//3475 3531//3531
f 2946//2946 1425//1425 3475//3475
f 3072//3072 1426//1426 3289//3289
f 1435//1435 3705//3705 3072//3072
f 2276//2276 4031//4031 4210//4210
f 3234//3234 1431//1431 4210//4210
f 1443//1443 1414//1414 2417//2417
f 2130//2130 1451//1451 1437//1437
f 1861//1861 1428//1428 2430//2430
f 1861//1861 1429//1429 1930//1930
f 4758//4758 2355//2355 1445//1445
f 1447//1447 4210//4210 3080//3080
f 4458//4458 1441//1441 2364//2364
f 1436//1436 3068//3068 1465//1465
f 1443//1443 1436//1436 4010//4010
f 3240//3240 1444//1444 2116//2116
f 4106//4106 1451//1451 2130//2130
f 3632//3632 1427//1427 1891//1891
f 1881//1881 1861//1861 2693//2693
f 3757//3757 3072//3072 4174//4174
f 3072//3072 3757//3757 3480//3480
f 3480//3480 1435//1435 3072//3072
f 2409//2409 1440//1440 3234//3234
f 1449//1449 2886//2886 2409//2409
f 4243//4243 4458//4458 2811//2811
f 1465//1465 1441//1441 4458//4458
f 2906//2906 1443//1443 4556//4556
f 3882//3882 2430//2430 2293//2293
f 1509//1509 1451//1451 1527//1527
f 1511//1511 3882//3882 1529//1529
f 1531//1531 2693//2693 1512//1512
f 1453//1453 1539//1539 2293//2293
f 1523//1523 1448//1448 1540//1540
f 765//765 3617//3617 833//833
f 768//768 1139//1139 836//836
f 783//783 4289//4289 785//785
f 747//747 1147//1147 748//748
f 4726//4726 770//770 4237//4237
f 3690//3690 1155//1155 780//780
f 839//839 1140//1140 769//769
f 3828//3828 863//863 3526//3526
f 4202//4202 1311//1311 4016//4016
f 2401//2401 984//984 1296//1296
f 3074//3074 3784//3784 1006//1006
f 1991//1991 1454//1454 1012//1012
f 3378//3378 1991//1991 2186//2186
f 1332//1332 2786//2786 1456//1456
f 2640//2640 1457//1457 3907//3907
f 1163//1163 1457//1457 2640//2640
f 2651//2651 3123//3123 3996//3996
f 941//941 1458//1458 3123//3123
f 878//878 2176//2176 3569//3569
f 1460//1460 899//899 3569//3569
f 1461//1461 1369//1369 3113//3113
f 3269//3269 4070//4070 1462//1462
f 1165//1165 4070//4070 1892//1892
f 3816//3816 3057//3057 3291//3291
f 4717//4717 2867//2867 3348//3348
f 2867//2867 2054//2054 2207//2207
f 4554//4554 1463//1463 3493//3493
f 1855//1855 1464//1464 1909//1909
f 2058//2058 4146//4146 1398//1398
f 1414//1414 2626//2626 4263//4263
f 3936//3936 1884//1884 2104//2104
f 2696//2696 1452//1452 1465//1465
f 1465//1465 1452//1452 2281//2281
f 998//998 2114//2114 1466//1466
f 2136//2136 2114//2114 1008//1008
f 1852//1852 1467//1467 2644//2644
f 2655//2655 1852//1852 2574//2574
f 3645//3645 1468//1468 1862//1862
f 4048//4048 4356//4356 4622//4622
f 653//653 652//652 842//842
f 666//666 665//665 2749//2749
f 667//667 3765//3765 668//668
f 673//673 674//674 4023//4023
f 3087//3087 4519//4519 684//684
f 677//677 680//680 678//678
f 4575//4575 1471//1471 2067//2067
f 1475//1475 1123//1123 1476//1476
f 4434//4434 1482//1482 1483//1483
f 1489//1489 1128//1128 1487//1487
f 1116//1116 1474//1474 1494//1494
f 1496//1496 1117//1117 1495//1495
f 1497//1497 1118//1118 1477//1477
f 2238//2238 1486//1486 1499//1499
f 1118//1118 1497//1497 3150//3150
f 1125//1125 1504//1504 1498//1498
f 2238//2238 1499//1499 1501//1501
f 645//645 731//731 848//848
f 732//732 4358//4358 4442//4442
f 671//671 734//734 845//845
f 643//643 686//686 3049//3049
f 650//650 738//738 840//840
f 879//879 739//739 650//650
f 3329//3329 660//660 854//854
f 689//689 688//688 2382//2382
f 664//664 663//663 869//869
f 857//857 669//669 692//692
f 741//741 859//859 2451//2451
f 745//745 1146//1146 746//746
f 746//746 747//747 305//305
f 752//752 750//750 1133//1133
f 757//757 756//756 4382//4382
f 1141//1141 773//773 772//772
f 775//775 4097//4097 1154//1154
f 315//315 775//775 2226//2226
f 787//787 788//788 3207//3207
f 1518//1518 1446//1446 1517//1517
f 1505//1505 1524//1524 1450//1450
f 4451//4451 1534//1534 1521//1521
f 1508//1508 1527//1527 4106//4106
f 1528//1528 1538//1538 4666//4666
f 1446//1446 1518//1518 1520//1520
f 1439//1439 1519//1519 1533//1533
f 1540//1540 1448//1448 1535//1535
f 1541//1541 1536//1536 1452//1452
f 1442//1442 1537//1537 1526//1526
f 2804//2804 4479//4479 1152//1152
f 766//766 833//833 3617//3617
f 788//788 835//835 3207//3207
f 751//751 749//749 1150//1150
f 754//754 791//791 1134//1134
f 755//755 753//753 1135//1135
f 4343//4343 4489//4489 776//776
f 3750//3750 777//777 1142//1142
f 784//784 837//837 1144//1144
f 789//789 838//838 1158//1158
f 1541//1541 2696//2696 1525//1525
f 1653//1653 1652//1652 45//45
f 1655//1655 1654//1654 34//34
f 1657//1657 1656//1656 51//51
f 1665//1665 1664//1664 74//74
f 1667//1667 1666//1666 74//74
f 1669//1669 1668//1668 88//88
f 1697//1697 1696//1696 337//337
f 1701//1701 1700//1700 344//344
f 4172//4172 450//450 1711//1711
f 1713//1713 1712//1712 419//419
f 1715//1715 1714//1714 450//450
f 4654//4654 1716//1716 451//451
f 1719//1719 1718//1718 504//504
f 1723//1723 1722//1722 546//546
f 1729//1729 1728//1728 547//547
f 3732//3732 363//363 1741//1741
f 1747//1747 1746//1746 889//889
f 1757//1757 1756//1756 928//928
f 1761//1761 1760//1760 945//945
f 3210//3210 990//990 1765//1765
f 1767//1767 1766//1766 1009//1009
f 1771//1771 1770//1770 1009//1009
f 1775//1775 1774//1774 1063//1063
f 1777//1777 1776//1776 4741//4741
f 1779//1779 1778//1778 1063//1063
f 1781//1781 1780//1780 1093//1093
f 1785//1785 1784//1784 1119//1119
f 1787//1787 1786//1786 1093//1093
f 1789//1789 1788//1788 1119//1119
f 1793//1793 1792//1792 1125//1125
f 1803//1803 1802//1802 1225//1225
f 1805//1805 1804//1804 1218//1218
f 1817//1817 1816//1816 1348//1348
f 1821//1821 1820//1820 1347//1347
f 1829//1829 1828//1828 1416//1416
f 1833//1833 1832//1832 1423//1423
f 4233//4233 1836//1836 2954//2954
f 1839//1839 1838//1838 1453//1453
f 1841//1841 1840//1840 1542//1542
f 1843//1843 1842//1842 690//690
f 1845//1845 1844//1844 1479//1479
f 1847//1847 1846//1846 1453//1453
f 4622//4622 4669//4669 287//287
f 652//652 263//263 4147//4147
f 652//652 653//653 1929//1929
f 661//661 4584//4584 4180//4180
f 665//665 666//666 4440//4440
f 294//294 668//668 10//10
f 668//668 294//294 667//667
f 4353//4353 674//674 673//673
f 676//676 13//13 3175//3175
f 676//676 3175//3175 675//675
f 684//684 2952//2952 683//683
f 1544//1544 8//8 690//690
f 8//8 1544//1544 1543//1543
f 678//678 15//15 14//14
f 15//15 678//678 679//679
f 694//694 695//695 16//16
f 707//707 2322//2322 4089//4089
f 712//712 19//19 4093//4093
f 3019//3019 696//696 16//16
f 720//720 4421//4421 2636//2636
f 702//702 30//30 4288//4288
f 702//702 4288//4288 722//722
f 3121//3121 3345//3345 1942//1942
f 3121//3121 711//711 3982//3982
f 698//698 17//17 4395//4395
f 698//698 722//722 4288//4288
f 25//25 1547//1547 1546//1546
f 723//723 729//729 25//25
f 3977//3977 1872//1872 1942//1942
f 726//726 724//724 1942//1942
f 34//34 1545//1545 1548//1548
f 1548//1548 45//45 3051//3051
f 4692//4692 1550//1550 37//37
f 1550//1550 4692//4692 1549//1549
f 1554//1554 83//83 3463//3463
f 83//83 1555//1555 88//88
f 1555//1555 83//83 1554//1554
f 1556//1556 74//74 3522//3522
f 74//74 1556//1556 1555//1555
f 2//2 731//731 645//645
f 3196//3196 730//730 275//275
f 687//687 287//287 3504//3504
f 4358//4358 732//732 2405//2405
f 656//656 291//291 2908//2908
f 295//295 734//734 671//671
f 735//735 297//297 285//285
f 1//1 686//686 643//643
f 5//5 738//738 650//650
f 4548//4548 739//739 289//289
f 739//739 4548//4548 650//650
f 3508//3508 739//739 841//841
f 689//689 7//7 688//688
f 7//7 689//689 2090//2090
f 4443//4443 663//663 664//664
f 692//692 283//283 4625//4625
f 4027//4027 4660//4660 2451//2451
f 4027//4027 2451//2451 859//859
f 734//734 295//295 2849//2849
f 745//745 746//746 598//598
f 746//746 305//305 598//598
f 750//750 752//752 2180//2180
f 2862//2862 756//756 757//757
f 1136//1136 310//310 3262//3262
f 1136//1136 3262//3262 757//757
f 762//762 625//625 4752//4752
f 3563//3563 4752//4752 311//311
f 772//772 774//774 313//313
f 774//774 772//772 773//773
f 775//775 616//616 314//314
f 775//775 315//315 616//616
f 788//788 787//787 3578//3578
f 3410//3410 330//330 2061//2061
f 2793//2793 806//806 323//323
f 814//814 795//795 2460//2460
f 824//824 326//326 3043//3043
f 3933//3933 817//817 798//798
f 818//818 2614//2614 828//828
f 2614//2614 818//818 322//322
f 808//808 331//331 325//325
f 326//326 809//809 325//325
f 809//809 326//326 823//823
f 825//825 327//327 2541//2541
f 825//825 2541//2541 830//830
f 826//826 4082//4082 334//334
f 816//816 334//334 3933//3933
f 334//334 816//816 827//827
f 329//329 2763//2763 1569//1569
f 3892//3892 3646//3646 1571//1571
f 3701//3701 4634//4634 4171//4171
f 1580//1580 451//451 2622//2622
f 1580//1580 2970//2970 4655//4655
f 4647//4647 1584//1584 530//530
f 1584//1584 4647//4647 1583//1583
f 1586//1586 574//574 3479//3479
f 1918//1918 833//833 766//766
f 619//619 2564//2564 788//788
f 3290//3290 749//749 751//751
f 754//754 2584//2584 791//791
f 2584//2584 754//754 308//308
f 1137//1137 759//759 611//611
f 1138//1138 2843//2843 3009//3009
f 3904//3904 1138//1138 760//760
f 770//770 312//312 615//615
f 774//774 776//776 3186//3186
f 3750//3750 317//317 777//777
f 784//784 4718//4718 837//837
f 4718//4718 784//784 319//319
f 793//793 618//618 3004//3004
f 618//618 793//793 835//835
f 4083//4083 4613//4613 1573//1573
f 2432//2432 333//333 2418//2418
f 648//648 4//4 2556//2556
f 648//648 3//3 647//647
f 3188//3188 3015//3015 665//665
f 14//14 677//677 678//678
f 677//677 14//14 13//13
f 3473//3473 708//708 4089//4089
f 709//709 3473//3473 710//710
f 728//728 3136//3136 2149//2149
f 727//727 20//20 3136//3136
f 727//727 3136//3136 728//728
f 733//733 284//284 4650//4650
f 733//733 11//11 4494//4494
f 736//736 286//286 2669//2669
f 736//736 2669//2669 643//643
f 740//740 290//290 1860//1860
f 740//740 1860//1860 654//654
f 2548//2548 659//659 292//292
f 657//657 2548//2548 291//291
f 660//660 3329//3329 2296//2296
f 4107//4107 4158//4158 3947//3947
f 4107//4107 3947//3947 670//670
f 674//674 12//12 672//672
f 742//742 3685//3685 681//681
f 682//682 683//683 3108//3108
f 312//312 772//772 313//313
f 772//772 312//312 771//771
f 317//317 778//778 777//777
f 817//817 335//335 2998//2998
f 4128//4128 819//819 338//338
f 819//819 4128//4128 801//801
f 802//802 4128//4128 4156//4156
f 802//802 4156//4156 821//821
f 4495//4495 4312//4312 338//338
f 337//337 4495//4495 1569//1569
f 3410//3410 822//822 4425//4425
f 822//822 3410//3410 804//804
f 833//833 589//589 2964//2964
f 833//833 2964//2964 765//765
f 836//836 3869//3869 2445//2445
f 836//836 2445//2445 768//768
f 3896//3896 782//782 834//834
f 782//782 3896//3896 3073//3073
f 594//594 783//783 785//785
f 783//783 594//594 319//319
f 748//748 305//305 747//747
f 1149//1149 609//609 3492//3492
f 758//758 1137//1137 611//611
f 4237//4237 770//770 615//615
f 780//780 605//605 3690//3690
f 320//320 838//838 4488//4488
f 769//769 614//614 839//839
f 643//643 3049//3049 3361//3361
f 644//644 2817//2817 3232//3232
f 644//644 3232//3232 646//646
f 2318//2318 646//646 849//849
f 646//646 2318//2318 3196//3196
f 851//851 648//648 850//850
f 648//648 851//851 649//649
f 650//650 840//840 879//879
f 651//651 841//841 865//865
f 655//655 866//866 3242//3242
f 844//844 657//657 656//656
f 657//657 844//844 4366//4366
f 659//659 658//658 3607//3607
f 659//659 868//868 2675//2675
f 855//855 663//663 661//661
f 665//665 856//856 2749//2749
f 668//668 3765//3765 4436//4436
f 672//672 671//671 2284//2284
f 676//676 4020//4020 4207//4207
f 680//680 4278//4278 679//679
f 684//684 847//847 735//735
f 655//655 653//653 2899//2899
f 854//854 688//688 3329//3329
f 2382//2382 1596//1596 1595//1595
f 2382//2382 688//688 880//880
f 690//690 689//689 2382//2382
f 2416//2416 691//691 9//9
f 691//691 2416//2416 4679//4679
f 692//692 666//666 2025//2025
f 672//672 861//861 4674//4674
f 3325//3325 4353//4353 673//673
f 675//675 3325//3325 3300//3300
f 915//915 3613//3613 1600//1600
f 1602//1602 963//963 3657//3657
f 4524//4524 3272//3272 3075//3075
f 3272//3272 4524//4524 1604//1604
f 2588//2588 1022//1022 4452//4452
f 4099//4099 1606//1606 1608//1608
f 4744//4744 1609//1609 1610//1610
f 1063//1063 3871//3871 1611//1611
f 1086//1086 3244//3244 4742//4742
f 1617//1617 4469//4469 1615//1615
f 3673//3673 1471//1471 1474//1474
f 1478//1478 3353//3353 1472//1472
f 3353//3353 1478//1478 1124//1124
f 1119//1119 3968//3968 1617//1617
f 1482//1482 4434//4434 3135//3135
f 1481//1481 3135//3135 3483//3483
f 1486//1486 2238//2238 2213//2213
f 1123//1123 1496//1496 1476//1476
f 1496//1496 1123//1123 3729//3729
f 1498//1498 1481//1481 3483//3483
f 1498//1498 3483//3483 1125//1125
f 4442//4442 737//737 732//732
f 840//840 737//737 852//852
f 737//737 840//840 738//738
f 863//863 735//735 847//847
f 735//735 863//863 743//743
f 748//748 1147//1147 2089//2089
f 748//748 2089//2089 3492//3492
f 1149//1149 1946//1946 749//749
f 751//751 1150//1150 3671//3671
f 1135//1135 754//754 1134//1134
f 754//754 1135//1135 753//753
f 1135//1135 756//756 755//755
f 756//756 1135//1135 3843//3843
f 1136//1136 2374//2374 758//758
f 3797//3797 759//759 1151//1151
f 759//759 3797//3797 3009//3009
f 760//760 3580//3580 761//761
f 762//762 3563//3563 3421//3421
f 762//762 3421//3421 4479//4479
f 769//769 1140//1140 2305//2305
f 769//769 2305//2305 4457//4457
f 4726//4726 771//771 770//770
f 4343//4343 773//773 4632//4632
f 773//773 4343//4343 774//774
f 777//777 1165//1165 2337//2337
f 779//779 1143//1143 1155//1155
f 779//779 1155//1155 3690//3690
f 2103//2103 781//781 780//780
f 781//781 4274//4274 3449//3449
f 784//784 1144//1144 2007//2007
f 784//784 4289//4289 783//783
f 1620//1620 789//789 1158//1158
f 789//789 1620//1620 1593//1593
f 4385//4385 4189//4189 792//792
f 786//786 1156//1156 793//793
f 793//793 1156//1156 4182//4182
f 3207//3207 794//794 787//787
f 794//794 1157//1157 3950//3950
f 794//794 3950//3950 838//838
f 1623//1623 4677//4677 1183//1183
f 1218//1218 1623//1623 1624//1624
f 1625//1625 3493//3493 1255//1255
f 1225//1225 1625//1625 1624//1624
f 1303//1303 3498//3498 1629//1629
f 2574//2574 1634//1634 1373//1373
f 1637//1637 1422//1422 2262//2262
f 1640//1640 1421//1421 1433//1433
f 1421//1421 1640//1640 1639//1639
f 2293//2293 1641//1641 1453//1453
f 1641//1641 2293//2293 4234//4234
f 1506//1506 4243//4243 1449//1449
f 4106//4106 1527//1527 1451//1451
f 1508//1508 4556//4556 1507//1507
f 1509//1509 1510//1510 1437//1437
f 2693//2693 1531//1531 1445//1445
f 1512//1512 2693//2693 1511//1511
f 2738//2738 1515//1515 1516//1516
f 1515//1515 2738//2738 4736//4736
f 1519//1519 1446//1446 1520//1520
f 1446//1446 1519//1519 1439//1439
f 1522//1522 1447//1447 4265//4265
f 1506//1506 1449//1449 1448//1448
f 1506//1506 1448//1448 1523//1523
f 4556//4556 1526//1526 1507//1507
f 1526//1526 4556//4556 1442//1442
f 1532//1532 4758//4758 1445//1445
f 1534//1534 1439//1439 1533//1533
f 4117//4117 1522//1522 1535//1535
f 1537//1537 1442//1442 2281//2281
f 1536//1536 2281//2281 1452//1452
f 3632//3632 2955//2955 1433//1433
f 2955//2955 3632//3632 2204//2204
f 1644//1644 1539//1539 1453//1453
f 1539//1539 1644//1644 1643//1643
f 1152//1152 764//764 2804//2804
f 764//764 1152//1152 3356//3356
f 685//685 1139//1139 1130//1130
f 1139//1139 685//685 836//836
f 744//744 863//863 3828//3828
f 645//645 2817//2817 644//644
f 842//842 651//651 865//865
f 3540//3540 1595//1595 4133//4133
f 661//661 3540//3540 855//855
f 669//669 857//857 4681//4681
f 669//669 4681//4681 667//667
f 3087//3087 682//682 862//862
f 682//682 3087//3087 683//683
f 686//686 1130//1130 3049//3049
f 686//686 685//685 1130//1130
f 1544//1544 3540//3540 662//662
f 1595//1595 3540//3540 1544//1544
f 2067//2067 1115//1115 2356//2356
f 1473//1473 1472//1472 3353//3353
f 2634//2634 1477//1477 1118//1118
f 1477//1477 2634//2634 1475//1475
f 2193//2193 1485//1485 1127//1127
f 1484//1484 2193//2193 1483//1483
f 1487//1487 3201//3201 1488//1488
f 1128//1128 1490//1490 1120//1120
f 1490//1490 1128//1128 1489//1489
f 1495//1495 1117//1117 3193//3193
f 1500//1500 1954//1954 3033//3033
f 1502//1502 1114//1114 1120//1120
f 1618//1618 1504//1504 1125//1125
f 1504//1504 1618//1618 1645//1645
f 736//736 848//848 731//731
f 879//879 3612//3612 739//739
f 844//844 740//740 843//843
f 740//740 844//844 656//656
f 733//733 858//858 741//741
f 4027//4027 859//859 2110//2110
f 1974//1974 1493//1493 4582//4582
f 1493//1493 1974//1974 1491//1491
f 747//747 1146//1146 3090//3090
f 1146//1146 747//747 746//746
f 764//764 3356//3356 2803//2803
f 764//764 4068//4068 613//613
f 768//768 1153//1153 1139//1139
f 1153//1153 768//768 3229//3229
f 773//773 1141//1141 2685//2685
f 776//776 4489//4489 4097//4097
f 776//776 4097//4097 314//314
f 4289//4289 3824//3824 785//785
f 1794//1794 1145//1145 2928//2928
f 791//791 1159//1159 1134//1134
f 1159//1159 791//791 752//752
f 752//752 1133//1133 3370//3370
f 3229//3229 767//767 766//766
f 2226//2226 775//775 1154//1154
f 316//316 1164//1164 2450//2450
f 1517//1517 1446//1446 4112//4112
f 2696//2696 1541//1541 1452//1452
f 1525//1525 2696//2696 1524//1524
f 1510//1510 4666//4666 1437//1437
f 1644//1644 2204//2204 1542//1542
f 2204//2204 1538//1538 1542//1542
f 293//293 1646//1646 662//662
f 1646//1646 293//293 1647//1647
f 24//24 3100//3100 1648//1648
f 1651//1651 704//704 24//24
f 704//704 1651//1651 1650//1650
f 51//51 3592//3592 1658//1658
f 1660//1660 60//60 4335//4335
f 4369//4369 2472//2472 3223//3223
f 1671//1671 123//123 88//88
f 123//123 1671//1671 1670//1670
f 1672//1672 112//112 3684//3684
f 4618//4618 1674//1674 122//122
f 1674//1674 4618//4618 1675//1675
f 1677//1677 159//159 4551//4551
f 159//159 1677//1677 1676//1676
f 1679//1679 187//187 4365//4365
f 187//187 1679//1679 1678//1678
f 4511//4511 1680//1680 178//178
f 1680//1680 4511//4511 1681//1681
f 1683//1683 202//202 187//187
f 202//202 1683//1683 1682//1682
f 3566//3566 1684//1684 201//201
f 1684//1684 3566//3566 1685//1685
f 1687//1687 240//240 202//202
f 240//240 1687//1687 1686//1686
f 1688//1688 3351//3351 2616//2616
f 4621//4621 4357//4357 4376//4376
f 1692//1692 293//293 4180//4180
f 1694//1694 281//281 2090//2090
f 1698//1698 344//344 3390//3390
f 1702//1702 363//363 3159//3159
f 419//419 3713//3713 1704//1704
f 1706//1706 406//406 4320//4320
f 4155//4155 405//405 3702//3702
f 504//504 1900//1900 1720//1720
f 546//546 2123//2123 1726//1726
f 4487//4487 597//597 2650//2650
f 597//597 4487//4487 1730//1730
f 1732//1732 608//608 2819//2819
f 1734//1734 4371//4371 620//620
f 1737//1737 838//838 789//789
f 1736//1736 838//838 1737//1737
f 1736//1736 620//620 838//838
f 2603//2603 626//626 3525//3525
f 1743//1743 745//745 608//608
f 1742//1742 745//745 1743//1743
f 1745//1745 832//832 329//329
f 832//832 1745//1745 1744//1744
f 3085//3085 1978//1978 2383//2383
f 904//904 3062//3062 1750//1750
f 4558//4558 4544//4544 3358//3358
f 1754//1754 928//928 3452//3452
f 1758//1758 945//945 2703//2703
f 990//990 3648//3648 1762//1762
f 4644//4644 1768//1768 1009//1009
f 1768//1768 4644//4644 1769//1769
f 1772//1772 1045//1045 4628//4628
f 1782//1782 2087//2087 2012//2012
f 1790//1790 1479//1479 1791//1791
f 1790//1790 1480//1480 1479//1479
f 4637//4637 1124//1124 1480//1480
f 1796//1796 1158//1158 4000//4000
f 1798//1798 3216//3216 1799//1799
f 4310//4310 1800//1800 1200//1200
f 1800//1800 4310//4310 1801//1801
f 1806//1806 1240//1240 3230//3230
f 1809//1809 1255//1255 1286//1286
f 1255//1255 1809//1809 1808//1808
f 1810//1810 1304//1304 3496//3496
f 4380//4380 1812//1812 1286//1286
f 1812//1812 4380//4380 1813//1813
f 1814//1814 2287//2287 2664//2664
f 4482//4482 4599//4599 1347//1347
f 2796//2796 1822//1822 1347//1347
f 1822//1822 2796//2796 1823//1823
f 1824//1824 1400//1400 3720//3720
f 1378//1378 2272//2272 1826//1826
f 1831//1831 1416//1416 4268//4268
f 1416//1416 1831//1831 1830//1830
f 2740//2740 1834//1834 1423//1423
f 1834//1834 2740//2740 1835//1835
f 1950//1950 3645//3645 1862//1862
f 3645//3645 1379//1379 1873//1873
f 2320//2320 1848//1848 1874//1874
f 2189//2189 510//510 1849//1849
f 2393//2393 1849//1849 1870//1870
f 4407//4407 4293//4293 1945//1945
f 2233//2233 1850//1850 2161//2161
f 1850//1850 632//632 1867//1867
f 3838//3838 302//302 2141//2141
f 2240//2240 1851//1851 2134//2134
f 1851//1851 71//71 2016//2016
f 2449//2449 1853//1853 2402//2402
f 1853//1853 248//248 1917//1917
f 4580//4580 510//510 2189//2189
f 1955//1955 1856//1856 1863//1863
f 400//400 1856//1856 2420//2420
f 78//78 84//84 1857//1857
f 2256//2256 1857//1857 2098//2098
f 1897//1897 1858//1858 3679//3679
f 1858//1858 396//396 1889//1889
f 4730//4730 76//76 1859//1859
f 4229//4229 1922//1922 1859//1859
f 4745//4745 3696//3696 2969//2969
f 2752//2752 1860//1860 2196//2196
f 1868//1868 511//511 3966//3966
f 3966//3966 511//511 2160//2160
f 1856//1856 3839//3839 1863//1863
f 4624//4624 1327//1327 2332//2332
f 751//751 3671//3671 750//750
f 480//480 2316//2316 1865//1865
f 3562//3562 3849//3849 1865//1865
f 3193//3193 1117//1117 1866//1866
f 2889//2889 1867//1867 4168//4168
f 1850//1850 1867//1867 2027//2027
f 1868//1868 182//182 3128//3128
f 1849//1849 510//510 1870//1870
f 1870//1870 510//510 2046//2046
f 1407//1407 1871//1871 2361//2361
f 3034//3034 726//726 1872//1872
f 3631//3631 1388//1388 1873//1873
f 1215//1215 4475//4475 1179//1179
f 4728//4728 1874//1874 2261//2261
f 1973//1973 1427//1427 3961//3961
f 3961//3961 1427//1427 1996//1996
f 2343//2343 1116//1116 1876//1876
f 1866//1866 1876//1876 3193//3193
f 1877//1877 298//298 4266//4266
f 1878//1878 1076//1076 2211//2211
f 4615//4615 1879//1879 3752//3752
f 1849//1849 537//537 4693//4693
f 4693//4693 537//537 2598//2598
f 1859//1859 2446//2446 4730//4730
f 4730//4730 2446//2446 3818//3818
f 899//899 1880//1880 3569//3569
f 2289//2289 69//69 4691//4691
f 1861//1861 1881//1881 1429//1429
f 4554//4554 1217//1217 2448//2448
f 1376//1376 2656//2656 1882//1882
f 2992//2992 1180//1180 1883//1883
f 4673//4673 1180//1180 2220//2220
f 1884//1884 957//957 2104//2104
f 3139//3139 3573//3573 1885//1885
f 1963//1963 38//38 1886//1886
f 1886//1886 38//38 3281//3281
f 4701//4701 3281//3281 1887//1887
f 1887//1887 38//38 2082//2082
f 4656//4656 4630//4630 2404//2404
f 4595//4595 2039//2039 1888//1888
f 2276//2276 1888//1888 4761//4761
f 3595//3595 4609//4609 1889//1889
f 432//432 1889//1889 4609//4609
f 2297//2297 1890//1890 2753//2753
f 2937//2937 4235//4235 4555//4555
f 1892//1892 1459//1459 2337//2337
f 1880//1880 1893//1893 878//878
f 4384//4384 641//641 1894//1894
f 1851//1851 1894//1894 641//641
f 2279//2279 1895//1895 3543//3543
f 1915//1915 1049//1049 1896//1896
f 2000//2000 396//396 1897//1897
f 1858//1858 1897//1897 396//396
f 3077//3077 4456//4456 109//109
f 184//184 1898//1898 4553//4553
f 2205//2205 1410//1410 1899//1899
f 1391//1391 1899//1899 2127//2127
f 1721//1721 1900//1900 546//546
f 4486//4486 1080//1080 3295//3295
f 3056//3056 1901//1901 1972//1972
f 1901//1901 1098//1098 2748//2748
f 2458//2458 3668//3668 4240//4240
f 1292//1292 1313//1313 1902//1902
f 1902//1902 1313//1313 2351//2351
f 3587//3587 350//350 1903//1903
f 3199//3199 245//245 2689//2689
f 2126//2126 4323//4323 2426//2426
f 4323//4323 298//298 1923//1923
f 2719//2719 3631//3631 1873//1873
f 2702//2702 1904//1904 2174//2174
f 4410//4410 1904//1904 2901//2901
f 2462//2462 1211//1211 4564//4564
f 4334//4334 1967//1967 395//395
f 1889//1889 1905//1905 3595//3595
f 1906//1906 548//548 4491//4491
f 1848//1848 1025//1025 1907//1907
f 1052//1052 1907//1907 1025//1025
f 4159//4159 1908//1908 2033//2033
f 1855//1855 1909//1909 3028//3028
f 2071//2071 1144//1144 4463//4463
f 837//837 4463//4463 1144//1144
f 4624//4624 1910//1910 1327//1327
f 1911//1911 1368//1368 2333//2333
f 1939//1939 251//251 4635//4635
f 2846//2846 1096//1096 1912//1912
f 2064//2064 1912//1912 3042//3042
f 1931//1931 1913//1913 2398//2398
f 4458//4458 4243//4243 1450//1450
f 1465//1465 4458//4458 1450//1450
f 1276//1276 2106//2106 1914//1914
f 1299//1299 1914//1914 2038//2038
f 3560//3560 1915//1915 2148//2148
f 2569//2569 1916//1916 4322//4322
f 2679//2679 2366//2366 1917//1917
f 1853//1853 1917//1917 2366//2366
f 2569//2569 1918//1918 577//577
f 833//833 1918//1918 589//589
f 3263//3263 4541//4541 1983//1983
f 2646//2646 1919//1919 3163//3163
f 1919//1919 2780//2780 3676//3676
f 1293//1293 2632//2632 1920//1920
f 1344//1344 1920//1920 1331//1331
f 3916//3916 1921//1921 856//856
f 1921//1921 891//891 916//916
f 2360//2360 1922//1922 3191//3191
f 1859//1859 1922//1922 52//52
f 1995//1995 4536//4536 4118//4118
f 1898//1898 184//184 4346//4346
f 1926//1926 1388//1388 3631//3631
f 1161//1161 3096//3096 1927//1927
f 72//72 2612//2612 3885//3885
f 4602//4602 4248//4248 1928//1928
f 264//264 263//263 1929//1929
f 652//652 1929//1929 263//263
f 4708//4708 3160//3160 4528//4528
f 1926//1926 3631//3631 1930//1930
f 1930//1930 3631//3631 2544//2544
f 1131//1131 2429//2429 4188//4188
f 1913//1913 1931//1931 894//894
f 1026//1026 1454//1454 2882//2882
f 1932//1932 1454//1454 3378//3378
f 3705//3705 1435//1435 4761//4761
f 1933//1933 3738//3738 3641//3641
f 2015//2015 949//949 1934//1934
f 1934//1934 949//949 2597//2597
f 2063//2063 3082//3082 1935//1935
f 2688//2688 1935//1935 4342//4342
f 568//568 2770//2770 1936//1936
f 1936//1936 3148//3148 625//625
f 3567//3567 1937//1937 2053//2053
f 1094//1094 1938//1938 1100//1100
f 3717//3717 2871//2871 1940//1940
f 1940//1940 2871//2871 952//952
f 2042//2042 233//233 3189//3189
f 18//18 3345//3345 3121//3121
f 3252//3252 1943//1943 2942//2942
f 2150//2150 1943//1943 3308//3308
f 1872//1872 726//726 1942//1942
f 2191//2191 362//362 1944//1944
f 1944//1944 362//362 2312//2312
f 2745//2745 4703//4703 2376//2376
f 3583//3583 1945//1945 54//54
f 2087//2087 4515//4515 2012//2012
f 1919//1919 3676//3676 4566//4566
f 3107//3107 1947//1947 2775//2775
f 296//296 1947//1947 271//271
f 1948//1948 1324//1324 1980//1980
f 1924//1924 1069//1069 2164//2164
f 1214//1214 1949//1949 1221//1221
f 3645//3645 1950//1950 1379//1379
f 2133//2133 359//359 1951//1951
f 4198//4198 226//226 1953//1953
f 1953//1953 226//226 2264//2264
f 4220//4220 1954//1954 2225//2225
f 1954//1954 1111//1111 2238//2238
f 1951//1951 359//359 1955//1955
f 1856//1856 1955//1955 359//359
f 4732//4732 59//59 3794//3794
f 4392//4392 417//417 2095//2095
f 2241//2241 1320//1320 1957//1957
f 1884//1884 4498//4498 957//957
f 1959//1959 1205//1205 2037//2037
f 2944//2944 1356//1356 1960//1960
f 1960//1960 1356//1356 2825//2825
f 3692//3692 1323//1323 1961//1961
f 3374//3374 629//629 1962//1962
f 1963//1963 4387//4387 2792//2792
f 693//693 870//870 2158//2158
f 1048//1048 2844//2844 4203//4203
f 1964//1964 1066//1066 4014//4014
f 1977//1977 870//870 4436//4436
f 668//668 4436//4436 670//670
f 2124//2124 1020//1020 1965//1965
f 377//377 395//395 1967//1967
f 1905//1905 1967//1967 4334//4334
f 2436//2436 4236//4236 1968//1968
f 3414//3414 1875//1875 3138//3138
f 1969//1969 533//533 4300//4300
f 371//371 2830//2830 1970//1970
f 1970//1970 375//375 2708//2708
f 1959//1959 1227//1227 1971//1971
f 1901//1901 1090//1090 1972//1972
f 1091//1091 1972//1972 2201//2201
f 2614//2614 322//322 4227//4227
f 4227//4227 322//322 4715//4715
f 3335//3335 1974//1974 1122//1122
f 1974//1974 1121//1121 2120//2120
f 1338//1338 1384//1384 1975//1975
f 1396//1396 1975//1975 4398//4398
f 1976//1976 1382//1382 3997//3997
f 3063//3063 1597//1597 1979//1979
f 2246//2246 1982//1982 3571//3571
f 1982//1982 1211//1211 3317//3317
f 4541//4541 992//992 1983//1983
f 1896//1896 1983//1983 992//992
f 1954//1954 2238//2238 3033//3033
f 1501//1501 3033//3033 2238//2238
f 4565//4565 511//511 1984//1984
f 1984//1984 511//511 2183//2183
f 1962//1962 502//502 1985//1985
f 3645//3645 1986//1986 1468//1468
f 3505//3505 1987//1987 2407//2407
f 1895//1895 440//440 1988//1988
f 1988//1988 440//440 2379//2379
f 1989//1989 943//943 3706//3706
f 2874//2874 3777//3777 1990//1990
f 1990//1990 3777//3777 4462//4462
f 1012//1012 2473//2473 1991//1991
f 1991//1991 1011//1011 2186//2186
f 2341//2341 1270//1270 1992//1992
f 1271//1271 1992//1992 2306//2306
f 3199//3199 624//624 1993//1993
f 157//157 4205//4205 2609//2609
f 1994//1994 3987//3987 2465//2465
f 2771//2771 1441//1441 1995//1995
f 4536//4536 1995//1995 1441//1441
f 3162//3162 1408//1408 1996//1996
f 2452//2452 302//302 1997//1997
f 3838//3838 1997//1997 302//302
f 2354//2354 1998//1998 2505//2505
f 1099//1099 3305//3305 1999//1999
f 1999//1999 1104//1104 3285//3285
f 1897//1897 3979//3979 2000//2000
f 377//377 2000//2000 368//368
f 2944//2944 2001//2001 3336//3336
f 1898//1898 4456//4456 3077//3077
f 2129//2129 339//339 2456//2456
f 2456//2456 339//339 3337//3337
f 4732//4732 3794//3794 2596//2596
f 2983//2983 375//375 2002//2002
f 4691//4691 69//69 4663//4663
f 3318//3318 2003//2003 2052//2052
f 4761//4761 2003//2003 3705//3705
f 2020//2020 1324//1324 2005//2005
f 1948//1948 2005//2005 1324//1324
f 1663//1663 3223//3223 74//74
f 4721//4721 3282//3282 2006//2006
f 3394//3394 950//950 3608//3608
f 1859//1859 76//76 4229//4229
f 330//330 340//340 2008//2008
f 331//331 2008//2008 3893//3893
f 1921//1921 916//916 2009//2009
f 3870//3870 2010//2010 2619//2619
f 1909//1909 2010//2010 1301//1301
f 3531//3531 2011//2011 2170//2170
f 4515//4515 1086//1086 2012//2012
f 1783//1783 2012//2012 1086//1086
f 4627//4627 2013//2013 3152//3152
f 2013//2013 2566//2566 2050//2050
f 1934//1934 3274//3274 2015//2015
f 2015//2015 3274//3274 3312//3312
f 3357//3357 3794//3794 2017//2017
f 2571//2571 2017//2017 3794//3794
f 2913//2913 1463//1463 2018//2018
f 4554//4554 2018//2018 1463//1463
f 2164//2164 1069//1069 2019//2019
f 2019//2019 1069//1069 2188//2188
f 4016//4016 1311//1311 2020//2020
f 1961//1961 2020//2020 3692//3692
f 2568//2568 358//358 2022//2022
f 328//328 2022//2022 358//358
f 2193//2193 1127//1127 2023//2023
f 1110//1110 2023//2023 1127//1127
f 1863//1863 3839//3839 2024//2024
f 374//374 2024//2024 2257//2257
f 2873//2873 857//857 2025//2025
f 692//692 2025//2025 857//857
f 2026//2026 1323//1323 1354//1354
f 1850//1850 2027//2027 4096//4096
f 3394//3394 1001//1001 2028//2028
f 951//951 2028//2028 4680//4680
f 4168//4168 632//632 2029//2029
f 2029//2029 632//632 2373//2373
f 2026//2026 1355//1355 2030//2030
f 2006//2006 2030//2030 1355//1355
f 1935//1935 3082//3082 4342//4342
f 106//106 3801//3801 3017//3017
f 148//148 2031//2031 2715//2715
f 2999//2999 2032//2032 2168//2168
f 1912//1912 2032//2032 2846//2846
f 1908//1908 562//562 2033//2033
f 2033//2033 562//562 2650//2650
f 1927//1927 1205//1205 2034//2034
f 1959//1959 2034//2034 1205//1205
f 2203//2203 934//934 2065//2065
f 2065//2065 934//934 3931//3931
f 4291//4291 2390//2390 2035//2035
f 4555//4555 2035//2035 638//638
f 2092//2092 2036//2036 3730//3730
f 4240//4240 2036//2036 4161//4161
f 1204//1204 1203//1203 2037//2037
f 2038//2038 1298//1298 4461//4461
f 3878//3878 303//303 4462//4462
f 2052//2052 1418//1418 2039//2039
f 3753//3753 2040//2040 3140//3140
f 2040//2040 3529//3529 3400//3400
f 4133//4133 1595//1595 889//889
f 4539//4539 75//75 2041//2041
f 62//62 2041//2041 2349//2349
f 2814//2814 2042//2042 2952//2952
f 1530//1530 2293//2293 1539//1539
f 984//984 3582//3582 2043//2043
f 2043//2043 1005//1005 3487//3487
f 622//622 4605//4605 87//87
f 1072//1072 3736//3736 2044//2044
f 3159//3159 363//363 4414//4414
f 2118//2118 4414//4414 3525//3525
f 4645//4645 429//429 3655//3655
f 4005//4005 4373//4373 2045//2045
f 545//545 2045//2045 4373//4373
f 3301//3301 2046//2046 2368//2368
f 1870//1870 2046//2046 3644//3644
f 170//170 3703//3703 2047//2047
f 1460//1460 926//926 2048//2048
f 2048//2048 926//926 3640//3640
f 2451//2451 4660//4660 2049//2049
f 3561//3561 2050//2050 3699//3699
f 4549//4549 639//639 2051//2051
f 3838//3838 2051//2051 639//639
f 1959//1959 2037//2037 2053//2053
f 2054//2054 1089//1089 2207//2207
f 3881//3881 2055//2055 2251//2251
f 3299//3299 32//32 4028//4028
f 17//17 2056//2056 3225//3225
f 2624//2624 2057//2057 2091//2091
f 4263//4263 2971//2971 1413//1413
f 2059//2059 925//925 3527//3527
f 1278//1278 2060//2060 1279//1279
f 2060//2060 1278//1278 2753//2753
f 2008//2008 323//323 2061//2061
f 804//804 2061//2061 803//803
f 524//524 4610//4610 4517//4517
f 1935//1935 1037//1037 2063//2063
f 2063//2063 1037//1037 3297//3297
f 1912//1912 2064//2064 1075//1075
f 3686//3686 3952//3952 2485//2485
f 852//852 4743//4743 2066//2066
f 2066//2066 4743//4743 4370//4370
f 1469//1469 2356//2356 1470//1470
f 2340//2340 1097//1097 2068//2068
f 2068//2068 1097//1097 4318//4318
f 520//520 549//549 2069//2069
f 2359//2359 2069//2069 2918//2918
f 1108//1108 2087//2087 2070//2070
f 1616//1616 2070//2070 1093//1093
f 2290//2290 2071//2071 2365//2365
f 1363//1363 4194//4194 2072//2072
f 2072//2072 1362//1362 1401//1401
f 1862//1862 4600//4600 3125//3125
f 2005//2005 3307//3307 2020//2020
f 1199//1199 1198//1198 2073//2073
f 2073//2073 1198//1198 3471//3471
f 85//85 2367//2367 2074//2074
f 2074//2074 3604//3604 2256//2256
f 2075//2075 421//421 3328//3328
f 2076//2076 905//905 2469//2469
f 2077//2077 1171//1171 2285//2285
f 542//542 580//580 2078//2078
f 2078//2078 580//580 3111//3111
f 2079//2079 552//552 3314//3314
f 3334//3334 4441//4441 4586//4586
f 1980//1980 1324//1324 2080//2080
f 1961//1961 2080//2080 1324//1324
f 2081//2081 1000//1000 1024//1024
f 3985//3985 29//29 4631//4631
f 2636//2636 4631//4631 3395//3395
f 3892//3892 2083//2083 3646//3646
f 2083//2083 336//336 3754//3754
f 3993//3993 205//205 2084//2084
f 4630//4630 2084//2084 205//205
f 4346//4346 3405//3405 2085//2085
f 4764//4764 135//135 2085//2085
f 2984//2984 3743//3743 4757//4757
f 2086//2086 959//959 2618//2618
f 4717//4717 3348//3348 2088//2088
f 2088//2088 3348//3348 2680//2680
f 3921//3921 1149//1149 2089//2089
f 2925//2925 7//7 2090//2090
f 8//8 2090//2090 689//689
f 1965//1965 1020//1020 3386//3386
f 129//129 2705//2705 4139//4139
f 2036//2036 2092//2092 4161//4161
f 4297//4297 3672//3672 2093//2093
f 1940//1940 952//952 2649//2649
f 92//92 116//116 2094//2094
f 2730//2730 2094//2094 3596//3596
f 2096//2096 251//251 2580//2580
f 3572//3572 365//365 2247//2247
f 1857//1857 84//84 2098//2098
f 3283//3283 4045//4045 2099//2099
f 2531//2531 2100//2100 2192//2192
f 196//196 223//223 2101//2101
f 2528//2528 2101//2101 4119//4119
f 2081//2081 1024//1024 2102//2102
f 4255//4255 2102//2102 4024//4024
f 781//781 2103//2103 4274//4274
f 2065//2065 2975//2975 2104//2104
f 4240//4240 3668//3668 2105//2105
f 216//216 2105//2105 3668//3668
f 1276//1276 2300//2300 2106//2106
f 1325//1325 2106//2106 1297//1297
f 2783//2783 452//452 2107//2107
f 2107//2107 452//452 3605//3605
f 55//55 3168//3168 3817//3817
f 2108//2108 69//69 4616//4616
f 3707//3707 1405//1405 2109//2109
f 2399//2399 2109//2109 2881//2881
f 1970//1970 2708//2708 402//402
f 2121//2121 364//364 4422//4422
f 860//860 845//845 2110//2110
f 2585//2585 2111//2111 2661//2661
f 4319//4319 2112//2112 4444//4444
f 2086//2086 2618//2618 2114//2114
f 1466//1466 2114//2114 2136//2136
f 3662//3662 2115//2115 996//996
f 2876//2876 2115//2115 4578//4578
f 2116//2116 4567//4567 2906//2906
f 2508//2508 626//626 2117//2117
f 3365//3365 2117//2117 3713//3713
f 3727//3727 2243//2243 2581//2581
f 26//26 31//31 2119//2119
f 3136//3136 2119//2119 3005//3005
f 1492//1492 1491//1491 2120//2120
f 1974//1974 2120//2120 1491//1491
f 2154//2154 1295//1295 4559//4559
f 2043//2043 4559//4559 1295//1295
f 2121//2121 345//345 2242//2242
f 3468//3468 2122//2122 2807//2807
f 2122//2122 1187//1187 1220//1220
f 1727//1727 2123//2123 574//574
f 2562//2562 2124//2124 2791//2791
f 4266//4266 298//298 2126//2126
f 4323//4323 2126//2126 298//298
f 2127//2127 1410//1410 2011//2011
f 3333//3333 2128//2128 2594//2594
f 2456//2456 4164//4164 2129//2129
f 1437//1437 1973//1973 2130//2130
f 2130//2130 1444//1444 3240//3240
f 1197//1197 1224//1224 4712//4712
f 4712//4712 1224//1224 1238//1238
f 1252//1252 3748//3748 2131//2131
f 2253//2253 2133//2133 3071//3071
f 49//49 40//40 2134//2134
f 2049//2049 2135//2135 270//270
f 2694//2694 1033//1033 2136//2136
f 1466//1466 2136//2136 1033//1033
f 2315//2315 2137//2137 379//379
f 4392//4392 2137//2137 417//417
f 1933//1933 3641//3641 2138//2138
f 2997//2997 2138//2138 3393//3393
f 2122//2122 1220//1220 2139//2139
f 1242//1242 2139//2139 3906//3906
f 2140//2140 1095//1095 3054//3054
f 457//457 424//424 2141//2141
f 3838//3838 2141//2141 2051//2051
f 1878//1878 1089//1089 2142//2142
f 1058//1058 2142//2142 2630//2630
f 2381//2381 1076//1076 2144//2144
f 1068//1068 2144//2144 1878//1878
f 2270//2270 1464//1464 2145//2145
f 1855//1855 2145//2145 1464//1464
f 4133//4133 1751//1751 3062//3062
f 1751//1751 4133//4133 889//889
f 2132//2132 998//998 2146//2146
f 4239//4239 2146//2146 998//998
f 1925//1925 4485//4485 1092//1092
f 1103//1103 2088//2088 2147//2147
f 4336//4336 2148//2148 2353//2353
f 2127//2127 2011//2011 2919//2919
f 1879//1879 4615//4615 205//205
f 1875//1875 21//21 2149//2149
f 728//728 2149//2149 717//717
f 2049//2049 2150//2150 284//284
f 1284//1284 4165//4165 2576//2576
f 2151//2151 1292//1292 1902//1902
f 4766//4766 1176//1176 3822//3822
f 921//921 4150//4150 2152//2152
f 932//932 2152//2152 933//933
f 2353//2353 992//992 4541//4541
f 178//178 2822//2822 4511//4511
f 2153//2153 177//177 2526//2526
f 2197//2197 2154//2154 4034//4034
f 4554//4554 2155//2155 1217//1217
f 1981//1981 2157//2157 25//25
f 3442//3442 871//871 2158//2158
f 693//693 2158//2158 871//871
f 2573//2573 634//634 2159//2159
f 118//118 2159//2159 634//634
f 4565//4565 2500//2500 2160//2160
f 3966//3966 2160//2160 2295//2295
f 480//480 4333//4333 2161//2161
f 296//296 271//271 2162//2162
f 2162//2162 3698//3698 4759//4759
f 2603//2603 3525//3525 3733//3733
f 4212//4212 2848//2848 2163//2163
f 3055//3055 2165//2165 2241//2241
f 4639//4639 2165//2165 3952//3952
f 3352//3352 1081//1081 4014//4014
f 2543//2543 71//71 2166//2166
f 3671//3671 1150//1150 4314//4314
f 4314//4314 1150//1150 1946//1946
f 1214//1214 1221//1221 2167//2167
f 2167//2167 1221//1221 3363//3363
f 1038//1038 1056//1056 2168//2168
f 3386//3386 1020//1020 2169//2169
f 1021//1021 2169//2169 2620//2620
f 4740//4740 2170//2170 2205//2205
f 4662//4662 1350//1350 4687//4687
f 3349//3349 2171//2171 4502//4502
f 2251//2251 1275//1275 954//954
f 1192//1192 1457//1457 2172//2172
f 1163//1163 2172//2172 1457//1457
f 3411//3411 2173//2173 2408//2408
f 2846//2846 2175//2175 2283//2283
f 1460//1460 2176//2176 3831//3831
f 4365//4365 187//187 2178//2178
f 623//623 2735//2735 2179//2179
f 599//599 306//306 2180//2180
f 750//750 2180//2180 306//306
f 2001//2001 1367//1367 2181//2181
f 541//541 2660//2660 2182//2182
f 2177//2177 4221//4221 4474//4474
f 1868//1868 2183//2183 511//511
f 4498//4498 4397//4397 957//957
f 2314//2314 2411//2411 4404//4404
f 2097//2097 3115//3115 2184//2184
f 189//189 2184//2184 2435//2435
f 389//389 2014//2014 2185//2185
f 4549//4549 2185//2185 639//639
f 1848//1848 1907//1907 2186//2186
f 2027//2027 2187//2187 4096//4096
f 3141//3141 4423//4423 2289//2289
f 1043//1043 1042//1042 2188//2188
f 1849//1849 552//552 2189//2189
f 538//538 2189//2189 2079//2079
f 1911//1911 2333//2333 2190//2190
f 2191//2191 351//351 3321//3321
f 2100//2100 4204//4204 2192//2192
f 156//156 2192//2192 2222//2222
f 2023//2023 1126//1126 2193//2193
f 4342//4342 3082//3082 2194//2194
f 1923//1923 298//298 2195//2195
f 1877//1877 2195//2195 298//298
f 3629//3629 4175//4175 2196//2196
f 4399//4399 2197//2197 1337//1337
f 1377//1377 2198//2198 1359//1359
f 2004//2004 4638//4638 4390//4390
f 4616//4616 69//69 4423//4423
f 2062//2062 592//592 4352//4352
f 4352//4352 592//592 3111//3111
f 893//893 918//918 2199//2199
f 2939//2939 2199//2199 3773//3773
f 2200//2200 388//388 4729//4729
f 1918//1918 767//767 4316//4316
f 1851//1851 2240//2240 71//71
f 4052//4052 4432//4432 2294//2294
f 1866//1866 2201//2201 1090//1090
f 2021//2021 1092//1092 2202//2202
f 2065//2065 957//957 2203//2203
f 4397//4397 2203//2203 957//957
f 1641//1641 2204//2204 1642//1642
f 1925//1925 2206//2206 4309//4309
f 1878//1878 2211//2211 2207//2207
f 3199//3199 2689//2689 2208//2208
f 2208//2208 232//232 3147//3147
f 1962//1962 3268//3268 2209//2209
f 557//557 2209//2209 3731//3731
f 121//121 3969//3969 4751//4751
f 1909//1909 1464//1464 2210//2210
f 1854//1854 2210//2210 1464//1464
f 2374//2374 1136//1136 2932//2932
f 2004//2004 1359//1359 2212//2212
f 2198//2198 2212//2212 1359//1359
f 1110//1110 1127//1127 2213//2213
f 1486//1486 2213//2213 3983//3983
f 1372//1372 2270//2270 2215//2215
f 2215//2215 2270//2270 4122//4122
f 86//86 3800//3800 2216//2216
f 1941//1941 2216//2216 2535//2535
f 573//573 595//595 2217//2217
f 2028//2028 1001//1001 4680//4680
f 3499//3499 2218//2218 3516//3516
f 2218//2218 483//483 3925//3925
f 3907//3907 1457//1457 2219//2219
f 2219//2219 1457//1457 1192//1192
f 1883//1883 1180//1180 4673//4673
f 2221//2221 3403//3403 342//342
f 2380//2380 2481//2481 2221//2221
f 2192//2192 4204//4204 2222//2222
f 2222//2222 4204//4204 3104//3104
f 1174//1174 2932//2932 2224//2224
f 757//757 2224//2224 1136//1136
f 1954//1954 1129//1129 2225//2225
f 1113//1113 2225//2225 3201//3201
f 4475//4475 1180//1180 2226//2226
f 315//315 2226//2226 2992//2992
f 2147//2147 1115//1115 3673//3673
f 3673//3673 1115//1115 2067//2067
f 2295//2295 554//554 2745//2745
f 43//43 2227//2227 2623//2623
f 1143//1143 2495//2495 2228//2228
f 1195//1195 2228//2228 2387//2387
f 1864//1864 2896//2896 2229//2229
f 1461//1461 2229//2229 4399//4399
f 1235//1235 2593//2593 2230//2230
f 2230//2230 1252//1252 2722//2722
f 1949//1949 2231//2231 2532//2532
f 2232//2232 3615//3615 2687//2687
f 2373//2373 632//632 2233//2233
f 1850//1850 2233//2233 632//632
f 2391//2391 2234//2234 1039//1039
f 2064//2064 2234//2234 1075//1075
f 2319//2319 2235//2235 605//605
f 1299//1299 1340//1340 2236//2236
f 2332//2332 2236//2236 2996//2996
f 1345//1345 4364//4364 2796//2796
f 2237//2237 4181//4181 2627//2627
f 3352//3352 1053//1053 3131//3131
f 356//356 3334//3334 357//357
f 1110//1110 2213//2213 2238//2238
f 2166//2166 71//71 2240//2240
f 1957//1957 3045//3045 2241//2241
f 140//140 159//159 2178//2178
f 2423//2423 2438//2438 2243//2243
f 2254//2254 2244//2244 2993//2993
f 4198//4198 2244//2244 226//226
f 2245//2245 2912//2912 3319//3319
f 4564//4564 1211//1211 2246//2246
f 1982//1982 2246//2246 1211//1211
f 4422//4422 364//364 2247//2247
f 2248//2248 3490//3490 2613//2613
f 2850//2850 1102//1102 4318//4318
f 2068//2068 4318//4318 1102//1102
f 300//300 2250//2250 2452//2452
f 2213//2213 1127//1127 3983//3983
f 1485//1485 3983//3983 1127//1127
f 1916//1916 4130//4130 4322//4322
f 2055//2055 1132//1132 2251//2251
f 2743//2743 2252//2252 3039//3039
f 2093//2093 2252//2252 1079//1079
f 2420//2420 2253//2253 4199//4199
f 2552//2552 226//226 2254//2254
f 2244//2244 2254//2254 226//226
f 1987//1987 2255//2255 1162//1162
f 1960//1960 1367//1367 2944//2944
f 2001//2001 2944//2944 1367//1367
f 2024//2024 3839//3839 2257//2257
f 4284//4284 2257//2257 2299//2299
f 56//56 2258//2258 95//95
f 2306//2306 4417//4417 4328//4328
f 4417//4417 1270//1270 2269//2269
f 2339//2339 2259//2259 4183//4183
f 3829//3829 2261//2261 981//981
f 2106//2106 1325//1325 4508//4508
f 3681//3681 2262//2262 2549//2549
f 1636//1636 2262//2262 1400//1400
f 3292//3292 947//947 2263//2263
f 4058//4058 3180//3180 2263//2263
f 370//370 351//351 2002//2002
f 4101//4101 3771//3771 2264//2264
f 2727//2727 2265//2265 1032//1032
f 2117//2117 626//626 3713//3713
f 1928//1928 82//82 4602//4602
f 4602//4602 82//82 2596//2596
f 438//438 4571//4571 437//437
f 2273//2273 1171//1171 2266//2266
f 1148//1148 2266//2266 2077//2077
f 3321//3321 352//352 4715//4715
f 2392//2392 2268//2268 3040//3040
f 173//173 2268//2268 2591//2591
f 2232//2232 2687//2687 2930//2930
f 3258//3258 2269//2269 2341//2341
f 2475//2475 997//997 2271//2271
f 988//988 2271//2271 997//997
f 3273//3273 1416//1416 2272//2272
f 1827//1827 2272//2272 1416//1416
f 1170//1170 1182//1182 2273//2273
f 2273//2273 1182//1182 2533//2533
f 23//23 28//28 2274//2274
f 1427//1427 3632//3632 2678//2678
f 1724//1724 547//547 2275//2275
f 1431//1431 1419//1419 2276//2276
f 1888//1888 2276//2276 1419//1419
f 1932//1932 1053//1053 2277//2277
f 4757//4757 687//687 730//730
f 1259//1259 3066//3066 4228//4228
f 2278//2278 1289//1289 2606//2606
f 1895//1895 2279//2279 440//440
f 931//931 920//920 2280//2280
f 2280//2280 920//920 2629//2629
f 4010//4010 1436//1436 2281//2281
f 1465//1465 2281//2281 1436//1436
f 2953//2953 197//197 2282//2282
f 2902//2902 4516//4516 2282//2282
f 2175//2175 1095//1095 2283//2283
f 4561//4561 2283//2283 3949//3949
f 672//672 2284//2284 861//861
f 4674//4674 4023//4023 674//674
f 1201//1201 1219//1219 2285//2285
f 2287//2287 1814//1814 1348//1348
f 1852//1852 2287//2287 1348//1348
f 2013//2013 4627//4627 2566//2566
f 3973//3973 584//584 2288//2288
f 572//572 2288//2288 584//584
f 2513//2513 624//624 4753//4753
f 2208//2208 4753//4753 624//624
f 2007//2007 1144//1144 2290//2290
f 2071//2071 2290//2290 1144//1144
f 1969//1969 565//565 2291//2291
f 3993//3993 1879//1879 205//205
f 4420//4420 2223//2223 2292//2292
f 2022//2022 2637//2637 2568//2568
f 2568//2568 332//332 2716//2716
f 1640//1640 2293//2293 1423//1423
f 1975//1975 1384//1384 4398//4398
f 4398//4398 1384//1384 2399//2399
f 3966//3966 2295//2295 211//211
f 2231//2231 1179//1179 2298//2298
f 2257//2257 2497//2497 2299//2299
f 2497//2497 2257//2257 3839//3839
f 3406//3406 2300//2300 2504//2504
f 2059//2059 3527//3527 2301//2301
f 958//958 935//935 2768//2768
f 2591//2591 3381//3381 4653//4653
f 2283//2283 1095//1095 3949//3949
f 2140//2140 3949//3949 1095//1095
f 1957//1957 1320//1320 2302//2302
f 44//44 50//50 2303//2303
f 2304//2304 184//184 2453//2453
f 4417//4417 2306//2306 1270//1270
f 1199//1199 2307//2307 1169//1169
f 856//856 2308//2308 2749//2749
f 1916//1916 2309//2309 4130//4130
f 3378//3378 1047//1047 2311//2311
f 2311//2311 1047//1047 1065//1065
f 2441//2441 360//360 2312//2312
f 1944//1944 2312//2312 360//360
f 1234//1234 2313//2313 2447//2447
f 4404//4404 3246//3246 2314//2314
f 1375//1375 2314//2314 4013//4013
f 2137//2137 2315//2315 417//417
f 2668//2668 1079//1079 4706//4706
f 4706//4706 1079//1079 2743//2743
f 1898//1898 150//150 4553//4553
f 4553//4553 2710//2710 2808//2808
f 2394//2394 286//286 261//261
f 731//731 261//261 286//286
f 2082//2082 61//61 62//62
f 2041//2041 62//62 61//61
f 2182//2182 3812//3812 4305//4305
f 1985//1985 502//502 2316//2316
f 2317//2317 4293//4293 2860//2860
f 1945//1945 4293//4293 54//54
f 2317//2317 54//54 4293//4293
f 4683//4683 3123//3123 2649//2649
f 849//849 2412//2412 2318//2318
f 3196//3196 2318//2318 730//730
f 4577//4577 2319//2319 3731//3731
f 2235//2235 2319//2319 3064//3064
f 2081//2081 1025//1025 2320//2320
f 1848//1848 2320//2320 1025//1025
f 4230//4230 2321//2321 2371//2371
f 1363//1363 2321//2321 4194//4194
f 3366//3366 2323//2323 3053//3053
f 4322//4322 4130//4130 2324//2324
f 2079//2079 2324//2324 4130//4130
f 2510//2510 100//100 2325//2325
f 121//121 2325//2325 2531//2531
f 2326//2326 640//640 288//288
f 654//654 1860//1860 6//6
f 2677//2677 211//211 2327//2327
f 305//305 2328//2328 585//585
f 2115//2115 2329//2329 996//996
f 540//540 3791//3791 2330//2330
f 603//603 2330//2330 579//579
f 4766//4766 1207//1207 2331//2331
f 3003//3003 2331//2331 2795//2795
f 2173//2173 3862//3862 2333//2333
f 2200//2200 4729//4729 2987//2987
f 1283//1283 4140//4140 2334//2334
f 2334//2334 1312//1312 3433//3433
f 2395//2395 1112//1112 2335//2335
f 2335//2335 1112//1112 2633//2633
f 2797//2797 1440//1440 2336//2336
f 3799//3799 2336//2336 2886//2886
f 1892//1892 2337//2337 1165//1165
f 222//222 640//640 2338//2338
f 2326//2326 2338//2338 640//640
f 4329//4329 2259//2259 2339//2339
f 2068//2068 2922//2922 2340//2340
f 1067//1067 2340//2340 2211//2211
f 1258//1258 1287//1287 2341//2341
f 509//509 551//551 2342//2342
f 551//551 4003//4003 2342//2342
f 1876//1876 2156//2156 2343//2343
f 2147//2147 2343//2343 2156//2156
f 2167//2167 3363//3363 1280//1280
f 2308//2308 1921//1921 905//905
f 1938//1938 2344//2344 3554//3554
f 4456//4456 135//135 2345//2345
f 151//151 2345//2345 135//135
f 1917//1917 2346//2346 275//275
f 1978//1978 1749//1749 2383//2383
f 1748//1748 2383//2383 1749//1749
f 1114//1114 1503//1503 2120//2120
f 2041//2041 75//75 2349//2349
f 119//119 152//152 2350//2350
f 1854//1854 4390//4390 2351//2351
f 4209//4209 2791//2791 2352//2352
f 2352//2352 1033//1033 2694//2694
f 4480//4480 115//115 2354//2354
f 1998//1998 2354//2354 115//115
f 1881//1881 2355//2355 1429//1429
f 2088//2088 2680//2680 2356//2356
f 784//784 2007//2007 4289//4289
f 126//126 132//132 2357//2357
f 4491//4491 548//548 2291//2291
f 27//27 4126//4126 3265//3265
f 2358//2358 3136//3136 3005//3005
f 2303//2303 3890//3890 4213//4213
f 2083//2083 346//346 3646//3646
f 4687//4687 1350//1350 4506//4506
f 2499//2499 2359//2359 4563//4563
f 1922//1922 2360//2360 52//52
f 1871//1871 1386//1386 2361//2361
f 1958//1958 2361//2361 1386//1386
f 4645//4645 440//440 2362//2362
f 409//409 2362//2362 2279//2279
f 3404//3404 2363//2363 3295//3295
f 2344//2344 2363//2363 3554//3554
f 2861//2861 2364//2364 2771//2771
f 2071//2071 1167//1167 2365//2365
f 288//288 640//640 2366//2366
f 1853//1853 2366//2366 640//640
f 2530//2530 2367//2367 70//70
f 2046//2046 510//510 2368//2368
f 4580//4580 2368//2368 510//510
f 3239//3239 2369//2369 463//463
f 2369//2369 3499//3499 3516//3516
f 42//42 2370//2370 2612//2612
f 1256//1256 3139//3139 2371//2371
f 4680//4680 1001//1001 2372//2372
f 2372//2372 3774//3774 2729//2729
f 517//517 4019//4019 2373//2373
f 2029//2029 2373//2373 3638//3638
f 2956//2956 2376//2376 247//247
f 128//128 4224//4224 3302//3302
f 1988//1988 2379//2379 439//439
f 2221//2221 342//342 2380//2380
f 355//355 2380//2380 3304//3304
f 2144//2144 3556//3556 2381//2381
f 2143//2143 1162//1162 2384//2384
f 2255//2255 2384//2384 1162//1162
f 3335//3335 1122//1122 2385//2385
f 3348//3348 2385//2385 2680//2680
f 4461//4461 1298//1298 4508//4508
f 2387//2387 2495//2495 3255//3255
f 2347//2347 2388//2388 411//411
f 4329//4329 2389//2389 2259//2259
f 2234//2234 2391//2391 1075//1075
f 2869//2869 2648//2648 4493//4493
f 4444//4444 146//146 2392//2392
f 2268//2268 2392//2392 146//146
f 2342//2342 537//537 2393//2393
f 1849//1849 2393//2393 537//537
f 1935//1935 4419//4419 1037//1037
f 2394//2394 236//236 274//274
f 2335//2335 4220//4220 2395//2395
f 1105//1105 2395//2395 4608//4608
f 1354//1354 3032//3032 2396//2396
f 2559//2559 2397//2397 3985//3985
f 1913//1913 919//919 2398//2398
f 1968//1968 2398//2398 919//919
f 2401//2401 1296//1296 2400//2400
f 1325//1325 2400//2400 3294//3294
f 4485//4485 2202//2202 1092//1092
f 222//222 221//221 2402//2402
f 2292//2292 2223//2223 4402//4402
f 858//858 872//872 2403//2403
f 4630//4630 205//205 2404//2404
f 4615//4615 2404//2404 205//205
f 250//250 4078//4078 2405//2405
f 534//534 2406//2406 2897//2897
f 550//550 2406//2406 2499//2499
f 1987//1987 1162//1162 2407//2407
f 2407//2407 1162//1162 3089//3089
f 2173//2173 1368//1368 2408//2408
f 4117//4117 1448//1448 2409//2409
f 1449//1449 2409//2409 1448//1448
f 2095//2095 417//417 2410//2410
f 2410//2410 417//417 2755//2755
f 1375//1375 4394//4394 2411//2411
f 1882//1882 2411//2411 1398//1398
f 2318//2318 2412//2412 730//730
f 1120//1120 1114//1114 2413//2413
f 1121//1121 2413//2413 2120//2120
f 1191//1191 1231//1231 2414//2414
f 2415//2415 1300//1300 3132//3132
f 9//9 664//664 2416//2416
f 2416//2416 869//869 3366//3366
f 4263//4263 1413//1413 2417//2417
f 4536//4536 2417//2417 1413//1413
f 1888//1888 1418//1418 4761//4761
f 2418//2418 637//637 4082//4082
f 3189//3189 2419//2419 2732//2732
f 2516//2516 2155//2155 3222//3222
f 400//400 2420//2420 399//399
f 3030//3030 2421//2421 1032//1032
f 1236//1236 1253//1253 2422//2422
f 3988//3988 2422//2422 2163//2163
f 2423//2423 1029//1029 3758//3758
f 1175//1175 2807//2807 4216//4216
f 1243//1243 2424//2424 1188//1188
f 480//480 526//526 2425//2425
f 527//527 2425//2425 3165//3165
f 3715//3715 3184//3184 2427//2427
f 3611//3611 2428//2428 2559//2559
f 49//49 2428//2428 40//40
f 894//894 2429//2429 863//863
f 1931//1931 2429//2429 894//894
f 1428//1428 1423//1423 2430//2430
f 4703//4703 2431//2431 260//260
f 815//815 2432//2432 831//831
f 2433//2433 1131//1131 4188//4188
f 2171//2171 4//4 4502//4502
f 276//276 2434//2434 4358//4358
f 2184//2184 3115//3115 2435//2435
f 1968//1968 919//919 2436//2436
f 2436//2436 919//919 2939//2939
f 2376//2376 260//260 2437//2437
f 4640//4640 2438//2438 1083//1083
f 3311//3311 1121//1121 4585//4585
f 1329//1329 2439//2439 3433//3433
f 2439//2439 1329//1329 2667//2667
f 4470//4470 2440//2440 3319//3319
f 2440//2440 4514//4514 2883//2883
f 4600//4600 1468//1468 3734//3734
f 2312//2312 637//637 2441//2441
f 2441//2441 637//637 2418//2418
f 2219//2219 2442//2442 1248//1248
f 2419//2419 245//245 2732//2732
f 2732//2732 245//245 3199//3199
f 4743//4743 3205//3205 4370//4370
f 2327//2327 2444//2444 2677//2677
f 4316//4316 767//767 2445//2445
f 4415//4415 3488//3488 2447//2447
f 1250//1250 2447//2447 3802//3802
f 1199//1199 1254//1254 2448//2448
f 4554//4554 2448//2448 2018//2018
f 2935//2935 411//411 2388//2388
f 2449//2449 2527//2527 248//248
f 1853//1853 2449//2449 248//248
f 4070//4070 1165//1165 2450//2450
f 2450//2450 1165//1165 778//778
f 2049//2049 284//284 2451//2451
f 456//456 302//302 2452//2452
f 2304//2304 2453//2453 4080//4080
f 4690//4690 1065//1065 3581//3581
f 3525//3525 626//626 2454//2454
f 2991//2991 1045//1045 4644//4644
f 1769//1769 4644//4644 1045//1045
f 2377//2377 3970//3970 2455//2455
f 1977//1977 3214//3214 2457//2457
f 202//202 2458//2458 187//187
f 2459//2459 958//958 3507//3507
f 328//328 333//333 2460//2460
f 814//814 2460//2460 333//333
f 424//424 3293//3293 2461//2461
f 1191//1191 2462//2462 1153//1153
f 2463//2463 3312//3312 938//938
f 968//968 2463//2463 938//938
f 4633//4633 431//431 2464//2464
f 153//153 2466//2466 2690//2690
f 2023//2023 2467//2467 1126//1126
f 2561//2561 2468//2468 2554//2554
f 2009//2009 2947//2947 2469//2469
f 2060//2060 1327//1327 1279//1279
f 1910//1910 1279//1279 1327//1327
f 910//910 2470//2470 3541//3541
f 2565//2565 2471//2471 496//496
f 4568//4568 2565//2565 642//642
f 2261//2261 1011//1011 2473//2473
f 3324//3324 132//132 4540//4540
f 126//126 2474//2474 132//132
f 317//317 3750//3750 2476//2476
f 2260//2260 475//475 2477//2477
f 1173//1173 3924//3924 2348//2348
f 2479//2479 1172//1172 3383//3383
f 3230//3230 2480//2480 1201//1201
f 2481//2481 2380//2380 343//343
f 623//623 2481//2481 343//343
f 4635//4635 251//251 2484//2484
f 238//238 2484//2484 2995//2995
f 4506//4506 1350//1350 2485//2485
f 2267//2267 2485//2485 1350//1350
f 86//86 2216//2216 2486//2486
f 3158//3158 2486//2486 2555//2555
f 898//898 2878//2878 4287//4287
f 2487//2487 3875//3875 2842//2842
f 877//877 876//876 2488//2488
f 2488//2488 876//876 3368//3368
f 57//57 4337//4337 2489//2489
f 2489//2489 80//80 4036//4036
f 1858//1858 1889//1889 432//432
f 3932//3932 4581//4581 3452//3452
f 2056//2056 4028//4028 32//32
f 4474//4474 4221//4221 2490//2490
f 575//575 2490//2490 2657//2657
f 2319//2319 4577//4577 3064//3064
f 4480//4480 2492//2492 115//115
f 4674//4674 861//861 2493//2493
f 4407//4407 2494//2494 4293//4293
f 1143//1143 1166//1166 2495//2495
f 1194//1194 2495//2495 1166//1166
f 400//400 390//390 2497//2497
f 2299//2299 2497//2497 4302//4302
f 2042//2042 2498//2498 3155//3155
f 2359//2359 2499//2499 534//534
f 4565//4565 539//539 2500//2500
f 2500//2500 539//539 553//553
f 4555//4555 638//638 2501//2501
f 4407//4407 2501//2501 638//638
f 1394//1394 2575//2575 2502//2502
f 2181//2181 1367//1367 2503//2503
f 1976//1976 2503//2503 1367//1367
f 4754//4754 2504//2504 2629//2629
f 3664//3664 1581//1581 4655//4655
f 1581//1581 3664//3664 504//504
f 124//124 3425//3425 2506//2506
f 2506//2506 4201//4201 3050//3050
f 2117//2117 3605//3605 2508//2508
f 382//382 2508//2508 420//420
f 2349//2349 75//75 2509//2509
f 4213//4213 3619//3619 2510//2510
f 1194//1194 3105//3105 2511//2511
f 2075//2075 437//437 2512//2512
f 4571//4571 2512//2512 437//437
f 14//14 2513//2513 272//272
f 155//155 166//166 2514//2514
f 2985//2985 2515//2515 3194//3194
f 1965//1965 2515//2515 3451//3451
f 2307//2307 1217//1217 2516//2516
f 2155//2155 2516//2516 1217//1217
f 4238//4238 600//600 2517//2517
f 567//567 2517//2517 600//600
f 766//766 767//767 1918//1918
f 385//385 410//410 2521//2521
f 2427//2427 2521//2521 3715//3715
f 2434//2434 4//4 4358//4358
f 1953//1953 2264//2264 2522//2522
f 864//864 3049//3049 4355//4355
f 4564//4564 2523//2523 1130//1130
f 3867//3867 2524//2524 4623//4623
f 901//901 2524//2524 887//887
f 2489//2489 4036//4036 97//97
f 2465//2465 4009//4009 2526//2526
f 2453//2453 3286//3286 183//183
f 185//185 220//220 2527//2527
f 219//219 2527//2527 220//220
f 249//249 2528//2528 3725//3725
f 2367//2367 2530//2530 3604//3604
f 2100//2100 2531//2531 100//100
f 2567//2567 1221//1221 2532//2532
f 1949//1949 2532//2532 1221//1221
f 1726//1726 2123//2123 1727//1727
f 2285//2285 2533//2533 1201//1201
f 932//932 2534//2534 2174//2174
f 1956//1956 94//94 2535//2535
f 1941//1941 2535//2535 94//94
f 665//665 4440//4440 3188//3188
f 2930//2930 2536//2536 3282//3282
f 2039//2039 2536//2536 2052//2052
f 3664//3664 2537//2537 3099//3099
f 2537//2537 3623//3623 3397//3397
f 1224//1224 3575//3575 1238//1238
f 4062//4062 2737//2737 2538//2538
f 542//542 543//543 2539//2539
f 3500//3500 2539//2539 4281//4281
f 528//528 4338//4338 2540//2540
f 2540//2540 558//558 4169//4169
f 2074//2074 2256//2256 4445//4445
f 2459//2459 4529//4529 975//975
f 989//989 2542//2542 3467//3467
f 2549//2549 2544//2544 2719//2719
f 1226//1226 2545//2545 2756//2756
f 209//209 3127//3127 2546//2546
f 3109//3109 4254//4254 2546//2546
f 273//273 3084//3084 2547//2547
f 2547//2547 246//246 2814//2814
f 279//279 291//291 2548//2548
f 658//658 2548//2548 657//657
f 2262//2262 1422//1422 2549//2549
f 2544//2544 2549//2549 1422//1422
f 2550//2550 3472//3472 425//425
f 2550//2550 425//425 4604//4604
f 216//216 255//255 2552//2552
f 2403//2403 3497//3497 2553//2553
f 2468//2468 3679//3679 2554//2554
f 2554//2554 3679//3679 3763//3763
f 2486//2486 4449//4449 2555//2555
f 2171//2171 3//3 2556//2556
f 648//648 2556//2556 3//3
f 2356//2356 1122//1122 4582//4582
f 1974//1974 4582//4582 1122//1122
f 274//274 2437//2437 2557//2557
f 2557//2557 260//260 2431//2431
f 3305//3305 1099//1099 2558//2558
f 2093//2093 2558//2558 4297//4297
f 2428//2428 3683//3683 2559//2559
f 2397//2397 2559//2559 3683//3683
f 256//256 2560//2560 2841//2841
f 2468//2468 2561//2561 386//386
f 1900//1900 3099//3099 3408//3408
f 1467//1467 2563//2563 1333//1333
f 2563//2563 1467//1467 2655//2655
f 2217//2217 595//595 2564//2564
f 2564//2564 595//595 3120//3120
f 2471//2471 2565//2565 4568//4568
f 1007//1007 993//993 2566//2566
f 1193//1193 1249//1249 2567//2567
f 1918//1918 2569//2569 589//589
f 58//58 2682//2682 2571//2571
f 2017//2017 2571//2571 81//81
f 2573//2573 2647//2647 117//117
f 2426//2426 2573//2573 117//117
f 1852//1852 1631//1631 2574//2574
f 1632//1632 2574//2574 1631//1631
f 4358//4358 4//4 649//649
f 2502//2502 2575//2575 1419//1419
f 2518//2518 1284//1284 2576//2576
f 2151//2151 2576//2576 4165//4165
f 2040//2040 3400//3400 2577//2577
f 3734//3734 1468//1468 2578//2578
f 2578//2578 1468//1468 1986//1986
f 3453//3453 2579//2579 4686//4686
f 535//535 2579//2579 2248//2248
f 1939//1939 2744//2744 2580//2580
f 2243//2243 2438//2438 2581//2581
f 2581//2581 2438//2438 2809//2809
f 1738//1738 2603//2603 1739//1739
f 2312//2312 362//362 2582//2582
f 2582//2582 2798//2798 334//334
f 3169//3169 2583//2583 2770//2770
f 3237//3237 2584//2584 3798//3798
f 791//791 2584//2584 307//307
f 4462//4462 3777//3777 2585//2585
f 2111//2111 2585//2585 3777//3777
f 1285//1285 4437//4437 4380//4380
f 1346//1346 2586//2586 2948//2948
f 3453//3453 473//473 2587//2587
f 3211//3211 1605//1605 2588//2588
f 1606//1606 2588//2588 1605//1605
f 2227//2227 33//33 3225//3225
f 2588//2588 4452//4452 3211//3211
f 2292//2292 4173//4173 2589//2589
f 194//194 3792//3792 2590//2590
f 3381//3381 2591//2591 146//146
f 2416//2416 664//664 869//869
f 2734//2734 4546//4546 3955//3955
f 4452//4452 1022//1022 2592//2592
f 1023//1023 2592//2592 3102//3102
f 2511//2511 2835//2835 2593//2593
f 2128//2128 548//548 2594//2594
f 1906//1906 2594//2594 548//548
f 937//937 2595//2595 4069//4069
f 906//906 2597//2597 2757//2757
f 1934//1934 2597//2597 3546//3546
f 4401//4401 4429//4429 2599//2599
f 4429//4429 3097//3097 2599//2599
f 3605//3605 452//452 2600//2600
f 2600//2600 452//452 2903//2903
f 4266//4266 2601//2601 107//107
f 3713//3713 626//626 2602//2602
f 865//865 900//900 2604//2604
f 3517//3517 887//887 2604//2604
f 2605//2605 3676//3676 4420//4420
f 2815//2815 621//621 4374//4374
f 4374//4374 621//621 2712//2712
f 4044//4044 4085//4085 2606//2606
f 2278//2278 2606//2606 3963//3963
f 1412//1412 2782//2782 2607//2607
f 1989//1989 987//987 2608//2608
f 158//158 157//157 2609//2609
f 1994//1994 2609//2609 4205//4205
f 1967//1967 2000//2000 377//377
f 2048//2048 899//899 1460//1460
f 4307//4307 1289//1289 1245//1245
f 4416//4416 4307//4307 1244//1244
f 3652//3652 443//443 4604//4604
f 2550//2550 4604//4604 443//443
f 2370//2370 82//82 2612//2612
f 1928//1928 2612//2612 82//82
f 1952//1952 3739//3739 2613//2613
f 828//828 2614//2614 329//329
f 2044//2044 2615//2615 4528//4528
f 2925//2925 281//281 2616//2616
f 1689//1689 2616//2616 281//281
f 4073//4073 393//393 2617//2617
f 380//380 2617//2617 4363//4363
f 2265//2265 1008//1008 2618//2618
f 2836//2836 235//235 4348//4348
f 2131//2131 3748//3748 2619//2619
f 2562//2562 4047//4047 2620//2620
f 1021//1021 2620//2620 1034//1034
f 2697//2697 182//182 2621//2621
f 2444//2444 2621//2621 182//182
f 2440//2440 4470//4470 4514//4514
f 2107//2107 3605//3605 2622//2622
f 2003//2003 3318//3318 1426//1426
f 1782//1782 2012//2012 1783//1783
f 3833//3833 42//42 2623//2623
f 43//43 2623//2623 42//42
f 1926//1926 1429//1429 2625//2625
f 2355//2355 2625//2625 1429//1429
f 3576//3576 635//635 4675//4675
f 4675//4675 635//635 3114//3114
f 2058//2058 2626//2626 4146//4146
f 2371//2371 2091//2091 2628//2628
f 2057//2057 2628//2628 2091//2091
f 3714//3714 4544//4544 2840//2840
f 2270//2270 1854//1854 1464//1464
f 2142//2142 1089//1089 2630//2630
f 1103//1103 2630//2630 2054//2054
f 3895//3895 1223//1223 2631//2631
f 2631//2631 1223//1223 2892//2892
f 1933//1933 1331//1331 2632//2632
f 4486//4486 3295//3295 2633//2633
f 2335//2335 2633//2633 2759//2759
f 4099//4099 2588//2588 1606//1606
f 733//733 4650//4650 11//11
f 2704//2704 2634//2634 3150//3150
f 1900//1900 3408//3408 2635//2635
f 2123//2123 2635//2635 3724//3724
f 2901//2901 4749//4749 2965//2965
f 720//720 2636//2636 721//721
f 2022//2022 324//324 2637//2637
f 830//830 2637//2637 813//813
f 979//979 3197//3197 2638//2638
f 2971//2971 4394//4394 2641//2641
f 4394//4394 2971//2971 1398//1398
f 3535//3535 2643//2643 3271//3271
f 1852//1852 2644//2644 2287//2287
f 2709//2709 2645//2645 2911//2911
f 4168//4168 2645//2645 448//448
f 3484//3484 2780//2780 2646//2646
f 1919//1919 2646//2646 2780//2780
f 85//85 2601//2601 2647//2647
f 2159//2159 2647//2647 2573//2573
f 2327//2327 211//211 2648//2648
f 1940//1940 3123//3123 2651//2651
f 2443//2443 3396//3396 2652//2652
f 2652//2652 3396//3396 3238//3238
f 983//983 2653//2653 3387//3387
f 1012//1012 2654//2654 981//981
f 1852//1852 2655//2655 1467//1467
f 4404//4404 2411//2411 2656//2656
f 2657//2657 4221//4221 2772//2772
f 3644//3644 2658//2658 3392//3392
f 3940//3940 3973//3973 2659//2659
f 3973//3973 571//571 2659//2659
f 541//541 4116//4116 2660//2660
f 2330//2330 2660//2660 540//540
f 2111//2111 634//634 2661//2661
f 4668//4668 2661//2661 3530//3530
f 4059//4059 4301//4301 2662//2662
f 4301//4301 4059//4059 172//172
f 3022//3022 2663//2663 3344//3344
f 1910//1910 2663//2663 1279//1279
f 3140//3140 578//578 4562//4562
f 2287//2287 3670//3670 2664//2664
f 1815//1815 3670//3670 1304//1304
f 3174//3174 241//241 2665//2665
f 1185//1185 4450//4450 3958//3958
f 4404//4404 2667//2667 1342//1342
f 274//274 1//1 2669//2669
f 3081//3081 630//630 4668//4668
f 2661//2661 4668//4668 630//630
f 2617//2617 4657//4657 4073//4073
f 4707//4707 4476//4476 2670//2670
f 3056//3056 4339//4339 4477//4477
f 2019//2019 4477//4477 2164//2164
f 2671//2671 4309//4309 2879//2879
f 2540//2540 571//571 2672//2672
f 4698//4698 1302//1302 1315//1315
f 2419//2419 4653//4653 2973//2973
f 3085//3085 2673//2673 2840//2840
f 2674//2674 940//940 3424//3424
f 2673//2673 854//854 2675//2675
f 659//659 2675//2675 660//660
f 4460//4460 1310//1310 2676//2676
f 2677//2677 2444//2444 182//182
f 1443//1443 2417//2417 1436//1436
f 1996//1996 1427//1427 2678//2678
f 1917//1917 275//275 2679//2679
f 2385//2385 1122//1122 2680//2680
f 3512//3512 152//152 2681//2681
f 119//119 2681//2681 152//152
f 58//58 57//57 2682//2682
f 2489//2489 2682//2682 57//57
f 3334//3334 388//388 2683//2683
f 389//389 2683//2683 2200//2200
f 1863//1863 2024//2024 2684//2684
f 2441//2441 2684//2684 360//360
f 2640//2640 2818//2818 2685//2685
f 3449//3449 4274//4274 2686//2686
f 1196//1196 2686//2686 4274//4274
f 2762//2762 2688//2688 1014//1014
f 1935//1935 2688//2688 1049//1049
f 2590//2590 232//232 2689//2689
f 4329//4329 2339//2339 136//136
f 153//153 2690//2690 186//186
f 1168//1168 3502//3502 4375//4375
f 3895//3895 3502//3502 2290//2290
f 862//862 3759//3759 2692//2692
f 3006//3006 3759//3759 3059//3059
f 1861//1861 3882//3882 2693//2693
f 2136//2136 2727//2727 2694//2694
f 2694//2694 1044//1044 3865//3865
f 2756//2756 2695//2695 2750//2750
f 1269//1269 2695//2695 1241//1241
f 1465//1465 1450//1450 2696//2696
f 2621//2621 3161//3161 2697//2697
f 3128//3128 2697//2697 3038//3038
f 2681//2681 2698//2698 3512//3512
f 1251//1251 4593//4593 2699//2699
f 2699//2699 1283//1283 1301//1301
f 4714//4714 3586//3586 2700//2700
f 198//198 237//237 2701//2701
f 250//250 2701//2701 4543//4543
f 1982//1982 3317//3317 2702//2702
f 1904//1904 2702//2702 1232//1232
f 3932//3932 928//928 2703//2703
f 2634//2634 2704//2704 3538//3538
f 2092//2092 2705//2705 4161//4161
f 4603//4603 553//553 3841//3841
f 2940//2940 63//63 2706//2706
f 36//36 63//63 3481//3481
f 1899//1899 2707//2707 2205//2205
f 2137//2137 2708//2708 379//379
f 3456//3456 976//976 3386//3386
f 3167//3167 2709//2709 3027//3027
f 2645//2645 2709//2709 448//448
f 154//154 3154//3154 4545//4545
f 3989//3989 2711//2711 2455//2455
f 4445//4445 2857//2857 2712//2712
f 2177//2177 535//535 2713//2713
f 2248//2248 2713//2713 535//535
f 4125//4125 3313//3313 2714//2714
f 3929//3929 2714//2714 3313//3313
f 2715//2715 4050//4050 3459//3459
f 2802//2802 357//357 2716//2716
f 2424//2424 2807//2807 1188//1188
f 544//544 4651//4651 4577//4577
f 617//617 2717//2717 4664//4664
f 1021//1021 1034//1034 2718//2718
f 1873//1873 2239//2239 2719//2719
f 2151//2151 1902//1902 1314//1314
f 2717//2717 3064//3064 4577//4577
f 693//693 4107//4107 870//870
f 4562//4562 578//578 2720//2720
f 591//591 2720//2720 3070//3070
f 2718//2718 4057//4057 4628//4628
f 3959//3959 2721//2721 3167//3167
f 2721//2721 3959//3959 3700//3700
f 2131//2131 1292//1292 2722//2722
f 2230//2230 2722//2722 4165//4165
f 4149//4149 236//236 2723//2723
f 3153//3153 4080//4080 2723//2723
f 41//41 2880//2880 4447//4447
f 895//895 908//908 2726//2726
f 2534//2534 2726//2726 908//908
f 485//485 484//484 2728//2728
f 2372//2372 2729//2729 4454//4454
f 2474//2474 3284//3284 2730//2730
f 1202//1202 1226//1226 2731//2731
f 2731//2731 1226//1226 3934//3934
f 1336//1336 2408//2408 2733//2733
f 1338//1338 2733//2733 1911//1911
f 4546//4546 2734//2734 2760//2760
f 2716//2716 332//332 2735//2735
f 2179//2179 2735//2735 2541//2541
f 1773//1773 4628//4628 1063//1063
f 1282//1282 3342//3342 2736//2736
f 1329//1329 2736//2736 3678//3678
f 1267//1267 2737//2737 3738//3738
f 4112//4112 1438//1438 2738//2738
f 225//225 280//280 4051//4051
f 7//7 2739//2739 3329//3329
f 2544//2544 1422//1422 2740//2740
f 1835//1835 2740//2740 1422//1422
f 151//151 4764//4764 2389//2389
f 185//185 2741//2741 4040//4040
f 3909//3909 2742//2742 4026//4026
f 2252//2252 2743//2743 1079//1079
f 1939//1939 4102//4102 2744//2744
f 4703//4703 2745//2745 590//590
f 1052//1052 3142//3142 2746//2746
f 4708//4708 2746//2746 3160//3160
f 4698//4698 1315//1315 2747//2747
f 3641//3641 2747//2747 4696//4696
f 718//718 1875//1875 3414//3414
f 1901//1901 2748//2748 2156//2156
f 2695//2695 3573//3573 2750//2750
f 2286//2286 2750//2750 3573//3573
f 1133//1133 3671//3671 2751//2751
f 2751//2751 3943//3943 2545//2545
f 264//264 1929//1929 4670//4670
f 1860//1860 2752//2752 6//6
f 1890//1890 1277//1277 2753//2753
f 2754//2754 444//444 4547//4547
f 392//392 401//401 2755//2755
f 2410//2410 2755//2755 401//401
f 970//970 3376//3376 4671//4671
f 1184//1184 4092//4092 2756//2756
f 2695//2695 2756//2756 1241//1241
f 2597//2597 949//949 2757//2757
f 1966//1966 2757//2757 949//949
f 4671//4671 3568//3568 2758//2758
f 1110//1110 1111//1111 2759//2759
f 2335//2335 2759//2759 1111//1111
f 1007//1007 2566//2566 2761//2761
f 4627//4627 2761//2761 2566//2566
f 1896//1896 1049//1049 2762//2762
f 2688//2688 2762//2762 1049//1049
f 3878//3878 630//630 3081//3081
f 1570//1570 2763//2763 3892//3892
f 2004//2004 1372//1372 2764//2764
f 3398//3398 3524//3524 2765//2765
f 964//964 3601//3601 2766//2766
f 1023//1023 2766//2766 999//999
f 1462//1462 2313//2313 3269//3269
f 1251//1251 2767//2767 4277//4277
f 2301//2301 935//935 958//958
f 4239//4239 3451//3451 2769//2769
f 960//960 2769//2769 2985//2985
f 2583//2583 3148//3148 2770//2770
f 1995//1995 2607//2607 2771//2771
f 1399//1399 4087//4087 2774//2774
f 2774//2774 1407//1407 3277//3277
f 3401//3401 2957//2957 1260//1260
f 2456//2456 3221//3221 2776//2776
f 372//372 2776//2776 3850//3850
f 1999//1999 1106//1106 2777//2777
f 1107//1107 2777//2777 1106//1106
f 3394//3394 939//939 3482//3482
f 4725//4725 2778//2778 3852//3852
f 3093//3093 2779//2779 3270//3270
f 839//839 2779//2779 4468//4468
f 1880//1880 899//899 2780//2780
f 2223//2223 2780//2780 899//899
f 2781//2781 2892//2892 4004//4004
f 2782//2782 1395//1395 3151//3151
f 2107//2107 481//481 2783//2783
f 460//460 2783//2783 4306//4306
f 2461//2461 2784//2784 3767//3767
f 1924//1924 2785//2785 1069//1069
f 1894//1894 636//636 3340//3340
f 3340//3340 636//636 3158//3158
f 1316//1316 2520//2520 2786//2786
f 1456//1456 2786//2786 3118//3118
f 891//891 3227//3227 2787//2787
f 4135//4135 3744//3744 2788//2788
f 3535//3535 2788//2788 3045//3045
f 1041//1041 2789//2789 4765//4765
f 2789//2789 1041//1041 3152//3152
f 3330//3330 2790//2790 1281//1281
f 2352//2352 2791//2791 1033//1033
f 4700//4700 61//61 2792//2792
f 1963//1963 2792//2792 61//61
f 4758//4758 1532//1532 1514//1514
f 1430//1430 4758//4758 4736//4736
f 2008//2008 331//331 2793//2793
f 807//807 2793//2793 808//808
f 4132//4132 3067//3067 2794//2794
f 2794//2794 890//890 3932//3932
f 4348//4348 2956//2956 3331//3331
f 2331//2331 1207//1207 2795//2795
f 1347//1347 1345//1345 2796//2796
f 2237//2237 2796//2796 4364//4364
f 2336//2336 3922//3922 2797//2797
f 2798//2798 2582//2582 362//362
f 4335//4335 3463//3463 2799//2799
f 3463//3463 3917//3917 2799//2799
f 2697//2697 175//175 3038//3038
f 3038//3038 175//175 3382//3382
f 1002//1002 2800//2800 3687//3687
f 11//11 2801//2801 4107//4107
f 2716//2716 2735//2735 2802//2802
f 3819//3819 4068//4068 2803//2803
f 764//764 2803//2803 4068//4068
f 2296//2296 292//292 660//660
f 2850//2850 3476//3476 3042//3042
f 601//601 2519//2519 2804//2804
f 1186//1186 2034//2034 2805//2805
f 438//438 437//437 2806//2806
f 2507//2507 2806//2806 437//437
f 2122//2122 1188//1188 2807//2807
f 2812//2812 3286//3286 2808//2808
f 4640//4640 1057//1057 2809//2809
f 2581//2581 2809//2809 1057//1057
f 2812//2812 2929//2929 163//163
f 4493//4493 2812//2812 2869//2869
f 4291//4291 4145//4145 2813//2813
f 4701//4701 2813//2813 4145//4145
f 2885//2885 2815//2815 2987//2987
f 2470//2470 2817//2817 4053//4053
f 989//989 2589//2589 975//975
f 598//598 3630//3630 2819//2819
f 1733//1733 2819//2819 597//597
f 80//80 3276//3276 4036//4036
f 2132//2132 2146//2146 2821//2821
f 2153//2153 2822//2822 177//177
f 988//988 997//997 2823//2823
f 4308//4308 4552//4552 2823//2823
f 2540//2540 4169//4169 2659//2659
f 3280//3280 431//431 2824//2824
f 4633//4633 2824//2824 431//431
f 2026//2026 2030//2030 2825//2825
f 1960//1960 2825//2825 1976//1976
f 2275//2275 562//562 2826//2826
f 531//531 2826//2826 1908//1908
f 2172//2172 2827//2827 1192//1192
f 1276//1276 1277//1277 2828//2828
f 1212//1212 2828//2828 1890//1890
f 932//932 955//955 2829//2829
f 2829//2829 955//955 3036//3036
f 1970//1970 2830//2830 375//375
f 4547//4547 4724//4724 467//467
f 4464//4464 109//109 4716//4716
f 3011//3011 2894//2894 2831//2831
f 3706//3706 3653//3653 2831//2831
f 2047//2047 4492//4492 2832//2832
f 243//243 2832//2832 3309//3309
f 418//418 403//403 2833//2833
f 2833//2833 403//403 3231//3231
f 2236//2236 2060//2060 1299//1299
f 2024//2024 374//374 360//360
f 2511//2511 1459//1459 2835//2835
f 1892//1892 2835//2835 1459//1459
f 2745//2745 2836//2836 2295//2295
f 2214//2214 2837//2837 563//563
f 3594//3594 2838//2838 3184//3184
f 495//495 2838//2838 4676//4676
f 2679//2679 687//687 3504//3504
f 2673//2673 4695//4695 2840//2840
f 3174//3174 2841//2841 241//241
f 2157//2157 2322//2322 25//25
f 723//723 25//25 2322//2322
f 923//923 2842//2842 897//897
f 4526//4526 2870//2870 2843//2843
f 3009//3009 2843//2843 759//759
f 2844//2844 2882//2882 1066//1066
f 1964//1964 2844//2844 1066//1066
f 2845//2845 33//33 3235//3235
f 2175//2175 2846//2846 4719//4719
f 2422//2422 1253//1253 2163//2163
f 4533//4533 2847//2847 3007//3007
f 2848//2848 4212//4212 1314//1314
f 257//257 3858//3858 2849//2849
f 734//734 2849//2849 4660//4660
f 4561//4561 2850//2850 1096//1096
f 2129//2129 4164//4164 2851//2851
f 2525//2525 2851//2851 4164//4164
f 2518//2518 2852//2852 4325//4325
f 4648//4648 402//402 2137//2137
f 4239//4239 998//998 2853//2853
f 1466//1466 2853//2853 998//998
f 4576//4576 127//127 2855//2855
f 446//446 3579//3579 2856//2856
f 1997//1997 301//301 2857//2857
f 4374//4374 2857//2857 301//301
f 2006//2006 1393//1393 2858//2858
f 2347//2347 2427//2427 454//454
f 2860//2860 4500//4500 68//68
f 2317//2317 2860//2860 4033//4033
f 2359//2359 3659//3659 4563//4563
f 414//414 4391//4391 4108//4108
f 2364//2364 2861//2861 2811//2811
f 3069//3069 592//592 4610//4610
f 2062//2062 4610//4610 592//592
f 2357//2357 3697//3697 3459//3459
f 4563//4563 3659//3659 2862//2862
f 763//763 2863//2863 765//765
f 3910//3910 2864//2864 3376//3376
f 1003//1003 2864//2864 4148//4148
f 4658//4658 3841//3841 577//577
f 2587//2587 463//463 3453//3453
f 2369//2369 3453//3453 463//463
f 989//989 3467//3467 2265//2265
f 2865//2865 2823//2823 4552//4552
f 557//557 4659//4659 4005//4005
f 593//593 2866//2866 582//582
f 2054//2054 2867//2867 4717//4717
f 1483//1483 2193//2193 4434//4434
f 2868//2868 1054//1054 2988//2988
f 2327//2327 2869//2869 163//163
f 2028//2028 951//951 3420//3420
f 2843//2843 2870//2870 759//759
f 4460//4460 3264//3264 2981//2981
f 2674//2674 2871//2871 940//940
f 3740//3740 3741//3741 3783//3783
f 2872//2872 3021//3021 3574//3574
f 3494//3494 2872//2872 3181//3181
f 4681//4681 857//857 2873//2873
f 2067//2067 2356//2356 1469//1469
f 469//469 506//506 2875//2875
f 1070//1070 2876//2876 1051//1051
f 354//354 4271//4271 3347//3347
f 4344//4344 4271//4271 373//373
f 2984//2984 2878//2878 3743//3743
f 2487//2487 2878//2878 3875//3875
f 1866//1866 1117//1117 2879//2879
f 2671//2671 2879//2879 3729//3729
f 2397//2397 3683//3683 2880//2880
f 2725//2725 2880//2880 3683//3683
f 2882//2882 2277//2277 1066//1066
f 1036//1036 2882//2882 2844//2844
f 2440//2440 2883//2883 129//129
f 4643//4643 53//53 3157//3157
f 3541//3541 4053//4053 2884//2884
f 4745//4745 2884//2884 4053//4053
f 2639//2639 1098//1098 2994//2994
f 1877//1877 621//621 2885//2885
f 2815//2815 2885//2885 621//621
f 2336//2336 1440//1440 2886//2886
f 2350//2350 136//136 2887//2887
f 2466//2466 2887//2887 136//136
f 3988//3988 3371//3371 2888//2888
f 1315//1315 2888//2888 3371//3371
f 2721//2721 3700//3700 2889//2889
f 1867//1867 2889//2889 447//447
f 2096//2096 2580//2580 2890//2890
f 2871//2871 2891//2891 3810//3810
f 1223//1223 1222//1222 2892//2892
f 2892//2892 1222//1222 4039//4039
f 3471//3471 1238//1238 2893//2893
f 220//220 2895//2895 4079//4079
f 1864//1864 1295//1295 2896//2896
f 2197//2197 2896//2896 1295//1295
f 483//483 3889//3889 3925//3925
f 1581//1581 2898//2898 451//451
f 3867//3867 866//866 2899//2899
f 655//655 2899//2899 866//866
f 2304//2304 212//212 2900//2900
f 2218//2218 3490//3490 3516//3516
f 4410//4410 2901//2901 1262//1262
f 2282//2282 197//197 2902//2902
f 461//461 453//453 2903//2903
f 2600//2600 2903//2903 453//453
f 1230//1230 1291//1291 2904//2904
f 464//464 2838//2838 2905//2905
f 509//509 2905//2905 4285//4285
f 4384//4384 79//79 2907//2907
f 2855//2855 2907//2907 79//79
f 656//656 2908//2908 290//290
f 3584//3584 4550//4550 2909//2909
f 3570//3570 3473//3473 2909//2909
f 2615//2615 2044//2044 3486//3486
f 1353//1353 3965//3965 3373//3373
f 1391//1391 2910//2910 1352//1352
f 2645//2645 490//490 2911//2911
f 2913//2913 4091//4091 1268//1268
f 1285//1285 2913//2913 1268//1268
f 3903//3903 635//635 2915//2915
f 1906//1906 2915//2915 635//635
f 1046//1046 2916//2916 3622//3622
f 262//262 2//2 2917//2917
f 2069//2069 549//549 2918//2918
f 3318//3318 2919//2919 1426//1426
f 2127//2127 2919//2919 1404//1404
f 65//65 96//96 2920//2920
f 2698//2698 2920//2920 3709//3709
f 2911//2911 490//490 2921//2921
f 2068//2068 1084//1084 2922//2922
f 2258//2258 2923//2923 641//641
f 3941//3941 2924//2924 3596//3596
f 3820//3820 2924//2924 3847//3847
f 2616//2616 3351//3351 2925//2925
f 4587//4587 2926//2926 3749//3749
f 2129//2129 2851//2851 2927//2927
f 1170//1170 1146//1146 2928//2928
f 790//790 2928//2928 745//745
f 2621//2621 163//163 2929//2929
f 2808//2808 2929//2929 2812//2812
f 2536//2536 2930//2930 1392//1392
f 47//47 3888//3888 2931//2931
f 1174//1174 1187//1187 2932//2932
f 2374//2374 2932//2932 3468//3468
f 3104//3104 4204//4204 2933//2933
f 461//461 460//460 2934//2934
f 2934//2934 460//460 4466//4466
f 4634//4634 3701//3701 436//436
f 4634//4634 436//436 3250//3250
f 2388//2388 3946//3946 2935//2935
f 385//385 2935//2935 4166//4166
f 1391//1391 1352//1352 4018//4018
f 1365//1365 2936//2936 1352//1352
f 545//545 4373//4373 583//583
f 4410//4410 1262//1262 2941//2941
f 4475//4475 2298//2298 1179//1179
f 1943//1943 270//270 2942//2942
f 242//242 2942//2942 2135//2135
f 1214//1214 1264//1264 2943//2943
f 3802//3802 2943//2943 3342//3342
f 328//328 349//349 1903//1903
f 1194//1194 1235//1235 2945//2945
f 1284//1284 2945//2945 3012//3012
f 3072//3072 2946//2946 4174//4174
f 2009//2009 916//916 2947//2947
f 2948//2948 4437//4437 3544//3544
f 4108//4108 433//433 2949//2949
f 476//476 2949//2949 3293//3293
f 3813//3813 459//459 2950//2950
f 2950//2950 459//459 3716//3716
f 219//219 3935//3935 2951//2951
f 2042//2042 3834//3834 2952//2952
f 2282//2282 176//176 2953//2953
f 2953//2953 176//176 3853//3853
f 1836//1836 1433//1433 2954//2954
f 2204//2204 1641//1641 2955//2955
f 4348//4348 235//235 2956//2956
f 2376//2376 2956//2956 235//235
f 1229//1229 1260//1260 2957//2957
f 4737//4737 2957//2957 3401//3401
f 3195//3195 3387//3387 2958//2958
f 3331//3331 247//247 2960//2960
f 416//416 434//434 2961//2961
f 2605//2605 3639//3639 2962//2962
f 4689//4689 2962//2962 3639//3639
f 4470//4470 2963//2963 4514//4514
f 4419//4419 2966//2966 1037//1037
f 400//400 399//399 2967//2967
f 2816//2816 2967//2967 415//415
f 3306//3306 2968//2968 3527//3527
f 1989//1989 2968//2968 944//944
f 864//864 4223//4223 2969//2969
f 4634//4634 3623//3623 2970//2970
f 2971//2971 4118//4118 1413//1413
f 2058//2058 2971//2971 4263//4263
f 1948//1948 1040//1040 2972//2972
f 3680//3680 2972//2972 3609//3609
f 2590//2590 2689//2689 2973//2973
f 2419//2419 2973//2973 245//245
f 2450//2450 1164//1164 2974//2974
f 2065//2065 956//956 2975//2975
f 2975//2975 956//956 3960//3960
f 50//50 4400//4400 2976//2976
f 2976//2976 72//72 3885//3885
f 3248//3248 2977//2977 3818//3818
f 4074//4074 3248//3248 62//62
f 2115//2115 3466//3466 4578//4578
f 2978//2978 3944//3944 3395//3395
f 1189//1189 2795//2795 2979//2979
f 2911//2911 2921//2921 4688//4688
f 2435//2435 3115//3115 2980//2980
f 3837//3837 1321//1321 2981//2981
f 1322//1322 2981//2981 1321//1321
f 1924//1924 2164//2164 2982//2982
f 3549//3549 379//379 2983//2983
f 2878//2878 2984//2984 3875//3875
f 2769//2769 3451//3451 2985//2985
f 2515//2515 2985//2985 3451//3451
f 2477//2477 475//475 2986//2986
f 476//476 2986//2986 475//475
f 2815//2815 398//398 2987//2987
f 2200//2200 2987//2987 398//398
f 3474//3474 1081//1081 2988//2988
f 2125//2125 2988//2988 1081//1081
f 2263//2263 937//937 2989//2989
f 930//930 2989//2989 937//937
f 4697//4697 2990//2990 4039//4039
f 2422//2422 2990//2990 1236//1236
f 1883//1883 321//321 2992//2992
f 2790//2790 3344//3344 3678//3678
f 2415//2415 3678//3678 1300//1300
f 179//179 3730//3730 2993//2993
f 1538//1538 2204//2204 4666//4666
f 2789//2789 3152//3152 2994//2994
f 2639//2639 2994//2994 3458//3458
f 2711//2711 3302//3302 2455//2455
f 2484//2484 251//251 2995//2995
f 264//264 2995//2995 2096//2096
f 2579//2579 472//472 2248//2248
f 2236//2236 1340//1340 2996//2996
f 2996//2996 1340//1340 3026//3026
f 1993//1993 624//624 2513//2513
f 1344//1344 2997//2997 1343//1343
f 4715//4715 322//322 2998//2998
f 817//817 2998//2998 799//799
f 2032//2032 2999//2999 4719//4719
f 2219//2219 1248//1248 3000//3000
f 3648//3648 990//990 4601//4601
f 2707//2707 1390//1390 3001//3001
f 1365//1365 3001//3001 2936//2936
f 3380//3380 3003//3003 3580//3580
f 2331//2331 3003//3003 3380//3380
f 2792//2792 37//37 4700//4700
f 4700//4700 37//37 66//66
f 2564//2564 3120//3120 3004//3004
f 3004//3004 584//584 3491//3491
f 4603//4603 2500//2500 553//553
f 2119//2119 31//31 3005//3005
f 2358//2358 3005//3005 4332//4332
f 3978//3978 917//917 3006//3006
f 2692//2692 3006//3006 917//917
f 2847//2847 2514//2514 3007//3007
f 202//202 240//240 3008//3008
f 254//254 3008//3008 4357//4357
f 2624//2624 3360//3360 1305//1305
f 2703//2703 945//945 3010//3010
f 2831//2831 3577//3577 3011//3011
f 2945//2945 1235//1235 3012//3012
f 2230//2230 3012//3012 1235//1235
f 143//143 189//189 3013//3013
f 631//631 3013//3013 3254//3254
f 756//756 2862//2862 309//309
f 2560//2560 217//217 2841//2841
f 2929//2929 4591//4591 149//149
f 2435//2435 2980//2980 3014//3014
f 9//9 4032//4032 3015//3015
f 2344//2344 1109//1109 3016//3016
f 2101//2101 2953//2953 196//196
f 3223//3223 1663//1663 4369//4369
f 1662//1662 4369//4369 1663//1663
f 93//93 106//106 3017//3017
f 2031//2031 3017//3017 3801//3801
f 4456//4456 3018//3018 109//109
f 699//699 3019//3019 719//719
f 2406//2406 534//534 2499//2499
f 1877//1877 3020//3020 621//621
f 2662//2662 208//208 3021//3021
f 209//209 3021//3021 208//208
f 1249//1249 4038//4038 3022//3022
f 2663//2663 3022//3022 1279//1279
f 367//367 341//341 3023//3023
f 3024//3024 3754//3754 353//353
f 3326//3326 1233//1233 3025//3025
f 1212//1212 3025//3025 1233//1233
f 617//617 3298//3298 792//792
f 2038//2038 4461//4461 1340//1340
f 1370//1370 3026//3026 3511//3511
f 2709//2709 449//449 3027//3027
f 3518//3518 3027//3027 3250//3250
f 2747//2747 1315//1315 4696//4696
f 4696//4696 1315//1315 3861//3861
f 2086//2086 2132//2132 959//959
f 2334//2334 3433//3433 3028//3028
f 1855//1855 3028//3028 3650//3650
f 2021//2021 3029//3029 1077//1077
f 579//579 570//570 3031//3031
f 3031//3031 570//570 4678//4678
f 2378//2378 4160//4160 3032//3032
f 4585//4585 1121//1121 3335//3335
f 1872//1872 725//725 3034//3034
f 2798//2798 362//362 3035//3035
f 2191//2191 3035//3035 362//362
f 2599//2599 3036//3036 4401//4401
f 4156//4156 4128//4128 3037//3037
f 2252//2252 3633//3633 3039//3039
f 2794//2794 3994//3994 3041//3041
f 1912//1912 1096//1096 3042//3042
f 3043//3043 2179//2179 327//327
f 811//811 3043//3043 327//327
f 1339//1339 3113//3113 3044//3044
f 1208//1208 4405//4405 1260//1260
f 4490//4490 4405//4405 1247//1247
f 2522//2522 3188//3188 3047//3047
f 4440//4440 3047//3047 3188//3188
f 256//256 3048//3048 218//218
f 3636//3636 3976//3976 3048//3048
f 1961//1961 1323//1323 2080//2080
f 4501//4501 2080//2080 1323//1323
f 2523//2523 3049//3049 1130//1130
f 2097//2097 2184//2184 3050//3050
f 2506//2506 3050//3050 4258//4258
f 4465//4465 155//155 2514//2514
f 2752//2752 1929//1929 6//6
f 44//44 51//51 3051//3051
f 1549//1549 3051//3051 51//51
f 2323//2323 3772//3772 3053//3053
f 1101//1101 4167//4167 3054//3054
f 2140//2140 3054//3054 1113//1113
f 1261//1261 1309//1309 3055//3055
f 2165//2165 3055//3055 1309//1309
f 1901//1901 3056//3056 1098//1098
f 902//902 3247//3247 3057//3057
f 3057//3057 2524//2524 3291//3291
f 2094//2094 3284//3284 3058//3058
f 105//105 3058//3058 3284//3284
f 884//884 3059//3059 4278//4278
f 2990//2990 4697//4697 1236//1236
f 3060//3060 1196//1196 1222//1222
f 2855//2855 133//133 4576//4576
f 4697//4697 1222//1222 3061//3061
f 1196//1196 3061//3061 1222//1222
f 673//673 4023//4023 3536//3536
f 3542//3542 133//133 4646//4646
f 2855//2855 4646//4646 133//133
f 1979//1979 1598//1598 3063//3063
f 2235//2235 3064//3064 4682//4682
f 2352//2352 2694//2694 1071//1071
f 3672//3672 1614//1614 1613//1613
f 2929//2929 149//149 2621//2621
f 4564//4564 1130//1130 3065//3065
f 1139//1139 3065//3065 1130//1130
f 103//103 2375//2375 114//114
f 1246//1246 1289//1289 3066//3066
f 2278//2278 3066//3066 1289//1289
f 2074//2074 2367//2367 3604//3604
f 4464//4464 127//127 3177//3177
f 3053//3053 3772//3772 3067//3067
f 2794//2794 3067//3067 890//890
f 4536//4536 1441//1441 3068//3068
f 1465//1465 3068//3068 1441//1441
f 542//542 3069//3069 543//543
f 2577//2577 3245//3245 3070//3070
f 591//591 3070//3070 615//615
f 3073//3073 318//318 781//781
f 4501//4501 1356//1356 3074//3074
f 2944//2944 3074//3074 1356//1356
f 4227//4227 336//336 3076//3076
f 4464//4464 3177//3177 3077//3077
f 1898//1898 3077//3077 150//150
f 913//913 3816//3816 3078//3078
f 2769//2769 3078//3078 927//927
f 2551//2551 1274//1274 3079//3079
f 1447//1447 3080//3080 4265//4265
f 442//442 3962//3962 3081//3081
f 2113//2113 1087//1087 3082//3082
f 1082//1082 3082//3082 1087//1087
f 4729//4729 388//388 3083//3083
f 2498//2498 246//246 3084//3084
f 1978//1978 3085//3085 888//888
f 2514//2514 3422//3422 3086//3086
f 199//199 3086//3086 214//214
f 2308//2308 905//905 2076//2076
f 2995//2995 251//251 2096//2096
f 862//862 3848//3848 3087//3087
f 580//580 4244//4244 3088//3088
f 3855//3855 2773//2773 3088//3088
f 1189//1189 1208//1208 3089//3089
f 2407//2407 3089//3089 4222//4222
f 747//747 3090//3090 1147//1147
f 2596//2596 3794//3794 3091//3091
f 3091//3091 3794//3794 4124//4124
f 3256//3256 3092//3092 3415//3415
f 3589//3589 3092//3092 3618//3618
f 2810//2810 2593//2593 4359//4359
f 2779//2779 3093//3093 4468//4468
f 3094//3094 3727//3727 1357//1357
f 103//103 131//131 3095//3095
f 145//145 3095//3095 4652//4652
f 4032//4032 9//9 691//691
f 3431//3431 3693//3693 104//104
f 1160//1160 3658//3658 3096//3096
f 1927//1927 3096//3096 1205//1205
f 2599//2599 3097//3097 973//973
f 4392//4392 435//435 2137//2137
f 2748//2748 3098//3098 2156//2156
f 2147//2147 2088//2088 1115//1115
f 1649//1649 3100//3100 45//45
f 101//101 113//113 3101//3101
f 142//142 3101//3101 113//113
f 2916//2916 3102//3102 1022//1022
f 1172//1172 4105//4105 3383//3383
f 2337//2337 1459//1459 3105//3105
f 1903//1903 350//350 2418//2418
f 2441//2441 2418//2418 350//350
f 1947//1947 3107//3107 271//271
f 2732//2732 3685//3685 3108//3108
f 682//682 3108//3108 742//742
f 2546//2546 244//244 3109//3109
f 3109//3109 244//244 1947//1947
f 114//114 130//130 4408//4408
f 3110//3110 130//130 3266//3266
f 1884//1884 3936//3936 3577//3577
f 2855//2855 127//127 2907//2907
f 4464//4464 2907//2907 127//127
f 3088//3088 604//604 3111//3111
f 2199//2199 1913//1913 893//893
f 1306//1306 4386//4386 3637//3637
f 1318//1318 3112//3112 1319//1319
f 4435//4435 1396//1396 3113//3113
f 3044//3044 3113//3113 1396//1396
f 755//755 309//309 3114//3114
f 142//142 141//141 3115//3115
f 188//188 3115//3115 141//141
f 3116//3116 4510//4510 170//170
f 2047//2047 3116//3116 170//170
f 593//593 606//606 3117//3117
f 2938//2938 3117//3117 606//606
f 1269//1269 4569//4569 4503//4503
f 1456//1456 3118//3118 1455//1455
f 555//555 4298//4298 4269//4269
f 572//572 584//584 3120//3120
f 1942//1942 724//724 3121//3121
f 711//711 3121//3121 724//724
f 4480//4480 3588//3588 4579//4579
f 2477//2477 4521//4521 304//304
f 2782//2782 3887//3887 1395//1395
f 2773//2773 321//321 1164//1164
f 3534//3534 465//465 3122//3122
f 3038//3038 3122//3122 3920//3920
f 1424//1424 3460//3460 3124//3124
f 1438//1438 3124//3124 2738//2738
f 2624//2624 4534//4534 3125//3125
f 1862//1862 3125//3125 4534//4534
f 3191//3191 3126//3126 3283//3283
f 4643//4643 3126//3126 53//53
f 209//209 208//208 3127//3127
f 2775//2775 3127//3127 208//208
f 3129//3129 4699//4699 124//124
f 4594//4594 3219//3219 3129//3129
f 273//273 297//297 3130//3130
f 743//743 3130//3130 297//297
f 4690//4690 1080//1080 3131//3131
f 4624//4624 1342//1342 3132//3132
f 2415//2415 3132//3132 2667//2667
f 2958//2958 3387//3387 3133//3133
f 2653//2653 3133//3133 3387//3387
f 508//508 536//536 3134//3134
f 4474//4474 3134//3134 536//536
f 1108//1108 4469//4469 3135//3135
f 1482//1482 3135//3135 1481//1481
f 2611//2611 1273//1273 2606//2606
f 692//692 4625//4625 282//282
f 171//171 2505//2505 3137//3137
f 2047//2047 3137//3137 2505//2505
f 1885//1885 2520//2520 3139//3139
f 2317//2317 3444//3444 3141//3141
f 4423//4423 3141//3141 3444//3444
f 4347//4347 488//488 3143//3143
f 3143//3143 488//488 3913//3913
f 93//93 3017//3017 3144//3144
f 4707//4707 3144//3144 4476//4476
f 3939//3939 3695//3695 3145//3145
f 3140//3140 513//513 3775//3775
f 2150//2150 3539//3539 3146//3146
f 193//193 4257//4257 3792//3792
f 575//575 311//311 3148//3148
f 625//625 3148//3148 4752//4752
f 168//168 3149//3149 3217//3217
f 200//200 3149//3149 3804//3804
f 2634//2634 1118//1118 3150//3150
f 1473//1473 3150//3150 1497//1497
f 2881//2881 3627//3627 3151//3151
f 2861//2861 3151//3151 3799//3799
f 2013//2013 3458//3458 3152//3152
f 2723//2723 236//236 3153//3153
f 2714//2714 3153//3153 4125//4125
f 138//138 3302//3302 3154//3154
f 2711//2711 3154//3154 3302//3302
f 2430//2430 3882//3882 1861//1861
f 2042//2042 3155//3155 233//233
f 2072//2072 1950//1950 1363//1363
f 4714//4714 4102//4102 3156//3156
f 1985//1985 4755//4755 479//479
f 4579//4579 3157//3157 4705//4705
f 1703//1703 3159//3159 344//344
f 1073//1073 1072//1072 3160//3160
f 1996//1996 2678//2678 3162//3162
f 3162//3162 1420//1420 3273//3273
f 4444//4444 2924//2924 3820//3820
f 865//865 841//841 3163//3163
f 2211//2211 1076//1076 3164//3164
f 2381//2381 3164//3164 1076//1076
f 2425//2425 526//526 3165//3165
f 3106//3106 384//384 3166//3166
f 2877//2877 3166//3166 384//384
f 2721//2721 448//448 3167//3167
f 2709//2709 3167//3167 448//448
f 4663//4663 69//69 3168//3168
f 2108//2108 3168//3168 69//69
f 508//508 3134//3134 3945//3945
f 2583//2583 3169//3169 521//521
f 2109//2109 1405//1405 2881//2881
f 410//410 441//441 3170//3170
f 3206//3206 3594//3594 3170//3170
f 929//929 3145//3145 3171//3171
f 3171//3171 4103//4103 966//966
f 4698//4698 4004//4004 1302//1302
f 1193//1193 2818//2818 3172//3172
f 2640//2640 3172//3172 2818//2818
f 348//348 3261//3261 4152//4152
f 3173//3173 386//386 2561//2561
f 2275//2275 547//547 2650//2650
f 1731//1731 2650//2650 547//547
f 4625//4625 3174//3174 282//282
f 1888//1888 2039//2039 1418//1418
f 2116//2116 1444//1444 2249//2249
f 2293//2293 1640//1640 4234//4234
f 4385//4385 792//792 2476//2476
f 1067//1067 1057//1057 3176//3176
f 4640//4640 3176//3176 1057//1057
f 1992//1992 1971//1971 1227//1227
f 2710//2710 3177//3177 134//134
f 903//903 3938//3938 3178//3178
f 3009//3009 4241//4241 3179//3179
f 2068//2068 1102//1102 4585//4585
f 3180//3180 4058//4058 980//980
f 967//967 3180//3180 980//980
f 2872//2872 3574//3574 3181//3181
f 4374//4374 301//301 2815//2815
f 4317//4317 2815//2815 301//301
f 426//426 435//435 3182//3182
f 3182//3182 435//435 3415//3415
f 3183//3183 4725//4725 3852//3852
f 2838//2838 464//464 3184//3184
f 22//22 3138//3138 3185//3185
f 3185//3185 3138//3138 3369//3369
f 603//603 3186//3186 314//314
f 1865//1865 2316//2316 502//502
f 2522//2522 3771//3771 3188//3188
f 3015//3015 3188//3188 3771//3771
f 710//710 18//18 3982//3982
f 3121//3121 3982//3982 18//18
f 2479//2479 1184//1184 2348//2348
f 2826//2826 530//530 2275//2275
f 101//101 3190//3190 113//113
f 1922//1922 53//53 3191//3191
f 3126//3126 3191//3191 53//53
f 461//461 2783//2783 460//460
f 2892//2892 4039//4039 4723//4723
f 572//572 2672//2672 2288//2288
f 1223//1223 3895//3895 2365//2365
f 2787//2787 946//946 3192//3192
f 2773//2773 2529//2529 604//604
f 1495//1495 3193//3193 1494//1494
f 976//976 3259//3259 3194//3194
f 941//941 969//969 3195//3195
f 970//970 3195//3195 969//969
f 2951//2951 2917//2917 3196//3196
f 965//965 3426//3426 3197//3197
f 2638//2638 3197//3197 3434//3434
f 4121//4121 3198//3198 1984//1984
f 2839//2839 1028//1028 2966//2966
f 2742//2742 3946//3946 3200//3200
f 2225//2225 1129//1129 3201//3201
f 1128//1128 3201//3201 1487//1487
f 4704//4704 512//512 3202//3202
f 2061//2061 323//323 803//803
f 4758//4758 1514//1514 4736//4736
f 3440//3440 2735//2735 4611//4611
f 623//623 4611//4611 2735//2735
f 3700//3700 3959//3959 3203//3203
f 393//393 3203//3203 3959//3959
f 2482//2482 1330//1330 3204//3204
f 2198//2198 3204//3204 2212//2212
f 851//851 3396//3396 3205//3205
f 2443//2443 3205//3205 3396//3396
f 3170//3170 441//441 3206//3206
f 2587//2587 3206//3206 3543//3543
f 794//794 3207//3207 1157//1157
f 4523//4523 1764//1764 3210//3210
f 2491//2491 447//447 3700//3700
f 1361//1361 3212//3212 1360//1360
f 2102//2102 4255//4255 3213//3213
f 1052//1052 3213//3213 3142//3142
f 1977//1977 881//881 3214//3214
f 3214//3214 881//881 3412//3412
f 4591//4591 3215//3215 149//149
f 3216//3216 4677//4677 1182//1182
f 1170//1170 3216//3216 1182//1182
f 2675//2675 868//868 4695//4695
f 157//157 3233//3233 4205//4205
f 3219//3219 4594//4594 4280//4280
f 518//518 4505//4505 3220//3220
f 3220//3220 531//531 563//563
f 2456//2456 4029//4029 3221//3221
f 4422//4422 3221//3221 4029//4029
f 3950//3950 1157//1157 3222//3222
f 4751//4751 3223//3223 628//628
f 275//275 730//730 2679//2679
f 687//687 2679//2679 730//730
f 2502//2502 1419//1419 3224//3224
f 1431//1431 3224//3224 1419//1419
f 2056//2056 32//32 3225//3225
f 2227//2227 3225//3225 32//32
f 924//924 4075//4075 3226//3226
f 4084//4084 4075//4075 911//911
f 2058//2058 1398//1398 2971//2971
f 2579//2579 536//536 4686//4686
f 4601//4601 990//990 3954//3954
f 4452//4452 3954//3954 990//990
f 4685//4685 3228//3228 3735//3735
f 2480//2480 3230//3230 1240//1240
f 1970//1970 402//402 3231//3231
f 4648//4648 3231//3231 402//402
f 4006//4006 849//849 3232//3232
f 3217//3217 3233//3233 156//156
f 2409//2409 3234//3234 1447//1447
f 2027//2027 2491//2491 2187//2187
f 3235//3235 33//33 2227//2227
f 2643//2643 1294//1294 3918//3918
f 2180//2180 307//307 3237//3237
f 2584//2584 3237//3237 307//307
f 3238//3238 3999//3999 924//924
f 1895//1895 1988//1988 3239//3239
f 2369//2369 3239//3239 3499//3499
f 1955//1955 1863//1863 350//350
f 2215//2215 1386//1386 2764//2764
f 1871//1871 2764//2764 1386//1386
f 729//729 1547//1547 25//25
f 2116//2116 2906//2906 3240//3240
f 2130//2130 3240//3240 4106//4106
f 2125//2125 1112//1112 3241//3241
f 4623//4623 3242//3242 866//866
f 1924//1924 3466//3466 3243//3243
f 2639//2639 1058//1058 4525//4525
f 3622//3622 3244//3244 3851//3851
f 1610//1610 3244//3244 4744//4744
f 2577//2577 3400//3400 3245//3245
f 3245//3245 3400//3400 2779//2779
f 4623//4623 2524//2524 3247//3247
f 1887//1887 2082//2082 3248//3248
f 2977//2977 3248//3248 4074//4074
f 2649//2649 952//952 3249//3249
f 3249//3249 952//952 2800//2800
f 3073//3073 781//781 782//782
f 3027//3027 449//449 3250//3250
f 4634//4634 3250//3250 3623//3623
f 839//839 614//614 2779//2779
f 3245//3245 2779//2779 614//614
f 367//367 3023//3023 3251//3251
f 377//377 3251//3251 366//366
f 206//206 229//229 3252//3252
f 1943//1943 3252//3252 229//229
f 3011//3011 3577//3577 3253//3253
f 3253//3253 3577//3577 3936//3936
f 3013//3013 189//189 3254//3254
f 3092//3092 3256//3256 3565//3565
f 3257//3257 4211//4211 1186//1186
f 1220//1220 3257//3257 3443//3443
f 2057//2057 1305//1305 3258//3258
f 2269//2269 3258//3258 1305//1305
f 914//914 3836//3836 3259//3259
f 385//385 3347//3347 3260//3260
f 3260//3260 384//384 3106//3106
f 3173//3173 3261//3261 386//386
f 610//610 3262//3262 3503//3503
f 3487//3487 3263//3263 3682//3682
f 2551//2551 3079//3079 3264//3264
f 3265//3265 4332//4332 46//46
f 2706//2706 3265//3265 46//46
f 4433//4433 4734//4734 3266//3266
f 3110//3110 3266//3266 4734//4734
f 2023//2023 3016//3016 1109//1109
f 3094//3094 1357//1357 3267//3267
f 2001//2001 3267//3267 1357//1357
f 1962//1962 629//629 3268//3268
f 2737//2737 4062//4062 1266//1266
f 2767//2767 4359//4359 3269//3269
f 1892//1892 3269//3269 2835//2835
f 2904//2904 1291//1291 3271//3271
f 4607//4607 977//977 3272//3272
f 3075//3075 3272//3272 3786//3786
f 2272//2272 2627//2627 3273//3273
f 3380//3380 3580//3580 760//760
f 3888//3888 3669//3669 3275//3275
f 48//48 3275//3275 3669//3669
f 65//65 2920//2920 3276//3276
f 2820//2820 3276//3276 2681//2681
f 3721//3721 2401//2401 4754//4754
f 2504//2504 4754//4754 2401//2401
f 1958//1958 4747//4747 3277//3277
f 2774//2774 3277//3277 3649//3649
f 2863//2863 3819//3819 3278//3278
f 3911//3911 3995//3995 3278//3278
f 2824//2824 430//430 3280//3280
f 485//485 3280//3280 430//430
f 1886//1886 3281//3281 4550//4550
f 3202//3202 522//522 4704//4704
f 4721//4721 1374//1374 3282//3282
f 2130//2130 1973//1973 1444//1444
f 1925//1925 3538//3538 3285//3285
f 1999//1999 3285//3285 2704//2704
f 3435//3435 1412//1412 3287//3287
f 1432//1432 3287//3287 1412//1412
f 445//445 4249//4249 3288//3288
f 416//416 3288//3288 4313//4313
f 2919//2919 1425//1425 3289//3289
f 3072//3072 3289//3289 2946//2946
f 2787//2787 3227//3227 4111//4111
f 2688//2688 1056//1056 1014//1014
f 1038//1038 1014//1014 1056//1056
f 2387//2387 3255//3255 2852//2852
f 587//587 4251//4251 3290//3290
f 749//749 3290//3290 3367//3367
f 3293//3293 424//424 458//458
f 476//476 3293//3293 458//458
f 2400//2400 1296//1296 3294//3294
f 1461//1461 3294//3294 2229//2229
f 2363//2363 2759//2759 3295//3295
f 191//191 230//230 3296//3296
f 242//242 3296//3296 230//230
f 3297//3297 3783//3783 1055//1055
f 2063//2063 3297//3297 2113//2113
f 2476//2476 792//792 3298//3298
f 2623//2623 3299//3299 3833//3833
f 3300//3300 4020//4020 676//676
f 2046//2046 3301//3301 3644//3644
f 2215//2215 1406//1406 3303//3303
f 2380//2380 342//342 3304//3304
f 2751//2751 2545//2545 4450//4450
f 2558//2558 2668//2668 3305//3305
f 3305//3305 1078//1078 3218//3218
f 2652//2652 3238//3238 3306//3306
f 2005//2005 1017//1017 3307//3307
f 2150//2150 3308//3308 3539//3539
f 2832//2832 4492//4492 3309//3309
f 3228//3228 4695//4695 3872//3872
f 2675//2675 4695//4695 2673//2673
f 3717//3717 3310//3310 2891//2891
f 1933//1933 1267//1267 3738//3738
f 3438//3438 938//938 3312//3312
f 2015//2015 3312//3312 2463//2463
f 3313//3313 4125//4125 261//261
f 262//262 3313//3313 3391//3391
f 239//239 4746//4746 4231//4231
f 403//403 418//418 3315//3315
f 3627//3627 3316//3316 3922//3922
f 2545//2545 1184//1184 2756//2756
f 2919//2919 3318//3318 1404//1404
f 4539//4539 3917//3917 2912//2912
f 4245//4245 113//113 3319//3319
f 2245//2245 3319//3319 3190//3190
f 3041//3041 978//978 3320//3320
f 964//964 3320//3320 3601//3601
f 3161//3161 3215//3215 3355//3355
f 2191//2191 3321//3321 3035//3035
f 4055//4055 4567//4567 3322//3322
f 455//455 3710//3710 3323//3323
f 2658//2658 3323//3323 454//454
f 2474//2474 4540//4540 132//132
f 174//174 3324//3324 4071//4071
f 3300//3300 3325//3325 882//882
f 931//931 972//972 3326//3326
f 3788//3788 1233//1233 3326//3326
f 2159//2159 1941//1941 94//94
f 3893//3893 341//341 4709//4709
f 367//367 4709//4709 341//341
f 3327//3327 492//492 4131//4131
f 3341//3341 462//462 4768//4768
f 2075//2075 3328//3328 2507//2507
f 2167//2167 1280//1280 3330//3330
f 2790//2790 3330//3330 1280//1280
f 1695//1695 2090//2090 8//8
f 4493//4493 2648//2648 3331//3331
f 2355//2355 1430//1430 3332//3332
f 1424//1424 3332//3332 3460//3460
f 2647//2647 1956//1956 85//85
f 482//482 3513//3513 3333//3333
f 1974//1974 3335//3335 1121//1121
f 2001//2001 1357//1357 3336//3336
f 3336//3336 1357//1357 3727//3727
f 3037//3037 4029//4029 3337//3337
f 3339//3339 1175//1175 4216//4216
f 4580//4580 2189//2189 538//538
f 3328//3328 4768//4768 462//462
f 4381//4381 3341//3341 3665//3665
f 2943//2943 1264//1264 3342//3342
f 3342//3342 1264//1264 1281//1281
f 2222//2222 3104//3104 3343//3343
f 168//168 3343//3343 167//167
f 2790//2790 1280//1280 3344//3344
f 1942//1942 3345//3345 4535//4535
f 3346//3346 125//125 3494//3494
f 2877//2877 384//384 3347//3347
f 2867//2867 2922//2922 3348//3348
f 2385//2385 3348//3348 1084//1084
f 2171//2171 3349//3349 4292//4292
f 4486//4486 3352//3352 1080//1080
f 1107//1107 1106//1106 3353//3353
f 3745//3745 3354//3354 3338//3338
f 2511//2511 3105//3105 1459//1459
f 1990//1990 175//175 3355//3355
f 3161//3161 3355//3355 175//175
f 2017//2017 2483//2483 3357//3357
f 3860//3860 4124//4124 3357//3357
f 1753//1753 3358//3358 915//915
f 3049//3049 864//864 3361//3361
f 2969//2969 3361//3361 864//864
f 997//997 2475//2475 3362//3362
f 2463//2463 968//968 1966//1966
f 3022//3022 3363//3363 1249//1249
f 1209//1209 4077//4077 3964//3964
f 1291//1291 3364//3364 2788//2788
f 2972//2972 3680//3680 1017//1017
f 1579//1579 3365//3365 419//419
f 2323//2323 3366//3366 869//869
f 564//564 4327//4327 3367//3367
f 609//609 3367//3367 586//586
f 3185//3185 3369//3369 36//36
f 4626//4626 1159//1159 3370//3370
f 752//752 3370//3370 1159//1159
f 2133//2133 369//369 3071//3071
f 991//991 1010//1010 3372//3372
f 3372//3372 1010//1010 4259//4259
f 2910//2910 3615//3615 3373//3373
f 1366//1366 3373//3373 2232//2232
f 3374//3374 1985//1985 479//479
f 4573//4573 3374//3374 479//479
f 3031//3031 602//602 3375//3375
f 313//313 3375//3375 602//602
f 2413//2413 1114//1114 2120//2120
f 970//970 969//969 3376//3376
f 4432//4432 4001//4001 3377//3377
f 1991//1991 3378//3378 1454//1454
f 347//347 348//348 3379//3379
f 1899//1899 1410//1410 2127//2127
f 1972//1972 1090//1090 2201//2201
f 1936//1936 2770//2770 3148//3148
f 2112//2112 194//194 3381//3381
f 2590//2590 3381//3381 194//194
f 1990//1990 4462//4462 3382//3382
f 3103//3103 1241//1241 3383//3383
f 2479//2479 3383//3383 4092//4092
f 4635//4635 3755//3755 3236//3236
f 4656//4656 269//269 3384//3384
f 2801//2801 3384//3384 4158//4158
f 3138//3138 22//22 3385//3385
f 3385//3385 22//22 4100//4100
f 1929//1929 653//653 6//6
f 88//88 123//123 3388//3388
f 3389//3389 3760//3760 3941//3941
f 4312//4312 1699//1699 3390//3390
f 1699//1699 4312//4312 337//337
f 731//731 3391//3391 261//261
f 3353//3353 1106//1106 3150//3150
f 2658//2658 464//464 3392//3392
f 2905//2905 3392//3392 464//464
f 2138//2138 3212//3212 3393//3393
f 2631//2631 2892//2892 2781//2781
f 2778//2778 3482//3482 939//939
f 4631//4631 29//29 3395//3395
f 2978//2978 3395//3395 29//29
f 1826//1826 2272//2272 1827//1827
f 851//851 850//850 3396//3396
f 886//886 3396//3396 850//850
f 2765//2765 962//962 3398//3398
f 2926//2926 3398//3398 3456//3456
f 56//56 95//95 3399//3399
f 4716//4716 3399//3399 95//95
f 3046//3046 1259//1259 3401//3401
f 1290//1290 3401//3401 1259//1259
f 3039//3039 3633//3633 3871//3871
f 1612//1612 3871//3871 3633//3633
f 3114//3114 3903//3903 755//755
f 753//753 755//755 308//308
f 376//376 365//365 3402//3402
f 3402//3402 365//365 3572//3572
f 3671//3671 1133//1133 750//750
f 4709//4709 342//342 3403//3403
f 3403//3403 2221//2221 325//325
f 4690//4690 3581//3581 3404//3404
f 2363//2363 3404//3404 3554//3554
f 2325//2325 100//100 2531//2531
f 2951//2951 262//262 2917//2917
f 3816//3816 4733//4733 2821//2821
f 3208//3208 3693//3693 3588//3588
f 2895//2895 3405//3405 3506//3506
f 2400//2400 1297//1297 3406//3406
f 2300//2300 3406//3406 1297//1297
f 4746//4746 4009//4009 2465//2465
f 2610//2610 3407//3407 3752//3752
f 503//503 4330//4330 3408//3408
f 4762//4762 4727//4727 3734//3734
f 217//217 3409//3409 3439//3439
f 2560//2560 3409//3409 217//217
f 339//339 2129//2129 3410//3410
f 3094//3094 3267//3267 3411//3411
f 2173//2173 3411//3411 1334//1334
f 2914//2914 929//929 3412//3412
f 3292//3292 3412//3412 929//929
f 4582//4582 1493//1493 3413//3413
f 3092//3092 459//459 3415//3415
f 3182//3182 3415//3415 459//459
f 1902//1902 2351//2351 3416//3416
f 4638//4638 3416//3416 4390//4390
f 707//707 4089//4089 708//708
f 3014//3014 3585//3585 3254//3254
f 2610//2610 3254//3254 218//218
f 532//532 3832//3832 4303//4303
f 3417//3417 3220//3220 2837//2837
f 4710//4710 4750//4750 104//104
f 3307//3307 1017//1017 3418//3418
f 3274//3274 3497//3497 3419//3419
f 3419//3419 872//872 3660//3660
f 3183//3183 3852//3852 3420//3420
f 2255//2255 1152//1152 3421//3421
f 2514//2514 166//166 3422//3422
f 3423//3423 1399//1399 1408//1408
f 3420//3420 951//951 3424//3424
f 2674//2674 3424//3424 2800//2800
f 101//101 3101//3101 3425//3425
f 2506//2506 3425//3425 4201//4201
f 2182//2182 2660//2660 3812//3812
f 965//965 964//964 3426//3426
f 2766//2766 3426//3426 964//964
f 2968//2968 3306//3306 944//944
f 780//780 1155//1155 2103//2103
f 2934//2934 518//518 3427//3427
f 532//532 3427//3427 3832//3832
f 3202//3202 499//499 3428//3428
f 3428//3428 499//499 3350//3350
f 2076//2076 2469//2469 3429//3429
f 892//892 3430//3430 906//906
f 4579//4579 3588//3588 3431//3431
f 3693//3693 3431//3431 3588//3588
f 749//749 1946//1946 1150//1150
f 3548//3548 3432//3432 1326//1326
f 1397//1397 3432//3432 1358//1358
f 2284//2284 671//671 845//845
f 2439//2439 3650//3650 3433//3433
f 1023//1023 1035//1035 3434//3434
f 2638//2638 3434//3434 1035//1035
f 3287//3287 1358//1358 3435//3435
f 3044//3044 3435//3435 4453//4453
f 1914//1914 1298//1298 2038//2038
f 1353//1353 3436//3436 3965//3965
f 3457//3457 514//514 4739//4739
f 488//488 3437//3437 3913//3913
f 3312//3312 3464//3464 3438//3438
f 2439//2439 1328//1328 3650//3650
f 3650//3650 1328//1328 1371//1371
f 188//188 203//203 3439//3439
f 356//356 3440//3440 4152//4152
f 923//923 897//897 3441//3441
f 2618//2618 989//989 2265//2265
f 1856//1856 359//359 2420//2420
f 2517//2517 2713//2713 3739//3739
f 2686//2686 1167//1167 3449//3449
f 2158//2158 2457//2457 3442//3442
f 4195//4195 3442//3442 4123//4123
f 3257//3257 1186//1186 3443//3443
f 2805//2805 3443//3443 1186//1186
f 3069//3069 542//542 2078//2078
f 2921//2921 490//490 3445//3445
f 3445//3445 490//490 3638//3638
f 3407//3407 2610//2610 227//227
f 3589//3589 3447//3447 3716//3716
f 3981//3981 3909//3909 3448//3448
f 341//341 3448//3448 4026//4026
f 781//781 3449//3449 782//782
f 1402//1402 1388//1388 1417//1417
f 1926//1926 1417//1417 1388//1388
f 1950//1950 1862//1862 4534//4534
f 560//560 3450//3450 595//595
f 2025//2025 666//666 2749//2749
f 4239//4239 2853//2853 3451//3451
f 1965//1965 3451//3451 2124//2124
f 4581//4581 1755//1755 3452//3452
f 1755//1755 4581//4581 904//904
f 2579//2579 3453//3453 472//472
f 1874//1874 4728//4728 3874//3874
f 2145//2145 1371//1371 3455//3455
f 2926//2926 3456//3456 3749//3749
f 3446//3446 4326//4326 3457//3457
f 514//514 3457//3457 3694//3694
f 2013//2013 2050//2050 3458//3458
f 2639//2639 3458//3458 1058//1058
f 1951//1951 369//369 2133//2133
f 3459//3459 3809//3809 3553//3553
f 1430//1430 1434//1434 3460//3460
f 3124//3124 3460//3460 1434//1434
f 3287//3287 1432//1432 2641//2641
f 376//376 407//407 3462//3462
f 2075//2075 3462//3462 407//407
f 2637//2637 324//324 813//813
f 3463//3463 4335//4335 60//60
f 1553//1553 3463//3463 1551//1551
f 2958//2958 3465//3465 917//917
f 2174//2174 2055//2055 932//932
f 2838//2838 474//474 4676//4676
f 4676//4676 474//474 473//473
f 4346//4346 3506//3506 3405//3405
f 1924//1924 1077//1077 3466//3466
f 2542//2542 2865//2865 3467//3467
f 2865//2865 2542//2542 2823//2823
f 2122//2122 3468//3468 1187//1187
f 2483//2483 97//97 3469//3469
f 3469//3469 97//97 4015//4015
f 2214//2214 2328//2328 3470//3470
f 609//609 3470//3470 3492//3492
f 2073//2073 3471//3471 3545//3545
f 400//400 2967//2967 3472//3472
f 416//416 3472//3472 2550//2550
f 3473//3473 3570//3570 18//18
f 2988//2988 1054//1054 3474//3474
f 1964//1964 3474//3474 1054//1054
f 3124//3124 1438//1438 3475//3475
f 2946//2946 3475//3475 1438//1438
f 4640//4640 1083//1083 3476//3476
f 2064//2064 3476//3476 2234//2234
f 4689//4689 2132//2132 3477//3477
f 901//901 3002//3002 4733//4733
f 3477//3477 4733//4733 912//912
f 1254//1254 3545//3545 3478//3478
f 1293//1293 3478//3478 1239//1239
f 4371//4371 561//561 3479//3479
f 1587//1587 3479//3479 1588//1588
f 4323//4323 2859//2859 3530//3530
f 2738//2738 1516//1516 4112//4112
f 1517//1517 4112//4112 1516//1516
f 63//63 3842//3842 3481//3481
f 1966//1966 950//950 3482//3482
f 2739//2739 2925//2925 3523//3523
f 3135//3135 4469//4469 3483//3483
f 2250//2250 300//300 2098//2098
f 1880//1880 3484//3484 1893//1893
f 2748//2748 3485//3485 3098//3098
f 1108//1108 1094//1094 3486//3486
f 2615//2615 3486//3486 1094//1094
f 2447//2447 3488//3488 3802//3802
f 2931//2931 3052//3052 3489//3489
f 1956//1956 3489//3489 4713//4713
f 2218//2218 494//494 3490//3490
f 1952//1952 3490//3490 494//494
f 584//584 3973//3973 3491//3491
f 785//785 3491//3491 594//594
f 3470//3470 2328//2328 3492//3492
f 3156//3156 3236//3236 213//213
f 3493//3493 1625//1625 1225//1225
f 125//125 3693//3693 3494//3494
f 2872//2872 3494//3494 161//161
f 4748//4748 3495//3495 522//522
f 3495//3495 497//497 3768//3768
f 2480//2480 1240//1240 3496//3496
f 1811//1811 3496//3496 1240//1240
f 2403//2403 872//872 3497//3497
f 4483//4483 1631//1631 3498//3498
f 1630//1630 3498//3498 1631//1631
f 439//439 483//483 3499//3499
f 2218//2218 3499//3499 483//483
f 500//500 4472//4472 3500//3500
f 2539//2539 3500//3500 4472//4472
f 3135//3135 1126//1126 3501//3501
f 3501//3501 1126//1126 2467//2467
f 2007//2007 2290//2290 3502//3502
f 2691//2691 3502//3502 3895//3895
f 3262//3262 310//310 3503//3503
f 3503//3503 310//310 4262//4262
f 2803//2803 3356//3356 3505//3505
f 4346//4346 184//184 3506//3506
f 2304//2304 3506//3506 184//184
f 2459//2459 3507//3507 4529//4529
f 2890//2890 3821//3821 3508//3508
f 2260//2260 181//181 3509//3509
f 3509//3509 181//181 3661//3661
f 3178//3178 3620//3620 3510//3510
f 2765//2765 3620//3620 962//962
f 3026//3026 1326//1326 3511//3511
f 3432//3432 3511//3511 1326//1326
f 3512//3512 2698//2698 3709//3709
f 151//151 3512//3512 2345//2345
f 2924//2924 3941//3941 3847//3847
f 482//482 3559//3559 3513//3513
f 3327//3327 3513//3513 4381//4381
f 4704//4704 522//522 3514//3514
f 3514//3514 522//522 3779//3779
f 2016//2016 2543//2543 86//86
f 2671//2671 1123//1123 3538//3538
f 2634//2634 3538//3538 1123//1123
f 2826//2826 562//562 1908//1908
f 3300//3300 882//882 3515//3515
f 2248//2248 3516//3516 3490//3490
f 751//751 306//306 3290//3290
f 2604//2604 900//900 3517//3517
f 3002//3002 3517//3517 900//900
f 405//405 404//404 3518//3518
f 3027//3027 3518//3518 404//404
f 2975//2975 995//995 3519//3519
f 3762//3762 3519//3519 3590//3590
f 508//508 3520//3520 4686//4686
f 4508//4508 1325//1325 3521//3521
f 3522//3522 3969//3969 112//112
f 1556//1556 3522//3522 112//112
f 3351//3351 3806//3806 3523//3523
f 3524//3524 3398//3398 977//977
f 4607//4607 3524//3524 977//977
f 4414//4414 363//363 3525//3525
f 2429//2429 1131//1131 3526//3526
f 2142//2142 1068//1068 1878//1878
f 2968//2968 935//935 3527//3527
f 3617//3617 3528//3528 766//766
f 1210//1210 3528//3528 4081//4081
f 2448//2448 2307//2307 1199//1199
f 3514//3514 4157//4157 3529//3529
f 741//741 858//858 2403//2403
f 2661//2661 634//634 3530//3530
f 2426//2426 3530//3530 2573//2573
f 3019//3019 4421//4421 719//719
f 2011//2011 3531//3531 3475//3475
f 1914//1914 2753//2753 1277//1277
f 439//439 4299//4299 3532//3532
f 507//507 3532//3532 4438//4438
f 432//432 4609//4609 3962//3962
f 2643//2643 3535//3535 1294//1294
f 2405//2405 732//732 3279//3279
f 3515//3515 3536//3536 3552//3552
f 3520//3520 473//473 4686//4686
f 2537//2537 3537//3537 3099//3099
f 1925//1925 4309//4309 3538//3538
f 2671//2671 3538//3538 4309//4309
f 4539//4539 2041//2041 66//66
f 2801//2801 11//11 3539//3539
f 4650//4650 3539//3539 11//11
f 3610//3610 234//234 210//210
f 2686//2686 1196//1196 3060//3060
f 4133//4133 855//855 3540//3540
f 662//662 3540//3540 661//661
f 2884//2884 922//922 3541//3541
f 910//910 3541//3541 922//922
f 3542//3542 108//108 3991//3991
f 1895//1895 463//463 3543//3543
f 2587//2587 3543//3543 463//463
f 1285//1285 1268//1268 4437//4437
f 3544//3544 1268//1268 4770//4770
f 2630//2630 1089//1089 2054//2054
f 3545//3545 3471//3471 1239//1239
f 3478//3478 3545//3545 1239//1239
f 860//860 2553//2553 3546//3546
f 1934//1934 3546//3546 3497//3497
f 2185//2185 2014//2014 639//639
f 3419//3419 3660//3660 3464//3464
f 4453//4453 1358//1358 3548//3548
f 3432//3432 3548//3548 1358//1358
f 2983//2983 3756//3756 3549//3549
f 3549//3549 374//374 4284//4284
f 3550//3550 4765//4765 1042//1042
f 4760//4760 3550//3550 1042//1042
f 3495//3495 4748//4748 497//497
f 3350//3350 4738//4738 3602//3602
f 3775//3775 4738//4738 499//499
f 3536//3536 4427//4427 3552//3552
f 2931//2931 3842//3842 3052//3052
f 3661//3661 181//181 3553//3553
f 3459//3459 3553//3553 3746//3746
f 1807//1807 3230//3230 1218//1218
f 1938//1938 3554//3554 1100//1100
f 255//255 4530//4530 3555//3555
f 9//9 3555//3555 664//664
f 2311//2311 1053//1053 3378//3378
f 1932//1932 3378//3378 1053//1053
f 1948//1948 1980//1980 3556//3556
f 1971//1971 1228//1228 2034//2034
f 2139//2139 1242//1242 1188//1188
f 1243//1243 1188//1188 1242//1242
f 462//462 3341//3341 3559//3559
f 3513//3513 3559//3559 4381//4381
f 2839//2839 3560//3560 1013//1013
f 2043//2043 1864//1864 984//984
f 2142//2142 1058//1058 3561//3561
f 2050//2050 3561//3561 1058//1058
f 4635//4635 3236//3236 3156//3156
f 1865//1865 502//502 3562//3562
f 2209//2209 3562//3562 502//502
f 3564//3564 3632//3632 1433//1433
f 1421//1421 3564//3564 1433//1433
f 2095//2095 2410//2410 3565//3565
f 3528//3528 3229//3229 766//766
f 3351//3351 3566//3566 3806//3806
f 2666//2666 1202//1202 3567//3567
f 2731//2731 3567//3567 1202//1202
f 1003//1003 4504//4504 3568//3568
f 2758//2758 3568//3568 3688//3688
f 2741//2741 2389//2389 4764//4764
f 1880//1880 878//878 3569//3569
f 3345//3345 3570//3570 4145//4145
f 2271//2271 2608//2608 987//987
f 2534//2534 908//908 3571//3571
f 2247//2247 2118//2118 3572//3572
f 394//394 3572//3572 381//381
f 2695//2695 1885//1885 3573//3573
f 1885//1885 2695//2695 1269//1269
f 180//180 3181//3181 3574//3574
f 2691//2691 1237//1237 3575//3575
f 2538//2538 3575//3575 1237//1237
f 3477//3477 2132//2132 2821//2821
f 2554//2554 442//442 2859//2859
f 4675//4675 2918//2918 3576//3576
f 2831//2831 942//942 3577//3577
f 1884//1884 3577//3577 4498//4498
f 3162//3162 3273//3273 3835//3835
f 1973//1973 1437//1437 1891//1891
f 446//446 4283//4283 3579//3579
f 2446//2446 52//52 2813//2813
f 2079//2079 3314//3314 2324//2324
f 4708//4708 3554//3554 3581//3581
f 1992//1992 1258//1258 2341//2341
f 2553//2553 2110//2110 859//859
f 26//26 39//39 3583//3583
f 1945//1945 3583//3583 39//39
f 2909//2909 35//35 3584//3584
f 1886//1886 3584//3584 4066//4066
f 2266//2266 1171//1171 2077//2077
f 2195//2195 387//387 1923//1923
f 780//780 318//318 605//605
f 3428//3428 498//498 3202//3202
f 3014//3014 204//204 3585//3585
f 2560//2560 3585//3585 3409//3409
f 655//655 3242//3242 654//654
f 2744//2744 278//278 3821//3821
f 2701//2701 250//250 3586//3586
f 277//277 3586//3586 250//250
f 1903//1903 349//349 3587//3587
f 1951//1951 3587//3587 349//349
f 4480//4480 2354//2354 3588//3588
f 3208//3208 3588//3588 4104//4104
f 3305//3305 3218//3218 1104//1104
f 4690//4690 2311//2311 1065//1065
f 3447//3447 3589//3589 501//501
f 3519//3519 4144//4144 3590//3590
f 4144//4144 3519//3519 995//995
f 4446//4446 3998//3998 295//295
f 1867//1867 447//447 2027//2027
f 2380//2380 355//355 3591//3591
f 347//347 3591//3591 355//355
f 44//44 2303//2303 3592//3592
f 1659//1659 3592//3592 4368//4368
f 4064//4064 70//70 3593//3593
f 3594//3594 3206//3206 474//474
f 2838//2838 3594//3594 474//474
f 2924//2924 3040//3040 3596//3596
f 2730//2730 3596//3596 3040//3040
f 1524//1524 2696//2696 1450//1450
f 601//601 613//613 3597//3597
f 4457//4457 3598//3598 4237//4237
f 3821//3821 278//278 3599//3599
f 3599//3599 278//278 4349//4349
f 1176//1176 4056//4056 3600//3600
f 4378//4378 4056//4056 1206//1206
f 3320//3320 978//978 3601//3601
f 999//999 3601//3601 3954//3954
f 3338//3338 4724//4724 4547//4547
f 3350//3350 3602//3602 487//487
f 2021//2021 1091//1091 2206//2206
f 3307//3307 985//985 3603//3603
f 3881//3881 3603//3603 3616//3616
f 2530//2530 78//78 3604//3604
f 1857//1857 3604//3604 78//78
f 2117//2117 2622//2622 3605//3605
f 3606//3606 991//991 1024//1024
f 3811//3811 868//868 3607//3607
f 659//659 3607//3607 868//868
f 2572//2572 2834//2834 936//936
f 968//968 3829//3829 3608//3608
f 3394//3394 3608//3608 2654//2654
f 2972//2972 1040//1040 3609//3609
f 1068//1068 3609//3609 1040//1040
f 4653//4653 233//233 3610//3610
f 3155//3155 3610//3610 233//233
f 2428//2428 3611//3611 40//40
f 2149//2149 21//21 717//717
f 3542//3542 3991//3991 3215//3215
f 2738//2738 1434//1434 4736//4736
f 3461//3461 1230//1230 3766//3766
f 2904//2904 3766//3766 1230//1230
f 2646//2646 841//841 3612//3612
f 739//739 3612//3612 841//841
f 2914//2914 4681//4681 3939//3939
f 2572//2572 963//963 3613//3613
f 1601//1601 3613//3613 963//963
f 2706//2706 3369//3369 27//27
f 3242//3242 843//843 654//654
f 4714//4714 3614//3614 3586//3586
f 2254//2254 216//216 2552//2552
f 2740//2740 1428//1428 2544//2544
f 2910//2910 2310//2310 3615//3615
f 2310//2310 2910//2910 1391//1391
f 1318//1318 3891//3891 1364//1364
f 3364//3364 4135//4135 2788//2788
f 2904//2904 3271//3271 2965//2965
f 2551//2551 2965//2965 1274//1274
f 3036//3036 955//955 3616//3616
f 2863//2863 1190//1190 3617//3617
f 3528//3528 3617//3617 1190//1190
f 4093//4093 19//19 2937//2937
f 3092//3092 3565//3565 3618//3618
f 3619//3619 3885//3885 87//87
f 4605//4605 3619//3619 87//87
f 3178//3178 961//961 3620//3620
f 139//139 98//98 3972//3972
f 920//920 3621//3621 2629//2629
f 3244//3244 3622//3622 4744//4744
f 4688//4688 3623//3623 449//449
f 3055//3055 3624//3624 1261//1261
f 3625//3625 1048//1048 4203//4203
f 849//849 4006//4006 3971//3971
f 3626//3626 875//875 4113//4113
f 3316//3316 3627//3627 1405//1405
f 4771//4771 2433//2433 3628//3628
f 1212//1212 3628//3628 3025//3025
f 2196//2196 290//290 3629//3629
f 265//265 3629//3629 2908//2908
f 3325//3325 673//673 882//882
f 2033//2033 2650//2650 3630//3630
f 1891//1891 4666//4666 3632//3632
f 2856//2856 480//480 2161//2161
f 2093//2093 3672//3672 3633//3633
f 1613//1613 3633//3633 3672//3672
f 3071//3071 4731//4731 3634//3634
f 2507//2507 462//462 3635//3635
f 2439//2439 2667//2667 1328//1328
f 3048//3048 256//256 3636//3636
f 2658//2658 454//454 464//464
f 3112//3112 2760//2760 3637//3637
f 1307//1307 3637//3637 2734//2734
f 2313//2313 4415//4415 2447//2447
f 2589//2589 959//959 3639//3639
f 2301//2301 958//958 3640//3640
f 2048//2048 3640//3640 2459//2459
f 4463//4463 837//837 834//834
f 3218//3218 1078//1078 3642//3642
f 1060//1060 3642//3642 1078//1078
f 1870//1870 3644//3644 4722//4722
f 3559//3559 482//482 3635//3635
f 1263//1263 2297//2297 1278//1278
f 1873//1873 1388//1388 3645//3645
f 1986//1986 3645//3645 1388//1388
f 1572//1572 3646//3646 1573//1573
f 3314//3314 576//576 3647//3647
f 601//601 3647//3647 576//576
f 1997//1997 300//300 2452//2452
f 1763//1763 3648//3648 945//945
f 778//778 317//317 4046//4046
f 3119//3119 4046//4046 317//317
f 3961//3961 3649//3649 4747//4747
f 519//519 3427//3427 532//532
f 1855//1855 3650//3650 2145//2145
f 3438//3438 948//948 3454//3454
f 4586//4586 4731//4731 3651//3651
f 3071//3071 3651//3651 4731//4731
f 3593//3593 2940//2940 55//55
f 3652//3652 415//415 4108//4108
f 3653//3653 3441//3441 942//942
f 2831//2831 3653//3653 942//942
f 2163//2163 2848//2848 3371//3371
f 2482//2482 3371//3371 1330//1330
f 583//583 4256//4256 3951//3951
f 834//834 3654//3654 3896//3896
f 4299//4299 439//439 3655//3655
f 4645//4645 3655//3655 2379//2379
f 947//947 966//966 3656//3656
f 4142//4142 3606//3606 3656//3656
f 2180//2180 752//752 307//307
f 4607//4607 3272//3272 3657//3657
f 1603//1603 3657//3657 1604//1604
f 3658//3658 4331//4331 1204//1204
f 2037//2037 3658//3658 1204//1204
f 3437//3437 4739//4739 514//514
f 871//871 3442//3442 3660//3660
f 3553//3553 4218//4218 3661//3661
f 4054//4054 3661//3661 3990//3990
f 3362//3362 1019//1019 3662//3662
f 3243//3243 3662//3662 1019//1019
f 3663//3663 835//835 4484//4484
f 4655//4655 2970//2970 3664//3664
f 2537//2537 3664//3664 3623//3623
f 3341//3341 3984//3984 3665//3665
f 165//165 4361//4361 3666//3666
f 3236//3236 3666//3666 4151//4151
f 550//550 588//588 3667//3667
f 3503//3503 3667//3667 588//588
f 4436//4436 870//870 670//670
f 3008//3008 254//254 3668//3668
f 216//216 3668//3668 254//254
f 3669//3669 3888//3888 47//47
f 2166//2166 3669//3669 2543//2543
f 3313//3313 261//261 3391//3391
f 1456//1456 3496//3496 3670//3670
f 4643//4643 104//104 4750//4750
f 2751//2751 3671//3671 3943//3943
f 1107//1107 1119//1119 3672//3672
f 1616//1616 3672//3672 1119//1119
f 1474//1474 1116//1116 3673//3673
f 1151//1151 4362//4362 3674//3674
f 4321//4321 3694//3694 3675//3675
f 2223//2223 4420//4420 3676//3676
f 2291//2291 565//565 3677//3677
f 599//599 3677//3677 4250//4250
f 2736//2736 1281//1281 3678//3678
f 2468//2468 2478//2478 3679//3679
f 3418//3418 1017//1017 3680//3680
f 2828//2828 1277//1277 1890//1890
f 1387//1387 1400//1400 3681//3681
f 2262//2262 3681//3681 1400//1400
f 3263//3263 1014//1014 3682//3682
f 1038//1038 3682//3682 1014//1014
f 49//49 64//64 3683//3683
f 2725//2725 3683//3683 64//64
f 4242//4242 122//122 3684//3684
f 1673//1673 3684//3684 122//122
f 1993//1993 15//15 3685//3685
f 2267//2267 1351//1351 3686//3686
f 2266//2266 3090//3090 1170//1170
f 2800//2800 951//951 3687//3687
f 1343//1343 3393//3393 3689//3689
f 3689//3689 1361//1361 4412//4412
f 2235//2235 4682//4682 3690//3690
f 2262//2262 1636//1636 1637//1637
f 3552//3552 4725//4725 3183//3183
f 1605//1605 3075//3075 1009//1009
f 4657//4657 3691//3691 4073//4073
f 3692//3692 1311//1311 2570//2570
f 3494//3494 3693//3693 161//161
f 2053//2053 2037//2037 1203//1203
f 3353//3353 3150//3150 1473//1473
f 3675//3675 3694//3694 4326//4326
f 3518//3518 436//436 3702//3702
f 4716//4716 109//109 3018//3018
f 3145//3145 3695//3695 3429//3429
f 2578//2578 1986//1986 1402//1402
f 4745//4745 848//848 3696//3696
f 736//736 3696//3696 848//848
f 3096//3096 3658//3658 1205//1205
f 1991//1991 2473//2473 1011//1011
f 2357//2357 132//132 3697//3697
f 3697//3697 132//132 3324//3324
f 259//259 4446//4446 3698//3698
f 4759//4759 3698//3698 4446//4446
f 3536//3536 3515//3515 882//882
f 1466//1466 1033//1033 2791//2791
f 3680//3680 3609//3609 3699//3699
f 3203//3203 418//418 3700//3700
f 2491//2491 3700//3700 418//418
f 1579//1579 1577//1577 3701//3701
f 3703//3703 3296//3296 4492//4492
f 2047//2047 3703//3703 4492//4492
f 2234//2234 3704//3704 1039//1039
f 3072//3072 3705//3705 1426//1426
f 2829//2829 2152//2152 932//932
f 2831//2831 2894//2894 3706//3706
f 1989//1989 3706//3706 4430//4430
f 2109//2109 2190//2190 3707//3707
f 3216//3216 2928//2928 1145//1145
f 2821//2821 927//927 3816//3816
f 3078//3078 3816//3816 927//927
f 4541//4541 3708//3708 2353//2353
f 3018//3018 3709//3709 96//96
f 3323//3323 3710//3710 454//454
f 2087//2087 1782//1782 1093//1093
f 3811//3811 3872//3872 868//868
f 3711//3711 4129//4129 4225//4225
f 4633//4633 2464//2464 3712//3712
f 3534//3534 3712//3712 465//465
f 1704//1704 3713//3713 1705//1705
f 1914//1914 2106//2106 1298//1298
f 3228//3228 2834//2834 3714//3714
f 4544//4544 3714//3714 2834//2834
f 1082//1082 1101//1101 3054//3054
f 2393//2393 509//509 2342//2342
f 3715//3715 2521//2521 410//410
f 3170//3170 3715//3715 410//410
f 3447//3447 3187//3187 3716//3716
f 2950//2950 3716//3716 4573//4573
f 1940//1940 2651//2651 3717//3717
f 3310//3310 3717//3717 4406//4406
f 3845//3845 1389//1389 3718//3718
f 1380//1380 3718//3718 1389//1389
f 3226//3226 943//943 944//944
f 1989//1989 944//944 943//943
f 2978//2978 29//29 3719//3719
f 1825//1825 3720//3720 1373//1373
f 984//984 3721//3721 3582//3582
f 3665//3665 469//469 3722//3722
f 1383//1383 1411//1411 3723//3723
f 2488//2488 3368//3368 2842//2842
f 2123//2123 3724//3724 574//574
f 3778//3778 4109//4109 4740//4740
f 2170//2170 4740//4740 4109//4109
f 2434//2434 3725//3725 4502//4502
f 4662//4662 1349//1349 3726//3726
f 3726//3726 1349//1349 3955//3955
f 3336//3336 3727//3727 4043//4043
f 3603//3603 985//985 3616//3616
f 1611//1611 3244//3244 1610//1610
f 3447//3447 516//516 3728//3728
f 525//525 3728//3728 3923//3923
f 3729//3729 2879//2879 1117//1117
f 1496//1496 3729//3729 1117//1117
f 2036//2036 4694//4694 3730//3730
f 2993//2993 3730//3730 4694//4694
f 1894//1894 2016//2016 636//636
f 3179//3179 1176//1176 2331//2331
f 4766//4766 2331//2331 1176//1176
f 4614//4614 1740//1740 3732//3732
f 3525//3525 363//363 3733//3733
f 3708//3708 971//971 4086//4086
f 3711//3711 903//903 3735//3735
f 2044//2044 3736//3736 3851//3851
f 2124//2124 2853//2853 2791//2791
f 1415//1415 3737//3737 2626//2626
f 2754//2754 4547//4547 467//467
f 3310//3310 873//873 2891//2891
f 3178//3178 3735//3735 903//903
f 2737//2737 1266//1266 3738//3738
f 1952//1952 550//550 3739//3739
f 3739//3739 550//550 3667//3667
f 3060//3060 1223//1223 2365//2365
f 3688//3688 3741//3741 3740//3740
f 2162//2162 4353//4353 3175//3175
f 3625//3625 1054//1054 3741//3741
f 2868//2868 3741//3741 1054//1054
f 3428//3428 3354//3354 477//477
f 994//994 3616//3616 3742//3742
f 3418//3418 3742//3742 985//985
f 3171//3171 3145//3145 4103//4103
f 3055//3055 3045//3045 3744//3744
f 2788//2788 3744//3744 3045//3045
f 2460//2460 795//795 324//324
f 4736//4736 1514//1514 1513//1513
f 2550//2550 443//443 3745//3745
f 3354//3354 3745//3745 443//443
f 2260//2260 3746//3746 181//181
f 515//515 3913//3913 3747//3747
f 3694//3694 3747//3747 514//514
f 2810//2810 1251//1251 3748//3748
f 2699//2699 3748//3748 1251//1251
f 1142//1142 4385//4385 3750//3750
f 2476//2476 3750//3750 4385//4385
f 2498//2498 3751//3751 234//234
f 3407//3407 228//228 3752//3752
f 2040//2040 3753//3753 3529//3529
f 2083//2083 3754//3754 3024//3024
f 4112//4112 1446//1446 3757//3757
f 1439//1439 3757//3757 1446//1446
f 3704//3704 1083//1083 3758//3758
f 2423//2423 3758//3758 2438//2438
f 3507//3507 988//988 2823//2823
f 3004//3004 3491//3491 786//786
f 4750//4750 4710//4710 3760//3760
f 3346//3346 4710//4710 125//125
f 2517//2517 3739//3739 566//566
f 1759//1759 2703//2703 928//928
f 520//520 3937//3937 3761//3761
f 1906//1906 3761//3761 2594//2594
f 3359//3359 3762//3762 1018//1018
f 3962//3962 442//442 3763//3763
f 2554//2554 3763//3763 442//442
f 3299//3299 3719//3719 3764//3764
f 2914//2914 881//881 3765//3765
f 4749//4749 3766//3766 2965//2965
f 4549//4549 2051//2051 3767//3767
f 2461//2461 3767//3767 424//424
f 852//852 878//878 1893//1893
f 2894//2894 1031//1031 3769//3769
f 1019//1019 3769//3769 3975//3975
f 414//414 3770//3770 2784//2784
f 3555//3555 9//9 3771//3771
f 3015//3015 3771//3771 9//9
f 4581//4581 890//890 3772//3772
f 3430//3430 2284//2284 860//860
f 2199//2199 918//918 3773//3773
f 2653//2653 3773//3773 3133//3133
f 2654//2654 1012//1012 3774//3774
f 2729//2729 3774//3774 1012//1012
f 3202//3202 512//512 3775//3775
f 3140//3140 3775//3775 512//512
f 3776//3776 466//466 4215//4215
f 633//633 118//118 3777//3777
f 2111//2111 3777//3777 118//118
f 2019//2019 2789//2789 1059//1059
f 3509//3509 3661//3661 3768//3768
f 3495//3495 3768//3768 3779//3779
f 4271//4271 354//354 3780//3780
f 3075//3075 1605//1605 4524//4524
f 2070//2070 2087//2087 1093//1093
f 3563//3563 3580//3580 3781//3781
f 2143//2143 3781//3781 3003//3003
f 3354//3354 487//487 3338//3338
f 4154//4154 1707//1707 1706//1706
f 3402//3402 394//394 3782//3782
f 3782//3782 394//394 3787//3787
f 2868//2868 1055//1055 3783//3783
f 3740//3740 3783//3783 3297//3297
f 1016//1016 1006//1006 3784//3784
f 2944//2944 3784//3784 3074//3074
f 3143//3143 3785//3785 4095//4095
f 2926//2926 4587//4587 3786//3786
f 3075//3075 3786//3786 4587//4587
f 3362//3362 2475//2475 3769//3769
f 3326//3326 972//972 3788//3788
f 2300//2300 3788//3788 2504//2504
f 3332//3332 1430//1430 3460//3460
f 501//501 4021//4021 3789//3789
f 4281//4281 4021//4021 3500//3500
f 4549//4549 413//413 3863//3863
f 3770//3770 3863//3863 413//413
f 224//224 4497//4497 3790//3790
f 264//264 3790//3790 238//238
f 3243//3243 3466//3466 3662//3662
f 2115//2115 3662//3662 3466//3466
f 540//540 3879//3879 3791//3791
f 570//570 3791//3791 4321//4321
f 2590//2590 3792//3792 232//232
f 3226//3226 944//944 3306//3306
f 884//884 1458//1458 3006//3006
f 3666//3666 166//166 3795//3795
f 155//155 3795//3795 166//166
f 3796//3796 979//979 1010//1010
f 2861//2861 3799//3799 2811//2811
f 2931//2931 2535//2535 3800//3800
f 2031//2031 3801//3801 4050//4050
f 2228//2228 2495//2495 2387//2387
f 3621//3621 4086//4086 2629//2629
f 1250//1250 3802//3802 1282//1282
f 4683//4683 941//941 3123//3123
f 3192//3192 946//946 3803//3803
f 964//964 3803//3803 3320//3320
f 3149//3149 168//168 3804//3804
f 3303//3303 4496//4496 1958//1958
f 1182//1182 4677//4677 3805//3805
f 4009//4009 225//225 3806//3806
f 3523//3523 3806//3806 4051//4051
f 1381//1381 2854//2854 3807//3807
f 3807//3807 1380//1380 1389//1389
f 2061//2061 804//804 3410//3410
f 2893//2893 1267//1267 3808//3808
f 3697//3697 174//174 3809//3809
f 3183//3183 940//940 3810//3810
f 2871//2871 3810//3810 940//940
f 3811//3811 4366//4366 4129//4129
f 3711//3711 3811//3811 4129//4129
f 603//603 616//616 3812//3812
f 4305//4305 3812//3812 616//616
f 2950//2950 479//479 3813//3813
f 4755//4755 3813//3813 479//479
f 1190//1190 3995//3995 3814//3814
f 3814//3814 1209//1209 3964//3964
f 1409//1409 4094//4094 3815//3815
f 3531//3531 3815//3815 1424//1424
f 3057//3057 3816//3816 913//913
f 2108//2108 4052//4052 3817//3817
f 78//78 3817//3817 2294//2294
f 3339//3339 1176//1176 4241//4241
f 3179//3179 4241//4241 1176//1176
f 3818//3818 4426//4426 4206//4206
f 2803//2803 1177//1177 3819//3819
f 3278//3278 3819//3819 1177//1177
f 2099//2099 2390//2390 3283//3283
f 180//180 3820//3820 162//162
f 3602//3602 4738//4738 3551//3551
f 4739//4739 467//467 3602//3602
f 790//790 1795//1795 1794//1794
f 3173//3173 2561//2561 387//387
f 3508//3508 3821//3821 289//289
f 3822//3822 4307//4307 1245//1245
f 1215//1215 1214//1214 3823//3823
f 2943//2943 3823//3823 1214//1214
f 4186//4186 1156//1156 3824//3824
f 786//786 3824//3824 1156//1156
f 3622//3622 3851//3851 3825//3825
f 1064//1064 3825//3825 3736//3736
f 2805//2805 1228//1228 3826//3826
f 1271//1271 3826//3826 1228//1228
f 956//956 3897//3897 3960//3960
f 3827//3827 974//974 4429//4429
f 3526//3526 1140//1140 3828//3828
f 744//744 3828//3828 839//839
f 968//968 3557//3557 3829//3829
f 2261//2261 3829//3829 3557//3557
f 2579//2579 535//535 3830//3830
f 2177//2177 3830//3830 535//535
f 2059//2059 926//926 3831//3831
f 1460//1460 3831//3831 926//926
f 2168//2168 2391//2391 1038//1038
f 2131//2131 2619//2619 1313//1313
f 3427//3427 518//518 3832//3832
f 3832//3832 518//518 3220//3220
f 3833//3833 3764//3764 4136//4136
f 4685//4685 3735//3735 3510//3510
f 3718//3718 4762//4762 3845//3845
f 2732//2732 3108//3108 3834//3834
f 2952//2952 3834//3834 683//683
f 3598//3598 4467//4467 2172//2172
f 3423//3423 1408//1408 3835//3835
f 3162//3162 3835//3835 1408//1408
f 3078//3078 960//960 3836//3836
f 2981//2981 3079//3079 3837//3837
f 2643//2643 3837//3837 1274//1274
f 3776//3776 477//477 3866//3866
f 3354//3354 3866//3866 477//477
f 4317//4317 301//301 3838//3838
f 1997//1997 3838//3838 301//301
f 1856//1856 400//400 3839//3839
f 2497//2497 3839//3839 400//400
f 4750//4750 3760//3760 3840//3840
f 91//91 3840//3840 3389//3389
f 3130//3130 4468//4468 3093//3093
f 1916//1916 577//577 3841//3841
f 3593//3593 70//70 3842//3842
f 3052//3052 3842//3842 70//70
f 756//756 3843//3843 4382//4382
f 2036//2036 2105//2105 4694//4694
f 4250//4250 4300//4300 3844//3844
f 4300//4300 4455//4455 3844//3844
f 1409//1409 3845//3845 1403//1403
f 3675//3675 569//569 3846//3846
f 3346//3346 162//162 3847//3847
f 3820//3820 3847//3847 162//162
f 862//862 874//874 3848//3848
f 893//893 3848//3848 3912//3912
f 2736//2736 3342//3342 1281//1281
f 3849//3849 3562//3562 557//557
f 2045//2045 3849//3849 4005//4005
f 2247//2247 365//365 3850//3850
f 376//376 3850//3850 365//365
f 3244//3244 1086//1086 3851//3851
f 4515//4515 3851//3851 1086//1086
f 2778//2778 939//939 3852//3852
f 153//153 196//196 3853//3853
f 2947//2947 3803//3803 3854//3854
f 3171//3171 3292//3292 929//929
f 4757//4757 730//730 2412//2412
f 3855//3855 4244//4244 4305//4305
f 315//315 3855//3855 4305//4305
f 2182//2182 3856//3856 541//541
f 3292//3292 2989//2989 3412//3412
f 3214//3214 3412//3412 2989//2989
f 1016//1016 4187//4187 3857//3857
f 1980//1980 3857//3857 4187//4187
f 3775//3775 513//513 3551//3551
f 3446//3446 3551//3551 513//513
f 2049//2049 4660//4660 3858//3858
f 2849//2849 3858//3858 4660//4660
f 3417//3417 2837//2837 4327//4327
f 1532//1532 1445//1445 1531//1531
f 277//277 3279//3279 738//738
f 3603//3603 954//954 3859//3859
f 4202//4202 3859//3859 954//954
f 3357//3357 3469//3469 3860//3860
f 2482//2482 3204//3204 3861//3861
f 2326//2326 3349//3349 2338//2338
f 2173//2173 1334//1334 3862//3862
f 1383//1383 3862//3862 2181//2181
f 3071//3071 3634//3634 3863//3863
f 2227//2227 32//32 2623//2623
f 2833//2833 426//426 3864//3864
f 3865//3865 4226//4226 1071//1071
f 1875//1875 27//27 3369//3369
f 2819//2819 1733//1733 1732//1732
f 3652//3652 466//466 3866//3866
f 3776//3776 3866//3866 466//466
f 3867//3867 4110//4110 887//887
f 2524//2524 3867//3867 887//887
f 3233//3233 157//157 3868//3868
f 4703//4703 590//590 3869//3869
f 258//258 257//257 2849//2849
f 2699//2699 1301//1301 3870//3870
f 2010//2010 3870//3870 1301//1301
f 4628//4628 1062//1062 3871//3871
f 3039//3039 3871//3871 1062//1062
f 4695//4695 868//868 3872//3872
f 3711//3711 3872//3872 3811//3811
f 1195//1195 1216//1216 3873//3873
f 3061//3061 3873//3873 1216//1216
f 967//967 1000//1000 3874//3874
f 2081//2081 3874//3874 1000//1000
f 2685//2685 1163//1163 2640//2640
f 2984//2984 2488//2488 3875//3875
f 2488//2488 2984//2984 877//877
f 4645//4645 3876//3876 429//429
f 3428//3428 3350//3350 3354//3354
f 2443//2443 2652//2652 2059//2059
f 3031//3031 3375//3375 3877//3877
f 1511//1511 2693//2693 3882//3882
f 3122//3122 303//303 3878//3878
f 2557//2557 2437//2437 260//260
f 2854//2854 2267//2267 1350//1350
f 1883//1883 4673//4673 2974//2974
f 2313//2313 2974//2974 4415//4415
f 3791//3791 3879//3879 4321//4321
f 4691//4691 3880//3880 2289//2289
f 779//779 4682//4682 792//792
f 2323//2323 869//869 663//663
f 1987//1987 3505//3505 3356//3356
f 3410//3410 2129//2129 330//330
f 3603//3603 3881//3881 954//954
f 2321//2321 1363//1363 2091//2091
f 834//834 607//607 3654//3654
f 2293//2293 1530//1530 3882//3882
f 1529//1529 3882//3882 1530//1530
f 3315//3315 418//418 3883//3883
f 3203//3203 3883//3883 418//418
f 2233//2233 517//517 2373//2373
f 4494//4494 871//871 3884//3884
f 3660//3660 3884//3884 871//871
f 2786//2786 2520//2520 3118//3118
f 1928//1928 87//87 3885//3885
f 2976//2976 3885//3885 3619//3619
f 1915//1915 3560//3560 1004//1004
f 2144//2144 1076//1076 1878//1878
f 2921//2921 3445//3445 3886//3886
f 503//503 3886//3886 4163//4163
f 3044//3044 1396//1396 3887//3887
f 3275//3275 3481//3481 3888//3888
f 2931//2931 3888//3888 3842//3842
f 3805//3805 1201//1201 2533//2533
f 2868//2868 2988//2988 1074//1074
f 3388//3388 2963//2963 88//88
f 2134//2134 641//641 2923//2923
f 3532//3532 507//507 3889//3889
f 2897//2897 3889//3889 507//507
f 3147//3147 3792//3792 4257//4257
f 2303//2303 50//50 3890//3890
f 2976//2976 3890//3890 50//50
f 2766//2766 3601//3601 999//999
f 3360//3360 1364//1364 3891//3891
f 2763//2763 3076//3076 3892//3892
f 2083//2083 3892//3892 336//336
f 3011//3011 3253//3253 2894//2894
f 3894//3894 4488//4488 596//596
f 4184//4184 3724//3724 3894//3894
f 3080//3080 1435//1435 4451//4451
f 3480//3480 4451//4451 1435//1435
f 3169//3169 3134//3134 521//521
f 793//793 3004//3004 786//786
f 2631//2631 1237//1237 3895//3895
f 2691//2691 3895//3895 1237//1237
f 2210//2210 1313//1313 2010//2010
f 3896//3896 4256//4256 606//606
f 3073//3073 3896//3896 606//606
f 2153//2153 2526//2526 3566//3566
f 3827//3827 3897//3897 974//974
f 2268//2268 146//146 2591//2591
f 2398//2398 3974//3974 1931//1931
f 3776//3776 4763//4763 3643//3643
f 1814//1814 2664//2664 1815//1815
f 2675//2675 854//854 660//660
f 1984//1984 2183//2183 4121//4121
f 3185//3185 48//48 3898//3898
f 627//627 3898//3898 4345//4345
f 523//523 541//541 3899//3899
f 542//542 3899//3899 3856//3856
f 2260//2260 497//497 3900//3900
f 4748//4748 3900//3900 497//497
f 1029//1029 3901//3901 3704//3704
f 3469//3469 120//120 3902//3902
f 3902//3902 120//120 4067//4067
f 3903//3903 3798//3798 308//308
f 2025//2025 4572//4572 2873//2873
f 2657//2657 2772//2772 3904//3904
f 1038//1038 1039//1039 3905//3905
f 3901//3901 3905//3905 1039//1039
f 2139//2139 1220//1220 3906//3906
f 3907//3907 3000//3000 1213//1213
f 2640//2640 3907//3907 3172//3172
f 3214//3214 2989//2989 3908//3908
f 930//930 3908//3908 2989//2989
f 2742//2742 3909//3909 4166//4166
f 2673//2673 880//880 854//854
f 688//688 854//854 880//880
f 2864//2864 3910//3910 982//982
f 2998//2998 800//800 799//799
f 471//471 4531//4531 493//493
f 3278//3278 1177//1177 3911//3911
f 3793//3793 3911//3911 1177//1177
f 2683//2683 388//388 2200//2200
f 3465//3465 918//918 3912//3912
f 893//893 3912//3912 918//918
f 3747//3747 3913//3913 514//514
f 768//768 767//767 3229//3229
f 3804//3804 4076//4076 3914//3914
f 252//252 3914//3914 4295//4295
f 167//167 4533//4533 3915//3915
f 4679//4679 891//891 3916//3916
f 1921//1921 3916//3916 891//891
f 3139//3139 2286//2286 3573//3573
f 3917//3917 3463//3463 83//83
f 2912//2912 3917//3917 83//83
f 3390//3390 344//344 2242//2242
f 1957//1957 2302//2302 3918//3918
f 2643//2643 3918//3918 3436//3436
f 3537//3537 3886//3886 503//503
f 2075//2075 3782//3782 421//421
f 519//519 532//532 3919//3919
f 3919//3919 532//532 4303//4303
f 3358//3358 1752//1752 4558//4558
f 1752//1752 3358//3358 1753//1753
f 2183//2183 3038//3038 3920//3920
f 3924//3924 1173//1173 3921//3921
f 1946//1946 3921//3921 1173//1173
f 3316//3316 3224//3224 3922//3922
f 2525//2525 373//373 2851//2851
f 3780//3780 2851//2851 373//373
f 3728//3728 516//516 3923//3923
f 3923//3923 516//516 3558//3558
f 1148//1148 1172//1172 3924//3924
f 2479//2479 3924//3924 1172//1172
f 2897//2897 494//494 3925//3925
f 2218//2218 3925//3925 494//494
f 4507//4507 129//129 3926//3926
f 179//179 3926//3926 4139//4139
f 3642//3642 1085//1085 3218//3218
f 1321//1321 1353//1353 3927//3927
f 1366//1366 3927//3927 3373//3373
f 2263//2263 2989//2989 3292//3292
f 428//428 4459//4459 3928//3928
f 4017//4017 4459//4459 453//453
f 461//461 2934//2934 506//506
f 2895//2895 2900//2900 3929//3929
f 2714//2714 2900//2900 212//212
f 3445//3445 3638//3638 3930//3930
f 529//529 3930//3930 4019//4019
f 3897//3897 3931//3931 4537//4537
f 2394//2394 274//274 2669//2669
f 3590//3590 1030//1030 3533//3533
f 3266//3266 3219//3219 144//144
f 2798//2798 3035//3035 3933//3933
f 817//817 3933//3933 335//335
f 2286//2286 1257//1257 3934//3934
f 2731//2731 3934//3934 1257//1257
f 3313//3313 262//262 3935//3935
f 3253//3253 3936//3936 4178//4178
f 493//493 4088//4088 3937//3937
f 3333//3333 3937//3937 482//482
f 3178//3178 3938//3938 961//961
f 3145//3145 929//929 3939//3939
f 2914//2914 3939//3939 929//929
f 1052//1052 2746//2746 1065//1065
f 319//319 3940//3940 4718//4718
f 3346//3346 3847//3847 3941//3941
f 3283//3283 90//90 3942//3942
f 3565//3565 468//468 3618//3618
f 2532//2532 1193//1193 2567//2567
f 1999//1999 3305//3305 1104//1104
f 1165//1165 777//777 778//778
f 2706//2706 63//63 36//36
f 2348//2348 1184//1184 3943//3943
f 2545//2545 3943//3943 1184//1184
f 2978//2978 30//30 3944//3944
f 701//701 3944//3944 700//700
f 509//509 4285//4285 3945//3945
f 3169//3169 3945//3945 3134//3134
f 2755//2755 2315//2315 392//392
f 836//836 2431//2431 3869//3869
f 2742//2742 4166//4166 3946//3946
f 268//268 10//10 3947//3947
f 3901//3901 1029//1029 3948//3948
f 1336//1336 3948//3948 1029//1029
f 3592//3592 2303//2303 73//73
f 2140//2140 1120//1120 3949//3949
f 2413//2413 3949//3949 1120//1120
f 1336//1336 1335//1335 2408//2408
f 3207//3207 1169//1169 1157//1157
f 2307//2307 1157//1157 1169//1169
f 3950//3950 4000//4000 1158//1158
f 558//558 4324//4324 4169//4169
f 3951//3951 4256//4256 3654//3654
f 3316//3316 3707//3707 1411//1411
f 4639//4639 3952//3952 3686//3686
f 1944//1944 361//361 3953//3953
f 2002//2002 3953//3953 361//361
f 3601//3601 978//978 3954//3954
f 4601//4601 3954//3954 978//978
f 788//788 2564//2564 618//618
f 4605//4605 622//622 2100//2100
f 4546//4546 3718//3718 3955//3955
f 4728//4728 3956//3956 3874//3874
f 3462//3462 3957//3957 376//376
f 2666//2666 1203//1203 3958//3958
f 1204//1204 3958//3958 1203//1203
f 3960//3960 4137//4137 995//995
f 2975//2975 3960//3960 995//995
f 2249//2249 1444//1444 3961//3961
f 1973//1973 3961//3961 1444//1444
f 2942//2942 270//270 2135//2135
f 3081//3081 3962//3962 3534//3534
f 4687//4687 3963//3963 4085//4085
f 3193//3193 1116//1116 1494//1494
f 671//671 12//12 295//295
f 867//867 843//843 4185//4185
f 3364//3364 1230//1230 3964//3964
f 3814//3814 3964//3964 3461//3461
f 3436//3436 4340//4340 3965//3965
f 3558//3558 4281//4281 543//543
f 3408//3408 3537//3537 503//503
f 4460//4460 2981//2981 2378//2378
f 2677//2677 1868//1868 3966//3966
f 1868//1868 2677//2677 182//182
f 195//195 234//234 3967//3967
f 3751//3751 3967//3967 234//234
f 4636//4636 1619//1619 3968//3968
f 1617//1617 3968//3968 1619//1619
f 3684//3684 112//112 3969//3969
f 4751//4751 3969//3969 3522//3522
f 3362//3362 3769//3769 1019//1019
f 2377//2377 137//137 3970//3970
f 153//153 3970//3970 137//137
f 4032//4032 3916//3916 856//856
f 2804//2804 2519//2519 4114//4114
f 3626//3626 876//876 3971//3971
f 877//877 3971//3971 876//876
f 3491//3491 3973//3973 594//594
f 1968//1968 920//920 3974//3974
f 931//931 3974//3974 920//920
f 3769//3769 1031//1031 3975//3975
f 1043//1043 3975//3975 4178//4178
f 2583//2583 575//575 3148//3148
f 3976//3976 3636//3636 283//283
f 4555//4555 4235//4235 3977//3977
f 1872//1872 3977//3977 4235//4235
f 3006//3006 1458//1458 3978//3978
f 941//941 3978//3978 1458//1458
f 2347//2347 454//454 3710//3710
f 2547//2547 3084//3084 246//246
f 355//355 4383//4383 3979//3979
f 3428//3428 3643//3643 498//498
f 370//370 3754//3754 352//352
f 3448//3448 2927//2927 3981//3981
f 3780//3780 3981//3981 2927//2927
f 3787//3787 428//428 3984//3984
f 3928//3928 3984//3984 428//428
f 2490//2490 4221//4221 2657//2657
f 1578//1578 3365//3365 4512//4512
f 180//180 193//193 3986//3986
f 3792//3792 3986//3986 193//193
f 3149//3149 200//200 3987//3987
f 4746//4746 3987//3987 200//200
f 2888//2888 4723//4723 3988//3988
f 2422//2422 3988//3988 1265//1265
f 2455//2455 176//176 3989//3989
f 2282//2282 3989//3989 176//176
f 3661//3661 4218//4218 3990//3990
f 4192//4192 4098//4098 3992//3992
f 2410//2410 3992//3992 4098//4098
f 2143//2143 1189//1189 3089//3089
f 160//160 190//190 3993//3993
f 1879//1879 3993//3993 190//190
f 2703//2703 3010//3010 3994//3994
f 3041//3041 3994//3994 978//978
f 2486//2486 2216//2216 4449//4449
f 3995//3995 3911//3911 1209//1209
f 3814//3814 3995//3995 1209//1209
f 3124//3124 3531//3531 1424//1424
f 884//884 4406//4406 3996//3996
f 2651//2651 3996//3996 4406//4406
f 3521//3521 1339//1339 3548//3548
f 2575//2575 1394//1394 3997//3997
f 2875//2875 492//492 3722//3722
f 2905//2905 2838//2838 495//495
f 3179//3179 1138//1138 3009//3009
f 814//814 333//333 2432//2432
f 886//886 898//898 3999//3999
f 3999//3999 898//898 4287//4287
f 1151//1151 759//759 1137//1137
f 2466//2466 136//136 2690//2690
f 3222//3222 1200//1200 4000//4000
f 1797//1797 4000//4000 1200//1200
f 93//93 4001//4001 4509//4509
f 4054//4054 3990//3990 4002//4002
f 4003//4003 551//551 568//568
f 2598//2598 4003//4003 568//568
f 1861//1861 1930//1930 1428//1428
f 4723//4723 1302//1302 4004//4004
f 3901//3901 1039//1039 3704//3704
f 4648//4648 426//426 3231//3231
f 2833//2833 3231//3231 426//426
f 2887//2887 119//119 2350//2350
f 4005//4005 3849//3849 557//557
f 2866//2866 4005//4005 4659//4659
f 3209//3209 4103//4103 3429//3429
f 3145//3145 3429//3429 4103//4103
f 4006//4006 4030//4030 875//875
f 3626//3626 4006//4006 875//875
f 2928//2928 1146//1146 745//745
f 3096//3096 4007//4007 1160//1160
f 2852//2852 1236//1236 4008//4008
f 4697//4697 4008//4008 1236//1236
f 3472//3472 2967//2967 425//425
f 239//239 225//225 4009//4009
f 2281//2281 1442//1442 4010//4010
f 1443//1443 4010//4010 1442//1442
f 629//629 544//544 3268//3268
f 4011//4011 4124//4124 110//110
f 3618//3618 468//468 4021//4021
f 4013//4013 2314//2314 1341//1341
f 2996//2996 4013//4013 1341//1341
f 3143//3143 3913//3913 515//515
f 2277//2277 3352//3352 4014//4014
f 3352//3352 2277//2277 1053//1053
f 3294//3294 1296//1296 2229//2229
f 3164//3164 1067//1067 2211//2211
f 2440//2440 4507//4507 3319//3319
f 3550//3550 3359//3359 1018//1018
f 2212//2212 1330//1330 4638//4638
f 1870//1870 4722//4722 2393//2393
f 2809//2809 2438//2438 4640//4640
f 2072//2072 1401//1401 2239//2239
f 3684//3684 1673//1673 1672//1672
f 3176//3176 2386//2386 1097//1097
f 2320//2320 1874//1874 3874//3874
f 2887//2887 120//120 4015//4015
f 3469//3469 4015//4015 120//120
f 3346//3346 3494//3494 162//162
f 4016//4016 3307//3307 3859//3859
f 1887//1887 3281//3281 38//38
f 461//461 469//469 4017//4017
f 3928//3928 4017//4017 3665//3665
f 3316//3316 1411//1411 3224//3224
f 2502//2502 3224//3224 1411//1411
f 3780//3780 354//354 3909//3909
f 2936//2936 1390//1390 4018//4018
f 1899//1899 4018//4018 1390//1390
f 2266//2266 1170//1170 2273//2273
f 3323//3323 3644//3644 3301//3301
f 2773//2773 3855//3855 321//321
f 3190//3190 101//101 2509//2509
f 1505//1505 1450//1450 4243//4243
f 3300//3300 873//873 4020//4020
f 883//883 4020//4020 3310//3310
f 4012//4012 3500//3500 4021//4021
f 3789//3789 4021//4021 4281//4281
f 4361//4361 154//154 4022//4022
f 3969//3969 4649//4649 3684//3684
f 2996//2996 3026//3026 1370//1370
f 3315//3315 3691//3691 371//371
f 3536//3536 4023//4023 4427//4427
f 2102//2102 1024//1024 4024//4024
f 3906//3906 3826//3826 4025//4025
f 673//673 3536//3536 882//882
f 3448//3448 3909//3909 4026//4026
f 2110//2110 845//845 4027//4027
f 734//734 4027//4027 845//845
f 2978//2978 3719//3719 4028//4028
f 3037//3037 345//345 4029//4029
f 4422//4422 4029//4029 2121//2121
f 2833//2833 427//427 2491//2491
f 983//983 4590//4590 4350//4350
f 3560//3560 4350//4350 1013//1013
f 3232//3232 2817//2817 4030//4030
f 2470//2470 4030//4030 2817//2817
f 4761//4761 1435//1435 4031//4031
f 3080//3080 4031//4031 1435//1435
f 2783//2783 2903//2903 452//452
f 2154//2154 1015//1015 4034//4034
f 1336//1336 4034//4034 3948//3948
f 3496//3496 1456//1456 2480//2480
f 4035//4035 4136//4136 59//59
f 4732//4732 4035//4035 59//59
f 3361//3361 3696//3696 643//643
f 2403//2403 859//859 741//741
f 2820//2820 97//97 4036//4036
f 273//273 4037//4037 4272//4272
f 3840//3840 3942//3942 90//90
f 3022//3022 4038//4038 1279//1279
f 2031//2031 4050//4050 2715//2715
f 2990//2990 1265//1265 4039//4039
f 3405//3405 220//220 4040//4040
f 185//185 4040//4040 220//220
f 3106//3106 3166//3166 4041//4041
f 408//408 4041//4041 383//383
f 995//995 4137//4137 986//986
f 4707//4707 2670//2670 4042//4042
f 2452//2452 4042//4042 456//456
f 3493//3493 1463//1463 2642//2642
f 1016//1016 3784//3784 4043//4043
f 3336//3336 4043//4043 3784//3784
f 2910//2910 3965//3965 1352//1352
f 2606//2606 1273//1273 4044//4044
f 1307//1307 4044//4044 4478//4478
f 2186//2186 1907//1907 1047//1047
f 3198//3198 3280//3280 485//485
f 3942//3942 91//91 4045//4045
f 67//67 4045//4045 91//91
f 2958//2958 941//941 3195//3195
f 2529//2529 316//316 4046//4046
f 778//778 4046//4046 316//316
f 3095//3095 2492//2492 103//103
f 2562//2562 4209//4209 4047//4047
f 1061//1061 4047//4047 4209//4209
f 4048//4048 4518//4518 4356//4356
f 3334//3334 356//356 3083//3083
f 1881//1881 2693//2693 1445//1445
f 2436//2436 2939//2939 4049//4049
f 953//953 4049//4049 4629//4629
f 3801//3801 2357//2357 4050//4050
f 2357//2357 3801//3801 126//126
f 4051//4051 3806//3806 225//225
f 2739//2739 4051//4051 280//280
f 4432//4432 4052//4052 4001//4001
f 2737//2737 2893//2893 1238//1238
f 2817//2817 848//848 4053//4053
f 4745//4745 4053//4053 848//848
f 4002//4002 4157//4157 4054//4054
f 3779//3779 4054//4054 4157//4157
f 1415//1415 1414//1414 4055//4055
f 1443//1443 4055//4055 1414//1414
f 2979//2979 2795//2795 1207//1207
f 3339//3339 1206//1206 4056//4056
f 3600//3600 4056//4056 4378//4378
f 2343//2343 3673//3673 1116//1116
f 3008//3008 2458//2458 202//202
f 2718//2718 1034//1034 4057//4057
f 1061//1061 4057//4057 1034//1034
f 2467//2467 1938//1938 1094//1094
f 2263//2263 947//947 4058//4058
f 3656//3656 4058//4058 947//947
f 2495//2495 1194//1194 3255//3255
f 4059//4059 2872//2872 161//161
f 3208//3208 4059//4059 161//161
f 2536//2536 1392//1392 2052//2052
f 1317//1317 1319//1319 4060//4060
f 3795//3795 4061//4061 165//165
f 2538//2538 1237//1237 4062//4062
f 2781//2781 4062//4062 1237//1237
f 2706//2706 46//46 2940//2940
f 2898//2898 4702//4702 4063//4063
f 372//372 3850//3850 376//376
f 3593//3593 55//55 4064//4064
f 3826//3826 4532//4532 1288//1288
f 2008//2008 340//340 3893//3893
f 2527//2527 219//219 2346//2346
f 3689//3689 4065//4065 1343//1343
f 2733//2733 1368//1368 1911//1911
f 1981//1981 4387//4387 4066//4066
f 1886//1886 4066//4066 1963//1963
f 2466//2466 137//137 4067//4067
f 3902//3902 4067//4067 137//137
f 4068//4068 3819//3819 2863//2863
f 4068//4068 2863//2863 763//763
f 3559//3559 3341//3341 4381//4381
f 2595//2595 948//948 4069//4069
f 3438//3438 4069//4069 948//948
f 2720//2720 578//578 3070//3070
f 2450//2450 1462//1462 4070//4070
f 1892//1892 4070//4070 3269//3269
f 4071//4071 4540//4540 147//147
f 173//173 4071//4071 147//147
f 4072//4072 4247//4247 1169//1169
f 3207//3207 4072//4072 1169//1169
f 3203//3203 4073//4073 3883//3883
f 4002//4002 3990//3990 3967//3967
f 2349//2349 2509//2509 4074//4074
f 2977//2977 4074//4074 89//89
f 2767//2767 2313//2313 1234//1234
f 3999//3999 911//911 4075//4075
f 3226//3226 4075//4075 4084//4084
f 3626//3626 896//896 3368//3368
f 3915//3915 4533//4533 4076//4076
f 3793//3793 4135//4135 4077//4077
f 3364//3364 4077//4077 4135//4135
f 3001//3001 1381//1381 2707//2707
f 684//684 683//683 3087//3087
f 249//249 276//276 4078//4078
f 2405//2405 4078//4078 276//276
f 3951//3951 3654//3654 607//607
f 2845//2845 3235//3235 44//44
f 2895//2895 3929//3929 4079//4079
f 4080//4080 2453//2453 183//183
f 2723//2723 4080//4080 183//183
f 3528//3528 1190//1190 4081//4081
f 3814//3814 4081//4081 1190//1190
f 598//598 2819//2819 745//745
f 826//826 831//831 4082//4082
f 2418//2418 4082//4082 2432//2432
f 830//830 2541//2541 2637//2637
f 3448//3448 3893//3893 340//340
f 2108//2108 4616//4616 4052//4052
f 4001//4001 4052//4052 4509//4509
f 380//380 4613//4613 4083//4083
f 1592//1592 380//380 406//406
f 3653//3653 943//943 4084//4084
f 3226//3226 4084//4084 943//943
f 2628//2628 1256//1256 2371//2371
f 1307//1307 1349//1349 4085//4085
f 3621//3621 4267//4267 4086//4086
f 3708//3708 4086//4086 4267//4267
f 1377//1377 1407//1407 4087//4087
f 2774//2774 4087//4087 1407//1407
f 470//470 3635//3635 4088//4088
f 3937//3937 4088//4088 482//482
f 2322//2322 35//35 4089//4089
f 2909//2909 4089//4089 35//35
f 3809//3809 4218//4218 3553//3553
f 3440//3440 356//356 2802//2802
f 3054//3054 1095//1095 2175//2175
f 1537//1537 2281//2281 1536//1536
f 4090//4090 4360//4360 505//505
f 2826//2826 4090//4090 505//505
f 2018//2018 1254//1254 4091//4091
f 3478//3478 4091//4091 1254//1254
f 4092//4092 3383//3383 1241//1241
f 2756//2756 4092//4092 1241//1241
f 4088//4088 4531//4531 470//470
f 712//712 4093//4093 714//714
f 2194//2194 3082//3082 1082//1082
f 3815//3815 4094//4094 1424//1424
f 500//500 4095//4095 489//489
f 3702//3702 1709//1709 4155//4155
f 1708//1708 4155//4155 1709//1709
f 3109//3109 1947//1947 296//296
f 2187//2187 446//446 4096//4096
f 2856//2856 4096//4096 446//446
f 2298//2298 1154//1154 4097//4097
f 4527//4527 468//468 4098//4098
f 3565//3565 4098//4098 468//468
f 835//835 4072//4072 3207//3207
f 2362//2362 440//440 2279//2279
f 2916//2916 1022//1022 4099//4099
f 2588//2588 4099//4099 1022//1022
f 3385//3385 4100//4100 16//16
f 2264//2264 2552//2552 4101//4101
f 3555//3555 4101//4101 255//255
f 3501//3501 2467//2467 1094//1094
f 4714//4714 2700//2700 4102//4102
f 2744//2744 4102//4102 278//278
f 3789//3789 516//516 3447//3447
f 3259//3259 3836//3836 960//960
f 3209//3209 4520//4520 4103//4103
f 3980//3980 4103//4103 4520//4520
f 4613//4613 380//380 1592//1592
f 171//171 172//172 4104//4104
f 3208//3208 4104//4104 172//172
f 3514//3514 3779//3779 4157//4157
f 4746//4746 239//239 4009//4009
f 2718//2718 2991//2991 1021//1021
f 2077//2077 2285//2285 4105//4105
f 3103//3103 4105//4105 1219//1219
f 2192//2192 156//156 3233//3233
f 2496//2496 2302//2302 1320//1320
f 4106//4106 3240//3240 2906//2906
f 1508//1508 4106//4106 4556//4556
f 1904//1904 1232//1232 2901//2901
f 2801//2801 4158//4158 4107//4107
f 593//593 318//318 3073//3073
f 3652//3652 4108//4108 466//466
f 732//732 737//737 3279//3279
f 3778//3778 1409//1409 4109//4109
f 3815//3815 4109//4109 1409//1409
f 2604//2604 887//887 4110//4110
f 2899//2899 4110//4110 3867//3867
f 2794//2794 3041//3041 4111//4111
f 2787//2787 4111//4111 946//946
f 4112//4112 4174//4174 1438//1438
f 3270//3270 3529//3529 4037//4037
f 3626//3626 4113//4113 896//896
f 1890//1890 2442//2442 1212//1212
f 2519//2519 568//568 4114//4114
f 1936//1936 4114//4114 568//568
f 2448//2448 1254//1254 2018//2018
f 3938//3938 4115//4115 914//914
f 3291//3291 2524//2524 901//901
f 1191//1191 1153//1153 3229//3229
f 4116//4116 4179//4179 540//540
f 2660//2660 4116//4116 540//540
f 741//741 2451//2451 284//284
f 2409//2409 1447//1447 4117//4117
f 1522//1522 4117//4117 1447//1447
f 2641//2641 1432//1432 4118//4118
f 1344//1344 4065//4065 1345//1345
f 3365//3365 1578//1578 2622//2622
f 2101//2101 223//223 4119//4119
f 3349//3349 4119//4119 223//223
f 768//768 2445//2445 767//767
f 2820//2820 2681//2681 119//119
f 567//567 600//600 4120//4120
f 2870//2870 4120//4120 600//600
f 2464//2464 431//431 4121//4121
f 3198//3198 4121//4121 431//431
f 693//693 11//11 4107//4107
f 4377//4377 1406//1406 4122//4122
f 2215//2215 4122//4122 1406//1406
f 4768//4768 421//421 3984//3984
f 4123//4123 2457//2457 3908//3908
f 930//930 4123//4123 3908//3908
f 1179//1179 1949//1949 1214//1214
f 4124//4124 3860//3860 110//110
f 3091//3091 4124//4124 4011//4011
f 739//739 3508//3508 289//289
f 3124//3124 1434//1434 2738//2738
f 1882//1882 2656//2656 2411//2411
f 3628//3628 2433//2433 3025//3025
f 3318//3318 2052//2052 1392//1392
f 4125//4125 3153//3153 236//236
f 2739//2739 280//280 3329//3329
f 3185//3185 36//36 3275//3275
f 2515//2515 3386//3386 976//976
f 4020//4020 873//873 3310//3310
f 1875//1875 2149//2149 4126//4126
f 2358//2358 4126//4126 3136//3136
f 2518//2518 2576//2576 1253//1253
f 3259//3259 3938//3938 914//914
f 3742//3742 993//993 4127//4127
f 1007//1007 4127//4127 993//993
f 338//338 345//345 4128//4128
f 3037//3037 4128//4128 345//345
f 4129//4129 853//853 4617//4617
f 2091//2091 4534//4534 2624//2624
f 2114//2114 2618//2618 1008//1008
f 4570//4570 538//538 4130//4130
f 2079//2079 4130//4130 538//538
f 4455//4455 533//533 4131//4131
f 3327//3327 4131//4131 533//533
f 2794//2794 4111//4111 4132//4132
f 3227//3227 4132//4132 4111//4111
f 3032//3032 2570//2570 1310//1310
f 2414//2414 2462//2462 1191//1191
f 3437//3437 514//514 3913//3913
f 3087//3087 3848//3848 4519//4519
f 3062//3062 904//904 4133//4133
f 4581//4581 4133//4133 904//904
f 3902//3902 3860//3860 3469//3469
f 3949//3949 3311//3311 4561//4561
f 910//910 922//922 4134//4134
f 4134//4134 922//922 4597//4597
f 2224//2224 2932//2932 1136//1136
f 3689//3689 3393//3393 1361//1361
f 3793//3793 4431//4431 4135//4135
f 3624//3624 4135//4135 4431//4431
f 3833//3833 4136//4136 4035//4035
f 3120//3120 3450//3450 572//572
f 3827//3827 986//986 4137//4137
f 4735//4735 2324//2324 4138//4138
f 4138//4138 2324//2324 3647//3647
f 2825//2825 1382//1382 1976//1976
f 4033//4033 2860//2860 68//68
f 2450//2450 778//778 316//316
f 3926//3926 129//129 4139//4139
f 2092//2092 4139//4139 2705//2705
f 1282//1282 1312//1312 4140//4140
f 2334//2334 4140//4140 1312//1312
f 694//694 16//16 4574//4574
f 4033//4033 68//68 4141//4141
f 105//105 4141//4141 4214//4214
f 3656//3656 966//966 4142//4142
f 3796//3796 4142//4142 3980//3980
f 377//377 3200//3200 4143//4143
f 4143//4143 3200//3200 2388//2388
f 986//986 1030//1030 4144//4144
f 3590//3590 4144//4144 1030//1030
f 2741//2741 185//185 2259//2259
f 3570//3570 4550//4550 4145//4145
f 3742//3742 3616//3616 985//985
f 2416//2416 3366//3366 4679//4679
f 3737//3737 1376//1376 4146//4146
f 1882//1882 4146//4146 1376//1376
f 3840//3840 3760//3760 3389//3389
f 2890//2890 3508//3508 4147//4147
f 652//652 4147//4147 651//651
f 3393//3393 3212//3212 1361//1361
f 3020//3020 4266//4266 107//107
f 3333//3333 3513//3513 2128//2128
f 1992//1992 1937//1937 1258//1258
f 3249//3249 1002//1002 4148//4148
f 1003//1003 4148//4148 1002//1002
f 2207//2207 2211//2211 1088//1088
f 593//593 605//605 318//318
f 2723//2723 2960//2960 4149//4149
f 2228//2228 2103//2103 1155//1155
f 1318//1318 1317//1317 3891//3891
f 895//895 2726//2726 4150//4150
f 3491//3491 785//785 786//786
f 4022//4022 164//164 4151//4151
f 4152//4152 3440//3440 348//348
f 3173//3173 4152//4152 3261//3261
f 4379//4379 4278//4278 680//680
f 2192//2192 3868//3868 2531//2531
f 2035//2035 2390//2390 638//638
f 2141//2141 424//424 2051//2051
f 3979//3979 2478//2478 4153//4153
f 347//347 4153//4153 2478//2478
f 1706//1706 405//405 4154//4154
f 3457//3457 4326//4326 3694//3694
f 4156//4156 3337//3337 339//339
f 3402//3402 3572//3572 394//394
f 3529//3529 4157//4157 4037//4037
f 4158//4158 3384//3384 269//269
f 4158//4158 269//269 268//268
f 2702//2702 3317//3317 1232//1232
f 2214//2214 4159//4159 2328//2328
f 2378//2378 1322//1322 4160//4160
f 1366//1366 4160//4160 1322//1322
f 3555//3555 4443//4443 664//664
f 2705//2705 140//140 4161//4161
f 2178//2178 4161//4161 140//140
f 2711//2711 3989//3989 4162//4162
f 3886//3886 4276//4276 4163//4163
f 3701//3701 4171//4171 1579//1579
f 2776//2776 2525//2525 4164//4164
f 2525//2525 2776//2776 372//372
f 2297//2297 3000//3000 1248//1248
f 4165//4165 2722//2722 1292//1292
f 2151//2151 4165//4165 1292//1292
f 2126//2126 2426//2426 117//117
f 3980//3980 979//979 3796//3796
f 2917//2917 2//2 644//644
f 3389//3389 4286//4286 91//91
f 3909//3909 354//354 4166//4166
f 385//385 4166//4166 354//354
f 2119//2119 4093//4093 26//26
f 2190//2190 2333//2333 3723//3723
f 2225//2225 4167//4167 4608//4608
f 2029//2029 2645//2645 4168//4168
f 2645//2645 2029//2029 490//490
f 3951//3951 4246//4246 4169//4169
f 154//154 4361//4361 4170//4170
f 4513//4513 1710//1710 4172//4172
f 2292//2292 4402//4402 4173//4173
f 2946//2946 1438//1438 4174//4174
f 3757//3757 4174//4174 4112//4112
f 1720//1720 1900//1900 1721//1721
f 4342//4342 1056//1056 2688//2688
f 224//224 3790//3790 4175//4175
f 2196//2196 4175//4175 3790//3790
f 3176//3176 1097//1097 2340//2340
f 2107//2107 451//451 2898//2898
f 174//174 4592//4592 4176//4176
f 1876//1876 1116//1116 3193//3193
f 3220//3220 563//563 2837//2837
f 3332//3332 4094//4094 1417//1417
f 2352//2352 1071//1071 4177//4177
f 3642//3642 4177//4177 4226//4226
f 3606//3606 4142//4142 991//991
f 4178//4178 3936//3936 4760//4760
f 4179//4179 3785//3785 515//515
f 3879//3879 4179//4179 515//515
f 1693//1693 4180//4180 4620//4620
f 3249//3249 2800//2800 1002//1002
f 3689//3689 1399//1399 4181//4181
f 3423//3423 4181//4181 1399//1399
f 2805//2805 2034//2034 1228//1228
f 2030//2030 2858//2858 1382//1382
f 2547//2547 2814//2814 285//285
f 4484//4484 793//793 4182//4182
f 4183//4183 4665//4665 221//221
f 222//222 4183//4183 221//221
f 1475//1475 2634//2634 1123//1123
f 3894//3894 596//596 4184//4184
f 3479//3479 4184//4184 596//596
f 3242//3242 4185//4185 843//843
f 757//757 3262//3262 610//610
f 3848//3848 893//893 1869//1869
f 3373//3373 3615//3615 2232//2232
f 2098//2098 2857//2857 2256//2256
f 2980//2980 3115//3115 188//188
f 1983//1983 2762//2762 1014//1014
f 3824//3824 1168//1168 4186//4186
f 3340//3340 79//79 4384//4384
f 1016//1016 1050//1050 4187//4187
f 2381//2381 4187//4187 1050//1050
f 1931//1931 3974//3974 4188//4188
f 2433//2433 4188//4188 2724//2724
f 1166//1166 1143//1143 4189//4189
f 4189//4189 1143//1143 779//779
f 172//172 192//192 4301//4301
f 392//392 391//391 4191//4191
f 4313//4313 4191//4191 4302//4302
f 3992//3992 445//445 4192//4192
f 4175//4175 4193//4193 224//224
f 2563//2563 1362//1362 4194//4194
f 409//409 2279//2279 441//441
f 2430//2430 1423//1423 2293//2293
f 930//930 4069//4069 4195//4195
f 3464//3464 4195//4195 4069//4069
f 4706//4706 2743//2743 1061//1061
f 99//99 139//139 4196//4196
f 4061//4061 4606//4606 4196//4196
f 1256//1256 4197//4197 1257//1257
f 2503//2503 1383//1383 2181//2181
f 2672//2672 571//571 2288//2288
f 1953//1953 241//241 4198//4198
f 2841//2841 4198//4198 241//241
f 2253//2253 3770//3770 4199//4199
f 414//414 4199//4199 3770//3770
f 1992//1992 1270//1270 2306//2306
f 169//169 4367//4367 4672//4672
f 2084//2084 4200//4200 3993//3993
f 3101//3101 2097//2097 4201//4201
f 2097//2097 3101//3101 142//142
f 29//29 41//41 3719//3719
f 3764//3764 3719//3719 41//41
f 2676//2676 1310//1310 4202//4202
f 2570//2570 4202//4202 1310//1310
f 2889//2889 4168//4168 448//448
f 4190//4190 4396//4396 2775//2775
f 1964//1964 1054//1054 4203//4203
f 3625//3625 4203//4203 1054//1054
f 2100//2100 622//622 4204//4204
f 2933//2933 4204//4204 622//622
f 3288//3288 416//416 2961//2961
f 3217//3217 3987//3987 4205//4205
f 1994//1994 4205//4205 3987//3987
f 102//102 114//114 4206//4206
f 2375//2375 4206//4206 114//114
f 676//676 4207//4207 677//677
f 148//148 486//486 4208//4208
f 2477//2477 4208//4208 486//486
f 2352//2352 1060//1060 4209//4209
f 1061//1061 4209//4209 1060//1060
f 1869//1869 893//893 1913//1913
f 1431//1431 2276//2276 4210//4210
f 3080//3080 4210//4210 4031//4031
f 2090//2090 1695//1695 1694//1694
f 3967//3967 4176//4176 195//195
f 1927//1927 1186//1186 4211//4211
f 1174//1174 4211//4211 3257//3257
f 3461//3461 3964//3964 1230//1230
f 3894//3894 3724//3724 573//573
f 2163//2163 1253//1253 4212//4212
f 2151//2151 4212//4212 2576//2576
f 3797//3797 4241//4241 3009//3009
f 2510//2510 2472//2472 4213//4213
f 2472//2472 2510//2510 628//628
f 68//68 4500//4500 4214//4214
f 3058//3058 4214//4214 92//92
f 2821//2821 2146//2146 927//927
f 2160//2160 2500//2500 554//554
f 118//118 633//633 2555//2555
f 3776//3776 4215//4215 4763//4763
f 2329//2329 2421//2421 3030//3030
f 4445//4445 2256//2256 2857//2857
f 23//23 22//22 3898//3898
f 2424//2424 1206//1206 4216//4216
f 3339//3339 4216//4216 1206//1206
f 4217//4217 4264//4264 1210//1210
f 3461//3461 4217//4217 1210//1210
f 58//58 3764//3764 41//41
f 3809//3809 174//174 4218//4218
f 4176//4176 4218//4218 174//174
f 4219//4219 4651//4651 544//544
f 629//629 4219//4219 544//544
f 2335//2335 1111//1111 4220//4220
f 1954//1954 4220//4220 1111//1111
f 2470//2470 4053//4053 3541//3541
f 3192//3192 3803//3803 2947//2947
f 3728//3728 525//525 3187//3187
f 2177//2177 567//567 4221//4221
f 2772//2772 4221//4221 567//567
f 4222//4222 3089//3089 1208//1208
f 1229//1229 4222//4222 1208//1208
f 4223//4223 4612//4612 885//885
f 2969//2969 4223//4223 885//885
f 3902//3902 137//137 4224//4224
f 2377//2377 4224//4224 137//137
f 3427//3427 2875//2875 506//506
f 1321//1321 3436//3436 1353//1353
f 4115//4115 4225//4225 4296//4296
f 1070//1070 1085//1085 4226//4226
f 3642//3642 4226//4226 1085//1085
f 3660//3660 3442//3442 4195//4195
f 2045//2045 3165//3165 3849//3849
f 3754//3754 4227//4227 352//352
f 1290//1290 1259//1259 4228//4228
f 2278//2278 4228//4228 3066//3066
f 3142//3142 1073//1073 3160//3160
f 2230//2230 2593//2593 1252//1252
f 3327//3327 533//533 2128//2128
f 1969//1969 2128//2128 533//533
f 76//76 4705//4705 4229//4229
f 3157//3157 4229//4229 4705//4705
f 1316//1316 1333//1333 4230//4230
f 2321//2321 4230//4230 1333//1333
f 4746//4746 200//200 4231//4231
f 2972//2972 1017//1017 2005//2005
f 4477//4477 4339//4339 2164//2164
f 2188//2188 2785//2785 1043//1043
f 3301//3301 484//484 4232//4232
f 485//485 4232//4232 484//484
f 2478//2478 3261//3261 347//347
f 2954//2954 1837//1837 4233//4233
f 2937//2937 19//19 4235//4235
f 725//725 4235//4235 713//713
f 456//456 2141//2141 302//302
f 4236//4236 2436//2436 4049//4049
f 3621//3621 4236//4236 4049//4049
f 3245//3245 614//614 4237//4237
f 2517//2517 566//566 4238//4238
f 611//611 4238//4238 4262//4262
f 3625//3625 3741//3741 3688//3688
f 2310//2310 1404//1404 2687//2687
f 2769//2769 927//927 4239//4239
f 2146//2146 4239//4239 927//927
f 2592//2592 1022//1022 3102//3102
f 1288//1288 4025//4025 3826//3826
f 294//294 3976//3976 283//283
f 2178//2178 187//187 4240//4240
f 2458//2458 4240//4240 187//187
f 1151//1151 1175//1175 4241//4241
f 3339//3339 4241//4241 1175//1175
f 3598//3598 4726//4726 4237//4237
f 3751//3751 4272//4272 4002//4002
f 1920//1920 2632//2632 1331//1331
f 2160//2160 554//554 2295//2295
f 3684//3684 4649//4649 4242//4242
f 158//158 4242//4242 4649//4649
f 2811//2811 1449//1449 4243//4243
f 1505//1505 4243//4243 1506//1506
f 2182//2182 4305//4305 4244//4244
f 3088//3088 4244//4244 3855//3855
f 3319//3319 4507//4507 4245//4245
f 675//675 3175//3175 4353//4353
f 3951//3951 607//607 4246//4246
f 4718//4718 3940//3940 4246//4246
f 3663//3663 1181//1181 4247//4247
f 1199//1199 4247//4247 1181//1181
f 4196//4196 139//139 4061//4061
f 4248//4248 4602//4602 99//99
f 622//622 4248//4248 4351//4351
f 3992//3992 4249//4249 445//445
f 3844//3844 587//587 4250//4250
f 599//599 4250//4250 587//587
f 2508//2508 2454//2454 626//626
f 3802//3802 3488//3488 3823//3823
f 564//564 3367//3367 4251//4251
f 3290//3290 4251//4251 3367//3367
f 1888//1888 2575//2575 4595//4595
f 2032//2032 4719//4719 2846//2846
f 77//77 4141//4141 4667//4667
f 126//126 4252//4252 105//105
f 2554//2554 397//397 2561//2561
f 661//661 4180//4180 293//293
f 910//910 934//934 4253//4253
f 934//934 2203//2203 4253//4253
f 4254//4254 3109//3109 272//272
f 745//745 2819//2819 608//608
f 4024//4024 4282//4282 4255//4255
f 1073//1073 4255//4255 4282//4282
f 2938//2938 606//606 4256//4256
f 3654//3654 4256//4256 3896//3896
f 2104//2104 2975//2975 3762//3762
f 965//965 3803//3803 964//964
f 4180//4180 1693//1693 1692//1692
f 2487//2487 2842//2842 923//923
f 3147//3147 4257//4257 4769//4769
f 4258//4258 3050//3050 143//143
f 160//160 4258//4258 143//143
f 3372//3372 4259//4259 4282//4282
f 3057//3057 3247//3247 2524//2524
f 2011//2011 1425//1425 2919//2919
f 3432//3432 1397//1397 4260//4260
f 1375//1375 4260//4260 1397//1397
f 2231//2231 1178//1178 2532//2532
f 1823//1823 2796//2796 1378//1378
f 4176//4176 3967//3967 3990//3990
f 3972//3972 4428//4428 4261//4261
f 165//165 4261//4261 4170//4170
f 4262//4262 4238//4238 566//566
f 3503//3503 4262//4262 566//566
f 65//65 56//56 3399//3399
f 2417//2417 1414//1414 4263//4263
f 2058//2058 4263//4263 2626//2626
f 2240//2240 2134//2134 40//40
f 3711//3711 4225//4225 903//903
f 3528//3528 1210//1210 4264//4264
f 1191//1191 4264//4264 4217//4217
f 3547//3547 4431//4431 3793//3793
f 2845//2845 45//45 3100//3100
f 3132//3132 1300//1300 1910//1910
f 3080//3080 4451//4451 4265//4265
f 1522//1522 4265//4265 1521//1521
f 3915//3915 4076//4076 3804//3804
f 965//965 3854//3854 3803//3803
f 4440//4440 666//666 282//282
f 2546//2546 3127//3127 244//244
f 2126//2126 117//117 4266//4266
f 2601//2601 4266//4266 117//117
f 3621//3621 4049//4049 4267//4267
f 953//953 4267//4267 4049//4049
f 3273//3273 1420//1420 4268//4268
f 1421//1421 4268//4268 3564//3564
f 3119//3119 4499//4499 4269//4269
f 555//555 4269//4269 4499//4499
f 4501//4501 1323//1323 2026//2026
f 696//696 4574//4574 16//16
f 4019//4019 528//528 4270//4270
f 2672//2672 4270//4270 528//528
f 2899//2899 653//653 842//842
f 3780//3780 373//373 4271//4271
f 2877//2877 4271//4271 4344//4344
f 2501//2501 1945//1945 39//39
f 2409//2409 2886//2886 1440//1440
f 4037//4037 4157//4157 4272//4272
f 4002//4002 4272//4272 4157//4157
f 2847//2847 4533//4533 167//167
f 1229//1229 4431//4431 3547//3547
f 710//710 3473//3473 18//18
f 4413//4413 1272//1272 4273//4273
f 4273//4273 1272//1272 4060//4060
f 3803//3803 946//946 3320//3320
f 2140//2140 1113//1113 4275//4275
f 4275//4275 1113//1113 3201//3201
f 3056//3056 1972//1972 4339//4339
f 2522//2522 2264//2264 3771//3771
f 4403//4403 4163//4163 4276//4276
f 4163//4163 4403//4403 559//559
f 2767//2767 1234//1234 4277//4277
f 1250//1250 4277//4277 1234//1234
f 164//164 213//213 4151//4151
f 3236//3236 4151//4151 213//213
f 313//313 774//774 3375//3375
f 3186//3186 3375//3375 774//774
f 3059//3059 846//846 4278//4278
f 679//679 4278//4278 681//681
f 2557//2557 2431//2431 686//686
f 4182//4182 1156//1156 4279//4279
f 1197//1197 4279//4279 4186//4186
f 160//160 144//144 4280//4280
f 3219//3219 4280//4280 144//144
f 2539//2539 543//543 4281//4281
f 3789//3789 4281//4281 3558//3558
f 517//517 528//528 4019//4019
f 4259//4259 1035//1035 4282//4282
f 1064//1064 4282//4282 4388//4388
f 3182//3182 3813//3813 4283//4283
f 2733//2733 2408//2408 1368//1368
f 392//392 4284//4284 391//391
f 760//760 612//612 3904//3904
f 3683//3683 2428//2428 49//49
f 765//765 2964//2964 3597//3597
f 3520//3520 508//508 4285//4285
f 4276//4276 3930//3930 4403//4403
f 1648//1648 3100//3100 1649//1649
f 2825//2825 2030//2030 1382//1382
f 2647//2647 2601//2601 117//117
f 67//67 91//91 4286//4286
f 116//116 4286//4286 3389//3389
f 3116//3116 1998//1998 145//145
f 4088//4088 3635//3635 482//482
f 2684//2684 2024//2024 360//360
f 2487//2487 911//911 4287//4287
f 3999//3999 4287//4287 911//911
f 2056//2056 17//17 4288//4288
f 4192//4192 4527//4527 4098//4098
f 2007//2007 1168//1168 4289//4289
f 3824//3824 4289//4289 1168//1168
f 3825//3825 4290//4290 1046//1046
f 2813//2813 52//52 4291//4291
f 2360//2360 4291//4291 52//52
f 2717//2717 617//617 3064//3064
f 4669//4669 3//3 4292//4292
f 2171//2171 4292//4292 3//3
f 2494//2494 2860//2860 4293//4293
f 2860//2860 2494//2494 67//67
f 1193//1193 3172//3172 4294//4294
f 1263//1263 4294//4294 1213//1213
f 2933//2933 4465//4465 3104//3104
f 2541//2541 332//332 2637//2637
f 2836//2836 211//211 2295//2295
f 3914//3914 4076//4076 4295//4295
f 4295//4295 4076//4076 4193//4193
f 853//853 4424//4424 4296//4296
f 902//902 4296//4296 867//867
f 773//773 2685//2685 4632//4632
f 4297//4297 2558//2558 1099//1099
f 4297//4297 1099//1099 2777//2777
f 2062//2062 4352//4352 4298//4298
f 3119//3119 4298//4298 4046//4046
f 1981//1981 25//25 1545//1545
f 438//438 471//471 4299//4299
f 3532//3532 4299//4299 471//471
f 748//748 2328//2328 305//305
f 2505//2505 4104//4104 2354//2354
f 3757//3757 1439//1439 3480//3480
f 2549//2549 2719//2719 1401//1401
f 4232//4232 455//455 3301//3301
f 4300//4300 4250//4250 565//565
f 1969//1969 4300//4300 565//565
f 4190//4190 208//208 4301//4301
f 2662//2662 4301//4301 208//208
f 4191//4191 391//391 4302//4302
f 1909//1909 1301//1301 3028//3028
f 4303//4303 4327//4327 564//564
f 3919//3919 4303//4303 564//564
f 4000//4000 1797//1797 1796//1796
f 2568//2568 2637//2637 332//332
f 3484//3484 879//879 1893//1893
f 3054//3054 4167//4167 1113//1113
f 423//423 430//430 4304//4304
f 2824//2824 4304//4304 430//430
f 2283//2283 1096//1096 2846//2846
f 315//315 4305//4305 616//616
f 2523//2523 2246//2246 908//908
f 4628//4628 1773//1773 1772//1772
f 2783//2783 481//481 4306//4306
f 491//491 4306//4306 481//481
f 2574//2574 1632//1632 1633//1633
f 3600//3600 1244//1244 4307//4307
f 2611//2611 4307//4307 4416//4416
f 2687//2687 1392//1392 2930//2930
f 334//334 4082//4082 2582//2582
f 2254//2254 2993//2993 4694//4694
f 3362//3362 996//996 4308//4308
f 2206//2206 1091//1091 4309//4309
f 2201//2201 4309//4309 1091//1091
f 2155//2155 1225//1225 4310//4310
f 1801//1801 4310//4310 1225//1225
f 2581//2581 4311//4311 4043//4043
f 2867//2867 2207//2207 1088//1088
f 4312//4312 2242//2242 345//345
f 338//338 4312//4312 345//345
f 4709//4709 367//367 3304//3304
f 4302//4302 390//390 4313//4313
f 416//416 4313//4313 390//390
f 1946//1946 1173//1173 4314//4314
f 2348//2348 4314//4314 1173//1173
f 1993//1993 2513//2513 14//14
f 370//370 371//371 4315//4315
f 3691//3691 4315//4315 371//371
f 4141//4141 68//68 4214//4214
f 556//556 3923//3923 524//524
f 4322//4322 589//589 2569//2569
f 2445//2445 3869//3869 4316//4316
f 4658//4658 4316//4316 3869//3869
f 2014//2014 398//398 4317//4317
f 2815//2815 4317//4317 398//398
f 3043//3043 811//811 824//824
f 2386//2386 3476//3476 4318//4318
f 2850//2850 4318//4318 3476//3476
f 4319//4319 3986//3986 194//194
f 2112//2112 4319//4319 194//194
f 4320//4320 4363//4363 405//405
f 1706//1706 4320//4320 405//405
f 3675//3675 570//570 4321//4321
f 2006//2006 3282//3282 1393//1393
f 4735//4735 4322//4322 2324//2324
f 1923//1923 397//397 4323//4323
f 2859//2859 4323//4323 397//397
f 2356//2356 2680//2680 1122//1122
f 3288//3288 4249//4249 4313//4313
f 2233//2233 2161//2161 4333//4333
f 3051//3051 1549//1549 1548//1548
f 454//454 2427//2427 3184//3184
f 545//545 583//583 4324//4324
f 3951//3951 4324//4324 583//583
f 3894//3894 619//619 3578//3578
f 3455//3455 1385//1385 4122//4122
f 1983//1983 1014//1014 3263//3263
f 2945//2945 1284//1284 4325//4325
f 2518//2518 4325//4325 1284//1284
f 3446//3446 569//569 4326//4326
f 3675//3675 4326//4326 569//569
f 4327//4327 2837//2837 586//586
f 3367//3367 4327//4327 586//586
f 1376//1376 1385//1385 3455//3455
f 4417//4417 1317//1317 4328//4328
f 4060//4060 4328//4328 1317//1317
f 2350//2350 152//152 4329//4329
f 2389//2389 4329//4329 152//152
f 1993//1993 3685//3685 3199//3199
f 1074//1074 2113//2113 1055//1055
f 4261//4261 4428//4428 4170//4170
f 231//231 207//207 4473//4473
f 2702//2702 2174//2174 3571//3571
f 560//560 573//573 4330//4330
f 3724//3724 4330//4330 573//573
f 1134//1134 1159//1159 4331//4331
f 1204//1204 4331//4331 4626//4626
f 1347//1347 1819//1819 4482//4482
f 1818//1818 4482//4482 1819//1819
f 4143//4143 2388//2388 422//422
f 3449//3449 834//834 782//782
f 2999//2999 2168//2168 1056//1056
f 4332//4332 3005//3005 31//31
f 4691//4691 4332//4332 31//31
f 2425//2425 527//527 4333//4333
f 517//517 4333//4333 527//527
f 3050//3050 2184//2184 143//143
f 3488//3488 1215//1215 3823//3823
f 3186//3186 3877//3877 3375//3375
f 423//423 4304//4304 4334//4334
f 1905//1905 4334//4334 4304//4304
f 4235//4235 19//19 713//713
f 1906//1906 3576//3576 3761//3761
f 1688//1688 2616//2616 1689//1689
f 1905//1905 4304//4304 3595//3595
f 3492//3492 2089//2089 1149//1149
f 3578//3578 619//619 788//788
f 2204//2204 1644//1644 1642//1642
f 4335//4335 66//66 37//37
f 1661//1661 4335//4335 37//37
f 2692//2692 917//917 3465//3465
f 3108//3108 3685//3685 742//742
f 3845//3845 1409//1409 3778//3778
f 953//953 4350//4350 4336//4336
f 2148//2148 4336//4336 4350//4350
f 2959//2959 1246//1246 2979//2979
f 3042//3042 3476//3476 2064//2064
f 3055//3055 2241//2241 3045//3045
f 2489//2489 4337//4337 80//80
f 527//527 558//558 4338//4338
f 2540//2540 4338//4338 558//558
f 3899//3899 542//542 2539//2539
f 2351//2351 1313//1313 2210//2210
f 3189//3189 3834//3834 2042//2042
f 1972//1972 1091//1091 4339//4339
f 2982//2982 4339//4339 1091//1091
f 2756//2756 2750//2750 1226//1226
f 530//530 1725//1725 1724//1724
f 2208//2208 2689//2689 232//232
f 1365//1365 1352//1352 4340//4340
f 3965//3965 4340//4340 1352//1352
f 4757//4757 3743//3743 4048//4048
f 3239//3239 1988//1988 3499//3499
f 3016//3016 2759//2759 2363//2363
f 1027//1027 4767//4767 4504//4504
f 3625//3625 4504//4504 1048//1048
f 2194//2194 2999//2999 4342//4342
f 2999//2999 2194//2194 4719//4719
f 2563//2563 2655//2655 1387//1387
f 2710//2710 134//134 2808//2808
f 4632//4632 4489//4489 4343//4343
f 3697//3697 3324//3324 174//174
f 3921//3921 1148//1148 3924//3924
f 3379//3379 3591//3591 347//347
f 372//372 383//383 4344//4344
f 2877//2877 4344//4344 383//383
f 3898//3898 48//48 4345//4345
f 2166//2166 4345//4345 48//48
f 2028//2028 939//939 3394//3394
f 4225//4225 4617//4617 4296//4296
f 2593//2593 2835//2835 4359//4359
f 2754//2754 4347//4347 444//444
f 2648//2648 211//211 4348//4348
f 2836//2836 4348//4348 211//211
f 1943//1943 229//229 3308//3308
f 277//277 5//5 4349//4349
f 3599//3599 4349//4349 5//5
f 372//372 376//376 3957//3957
f 4563//4563 588//588 2499//2499
f 953//953 983//983 4350//4350
f 2916//2916 4744//4744 3622//3622
f 4196//4196 111//111 4351//4351
f 622//622 4351//4351 111//111
f 2983//2983 379//379 2708//2708
f 3111//3111 604//604 4352//4352
f 2529//2529 4352//4352 604//604
f 4475//4475 1215//1215 2220//2220
f 2162//2162 4759//4759 4353//4353
f 674//674 4353//4353 4759//4759
f 2996//2996 1341//1341 2332//2332
f 1244//1244 4560//4560 4354//4354
f 4588//4588 4560//4560 4413//4413
f 2205//2205 3807//3807 4740//4740
f 2523//2523 908//908 4355//4355
f 895//895 4355//4355 908//908
f 3156//3156 4102//4102 1939//1939
f 4193//4193 4076//4076 224//224
f 886//886 850//850 4356//4356
f 3008//3008 240//240 4357//4357
f 253//253 4357//4357 4621//4621
f 2405//2405 276//276 4358//4358
f 2767//2767 1251//1251 4359//4359
f 2810//2810 4359//4359 1251//1251
f 3587//3587 1955//1955 350//350
f 3260//3260 3347//3347 384//384
f 2716//2716 357//357 2568//2568
f 2638//2638 1035//1035 4259//4259
f 491//491 481//481 4360//4360
f 4063//4063 4360//4360 2898//2898
f 4191//4191 4313//4313 4249//4249
f 3204//3204 1330//1330 2212//2212
f 1930//1930 2544//2544 1428//1428
f 4022//4022 4151//4151 4361//4361
f 3666//3666 4361//4361 4151//4151
f 2374//2374 3468//3468 4362//4362
f 646//646 3232//3232 849//849
f 1685//1685 3566//3566 215//215
f 3112//3112 1318//1318 2760//2760
f 4729//4729 412//412 2987//2987
f 3931//3931 4597//4597 4537//4537
f 2982//2982 2164//2164 4339//4339
f 3607//3607 658//658 4366//4366
f 4363//4363 2617//2617 393//393
f 404//404 4363//4363 393//393
f 4065//4065 4181//4181 4364//4364
f 2237//2237 4364//4364 4181//4181
f 3029//3029 4596//4596 1051//1051
f 3238//3238 3396//3396 886//886
f 3382//3382 4462//4462 303//303
f 2928//2928 790//790 1794//1794
f 3297//3297 1055//1055 2113//2113
f 3923//3923 3558//3558 524//524
f 2178//2178 159//159 4365//4365
f 1679//1679 4365//4365 159//159
f 2622//2622 1578//1578 1580//1580
f 3095//3095 145//145 1998//1998
f 3607//3607 4366//4366 3811//3811
f 3747//3747 4321//4321 3879//3879
f 3094//3094 1335//1335 2243//2243
f 4200//4200 4367//4367 3993//3993
f 2719//2719 2239//2239 1401//1401
f 4302//4302 2497//2497 390//390
f 3592//3592 73//73 4368//4368
f 188//188 3926//3926 179//179
f 3260//3260 3106//3106 409//409
f 2443//2443 3831//3831 4370//4370
f 2066//2066 4370//4370 2176//2176
f 3479//3479 596//596 4371//4371
f 620//620 4371//4371 4488//4488
f 3556//3556 1980//1980 4187//4187
f 2296//2296 4372//4372 292//292
f 4753//4753 3147//3147 4769//4769
f 4373//4373 4005//4005 3117//3117
f 2938//2938 4373//4373 3117//3117
f 2712//2712 2857//2857 4374//4374
f 2691//2691 1224//1224 4375//4375
f 1197//1197 4375//4375 1224//1224
f 4357//4357 240//240 4376//4376
f 1691//1691 4376//4376 240//240
f 3141//3141 2289//2289 54//54
f 4122//4122 1385//1385 4377//4377
f 1415//1415 4377//4377 3737//3737
f 4378//4378 4560//4560 1244//1244
f 3600//3600 4378//4378 1244//1244
f 2735//2735 332//332 2541//2541
f 2098//2098 300//300 2857//2857
f 3458//3458 2050//2050 1058//1058
f 2713//2713 2613//2613 3739//3739
f 4379//4379 4207//4207 883//883
f 884//884 4379//4379 883//883
f 2314//2314 1375//1375 2411//2411
f 1813//1813 4380//4380 1303//1303
f 3722//3722 492//492 4381//4381
f 3327//3327 4381//4381 492//492
f 3843//3843 1161//1161 4382//4382
f 4383//4383 3251//3251 368//368
f 3979//3979 4383//4383 368//368
f 2907//2907 2258//2258 4384//4384
f 2258//2258 2907//2907 95//95
f 4189//4189 4385//4385 1166//1166
f 2863//2863 3617//3617 765//765
f 517//517 527//527 4338//4338
f 2709//2709 2911//2911 449//449
f 4273//4273 1319//1319 4386//4386
f 3112//3112 4386//4386 1319//1319
f 1490//1490 1502//1502 1120//1120
f 2330//2330 3791//3791 579//579
f 4692//4692 37//37 4387//4387
f 2792//2792 4387//4387 37//37
f 2636//2636 3944//3944 721//721
f 4282//4282 1035//1035 4388//4388
f 4290//4290 4388//4388 1035//1035
f 4389//4389 3976//3976 267//267
f 268//268 4389//4389 267//267
f 2909//2909 4550//4550 3570//3570
f 2534//2534 3571//3571 2174//2174
f 2805//2805 3826//3826 3906//3906
f 1854//1854 1372//1372 4390//4390
f 2004//2004 4390//4390 1372//1372
f 4391//4391 2461//2461 433//433
f 4108//4108 4391//4391 433//433
f 643//643 2669//2669 1//1
f 2340//2340 2922//2922 1088//1088
f 2095//2095 3256//3256 4392//4392
f 3256//3256 2095//2095 3565//3565
f 2395//2395 3241//3241 1112//1112
f 1762//1762 3648//3648 1763//1763
f 4231//4231 252//252 4393//4393
f 279//279 4393//4393 4619//4619
f 1375//1375 1397//1397 4394//4394
f 2641//2641 4394//4394 1397//1397
f 4642//4642 24//24 4395//4395
f 703//703 4395//4395 705//705
f 591//591 3846//3846 569//569
f 2586//2586 1346//1346 3498//3498
f 682//682 846//846 862//862
f 4566//4566 3676//3676 2605//2605
f 3230//3230 1807//1807 1806//1806
f 192//192 4661//4661 4190//4190
f 259//259 4396//4396 231//231
f 3368//3368 896//896 4397//4397
f 2203//2203 4397//4397 896//896
f 2399//2399 1395//1395 4398//4398
f 3887//3887 4398//4398 1395//1395
f 1337//1337 1338//1338 4399//4399
f 1369//1369 4399//4399 1338//1338
f 2585//2585 2661//2661 630//630
f 3828//3828 1140//1140 839//839
f 43//43 72//72 4400//4400
f 2976//2976 4400//4400 72//72
f 2918//2918 3659//3659 2359//2359
f 4401//4401 3036//3036 994//994
f 1007//1007 4401//4401 4127//4127
f 2223//2223 899//899 4402//4402
f 2048//2048 4402//4402 899//899
f 4403//4403 3930//3930 529//529
f 572//572 4403//4403 529//529
f 2656//2656 1328//1328 4404//4404
f 2667//2667 4404//4404 1328//1328
f 3452//3452 1755//1755 1754//1754
f 1189//1189 1247//1247 4405//4405
f 3046//3046 4405//4405 4490//4490
f 2870//2870 611//611 759//759
f 884//884 883//883 4406//4406
f 3310//3310 4406//4406 883//883
f 2099//2099 2494//2494 4407//4407
f 2494//2494 2099//2099 4045//4045
f 3110//3110 131//131 4408//4408
f 103//103 4408//4408 131//131
f 3006//3006 3059//3059 884//884
f 207//207 2832//2832 4473//4473
f 3665//3665 4017//4017 469//469
f 3201//3201 1129//1129 1488//1488
f 2973//2973 2689//2689 245//245
f 2526//2526 4009//4009 3806//3806
f 4671//4671 3376//3376 3568//3568
f 3976//3976 3407//3407 227//227
f 2728//2728 642//642 2565//2565
f 3720//3720 1825//1825 1824//1824
f 2941//2941 1275//1275 4410//4410
f 2251//2251 4410//4410 1275//1275
f 2732//2732 3834//3834 3189//3189
f 1125//1125 3483//3483 1617//1617
f 4311//4311 1057//1057 4411//4411
f 1067//1067 4411//4411 1057//1057
f 4087//4087 1399//1399 4412//4412
f 3689//3689 4412//4412 1399//1399
f 1243//1243 1242//1242 4413//4413
f 4413//4413 1242//1242 1272//1272
f 500//500 3500//3500 4012//4012
f 3936//3936 2104//2104 3762//3762
f 2242//2242 3159//3159 4414//4414
f 3159//3159 2242//2242 344//344
f 2220//2220 1215//1215 4415//4415
f 3488//3488 4415//4415 1215//1215
f 3322//3322 1415//1415 4055//4055
f 2701//2701 3586//3586 3614//3614
f 4416//4416 4478//4478 1273//1273
f 2611//2611 4416//4416 1273//1273
f 2866//2866 593//593 3117//3117
f 2491//2491 427//427 2187//2187
f 2269//2269 1305//1305 4417//4417
f 3360//3360 4417//4417 1305//1305
f 1402//1402 1417//1417 4418//4418
f 4094//4094 4418//4418 1417//1417
f 1915//1915 1004//1004 4419//4419
f 2966//2966 4419//4419 1004//1004
f 2292//2292 3639//3639 4420//4420
f 2605//2605 4420//4420 3639//3639
f 3019//3019 2274//2274 4421//4421
f 2274//2274 3019//3019 23//23
f 2247//2247 3850//3850 4422//4422
f 3221//3221 4422//4422 3850//3850
f 3444//3444 4509//4509 4423//4423
f 843//843 867//867 4424//4424
f 4296//4296 4424//4424 867//867
f 2745//2745 2376//2376 235//235
f 2169//2169 3749//3749 3386//3386
f 4425//4425 4156//4156 339//339
f 3410//3410 4425//4425 339//339
f 2977//2977 89//89 4426//4426
f 102//102 4426//4426 4699//4699
f 4771//4771 2305//2305 3526//3526
f 3552//3552 4427//4427 4725//4725
f 4011//4011 110//110 4428//4428
f 138//138 4428//4428 110//110
f 3372//3372 4282//4282 4024//4024
f 4429//4429 4401//4401 986//986
f 3827//3827 4429//4429 986//986
f 2857//2857 300//300 1997//1997
f 2894//2894 3769//3769 4430//4430
f 2475//2475 4430//4430 3769//3769
f 1229//1229 1261//1261 4431//4431
f 3624//3624 4431//4431 1261//1261
f 65//65 4337//4337 64//64
f 3577//3577 942//942 4498//4498
f 2226//2226 1180//1180 2992//2992
f 3377//3377 2250//2250 4432//4432
f 2250//2250 3377//3377 299//299
f 4095//4095 3785//3785 489//489
f 3266//3266 144//144 4433//4433
f 2725//2725 64//64 4337//4337
f 4434//4434 2193//2193 1126//1126
f 3135//3135 4434//4434 1126//1126
f 3113//3113 1369//1369 4435//4435
f 1975//1975 4435//4435 1369//1369
f 3258//3258 2341//2341 1287//1287
f 2753//2753 1278//1278 2297//2297
f 4688//4688 2921//2921 3397//3397
f 4559//4559 3487//3487 3905//3905
f 3572//3572 2118//2118 381//381
f 3331//3331 2956//2956 247//247
f 3765//3765 881//881 4436//4436
f 1977//1977 4436//4436 881//881
f 2330//2330 603//603 3812//3812
f 2586//2586 4437//4437 2948//2948
f 3532//3532 471//471 4438//4438
f 493//493 4438//4438 471//471
f 2864//2864 1003//1003 3568//3568
f 2120//2120 1503//1503 1492//1492
f 4439//4439 3902//3902 128//128
f 138//138 4439//4439 128//128
f 2555//2555 108//108 3158//3158
f 3525//3525 381//381 2118//2118
f 2665//2665 3047//3047 4440//4440
f 3047//3047 2665//2665 241//241
f 2683//2683 389//389 4441//4441
f 3634//3634 4441//4441 389//389
f 1016//1016 4043//4043 4311//4311
f 2885//2885 412//412 2195//2195
f 688//688 7//7 3329//3329
f 3698//3698 3107//3107 259//259
f 2987//2987 412//412 2885//2885
f 852//852 4442//4442 4743//4743
f 266//266 4584//4584 4443//4443
f 663//663 4443//4443 4584//4584
f 2589//2589 989//989 2618//2618
f 2746//2746 3142//3142 3160//3160
f 2314//2314 3246//3246 1341//1341
f 1897//1897 3679//3679 2478//2478
f 2392//2392 2924//2924 4444//4444
f 2924//2924 2392//2392 3040//3040
f 4653//4653 3381//3381 2973//2973
f 3914//3914 252//252 4231//4231
f 2690//2690 2339//2339 186//186
f 3248//3248 2082//2082 62//62
f 2712//2712 3020//3020 4445//4445
f 3020//3020 2712//2712 621//621
f 2913//2913 1285//1285 2642//2642
f 3267//3267 2181//2181 1334//1334
f 3695//3695 2873//2873 4572//4572
f 259//259 258//258 4446//4446
f 3998//3998 4446//4446 258//258
f 2725//2725 57//57 4447//4447
f 58//58 4447//4447 57//57
f 3042//3042 1096//1096 2850//2850
f 3180//3180 967//967 2595//2595
f 620//620 1735//1735 1734//1734
f 4448//4448 4481//4481 455//455
f 4232//4232 4448//4448 455//455
f 2724//2724 3974//3974 931//931
f 2861//2861 2771//2771 2607//2607
f 4452//4452 990//990 3211//3211
f 2085//2085 3405//3405 4040//4040
f 3015//3015 4032//4032 665//665
f 1690//1690 4376//4376 1691//1691
f 2296//2296 3329//3329 280//280
f 2250//2250 299//299 2452//2452
f 1941//1941 118//118 4449//4449
f 2555//2555 4449//4449 118//118
f 2020//2020 1311//1311 3692//3692
f 2404//2404 269//269 4656//4656
f 3071//3071 3770//3770 2253//2253
f 3237//3237 599//599 2180//2180
f 2632//2632 3808//3808 1267//1267
f 4450//4450 2545//2545 1202//1202
f 2666//2666 4450//4450 1202//1202
f 3480//3480 1439//1439 4451//4451
f 1534//1534 4451//4451 1439//1439
f 4347//4347 4192//4192 445//445
f 2094//2094 116//116 3596//3596
f 2592//2592 999//999 4452//4452
f 3954//3954 4452//4452 999//999
f 2152//2152 4150//4150 933//933
f 3548//3548 1339//1339 4453//4453
f 3044//3044 4453//4453 1339//1339
f 4627//4627 3152//3152 1041//1041
f 2003//2003 1426//1426 3705//3705
f 2516//2516 3222//3222 1157//1157
f 4454//4454 2729//2729 1026//1026
f 1036//1036 4454//4454 1026//1026
f 519//519 3919//3919 4455//4455
f 3844//3844 4455//4455 3919//3919
f 3150//3150 1106//1106 2704//2704
f 2812//2812 163//163 2869//2869
f 4295//4295 4193//4193 3629//3629
f 4600//4600 1364//1364 3125//3125
f 4409//4409 2832//2832 243//243
f 3767//3767 2051//2051 424//424
f 2752//2752 2196//2196 3790//3790
f 2345//2345 3709//3709 4456//4456
f 3018//3018 4456//4456 3709//3709
f 265//265 4295//4295 3629//3629
f 2694//2694 2727//2727 1044//1044
f 2305//2305 4467//4467 4457//4457
f 3598//3598 4457//4457 4467//4467
f 2364//2364 2811//2811 4458//4458
f 420//420 453//453 4459//4459
f 3928//3928 4459//4459 4017//4017
f 2608//2608 935//935 2968//2968
f 2676//2676 1275//1275 4460//4460
f 3264//3264 4460//4460 1275//1275
f 4508//4508 1326//1326 4461//4461
f 3026//3026 4461//4461 1326//1326
f 3417//3417 3832//3832 3220//3220
f 2585//2585 630//630 4462//4462
f 3878//3878 4462//4462 630//630
f 3451//3451 2853//2853 2124//2124
f 4485//4485 3285//3285 1104//1104
f 3449//3449 1167//1167 4463//4463
f 2071//2071 4463//4463 1167//1167
f 2901//2901 2551//2551 1262//1262
f 2697//2697 3161//3161 175//175
f 4716//4716 95//95 4464//4464
f 2907//2907 4464//4464 95//95
f 2847//2847 4465//4465 2514//2514
f 3578//3578 787//787 320//320
f 3713//3713 419//419 3365//3365
f 4466//4466 4505//4505 518//518
f 2934//2934 4466//4466 518//518
f 3086//3086 199//199 3007//3007
f 829//829 1594//1594 4495//4495
f 2201//2201 2879//2879 4309//4309
f 2305//2305 4771//4771 4467//4467
f 2827//2827 4467//4467 4771//4771
f 3130//3130 743//743 4468//4468
f 744//744 4468//4468 743//743
f 2070//2070 1615//1615 4469//4469
f 1615//1615 2070//2070 1616//1616
f 4007//4007 3843//3843 1135//1135
f 2571//2571 2682//2682 81//81
f 2858//2858 4595//4595 3997//3997
f 2044//2044 4528//4528 1072//1072
f 2912//2912 83//83 4470//4470
f 2963//2963 4470//4470 83//83
f 2260//2260 3509//3509 497//497
f 2731//2731 1257//1257 4471//4471
f 1258//1258 4471//4471 4197//4197
f 2692//2692 3759//3759 3006//3006
f 489//489 523//523 4472//4472
f 3899//3899 4472//4472 523//523
f 2840//2840 888//888 3085//3085
f 3825//3825 3851//3851 3736//3736
f 2209//2209 3268//3268 3731//3731
f 4653//4653 210//210 2591//2591
f 4409//4409 4473//4473 2832//2832
f 2002//2002 375//375 2830//2830
f 2528//2528 2902//2902 197//197
f 2951//2951 275//275 2346//2346
f 3378//3378 2186//2186 1047//1047
f 3753//3753 3140//3140 512//512
f 3737//3737 4146//4146 2626//2626
f 3609//3609 1068//1068 3561//3561
f 358//358 3651//3651 369//369
f 2890//2890 2580//2580 3821//3821
f 2490//2490 521//521 4474//4474
f 3134//3134 4474//4474 521//521
f 257//257 4409//4409 243//243
f 2097//2097 142//142 3115//3115
f 1614//1614 3672//3672 1616//1616
f 2881//2881 1395//1395 2399//2399
f 2226//2226 1154//1154 4475//4475
f 2298//2298 4475//4475 1154//1154
f 2031//2031 148//148 4476//4476
f 2670//2670 4476//4476 148//148
f 2994//2994 1098//1098 4477//4477
f 3056//3056 4477//4477 1098//1098
f 3763//3763 432//432 3962//3962
f 4354//4354 1306//1306 4478//4478
f 1307//1307 4478//4478 1306//1306
f 3276//3276 2920//2920 2681//2681
f 2469//2469 2947//2947 3209//3209
f 2092//2092 3730//3730 4139//4139
f 2804//2804 4114//4114 4479//4479
f 625//625 4479//4479 4114//4114
f 4579//4579 4705//4705 4480//4480
f 2492//2492 4480//4480 4705//4705
f 821//821 4156//4156 4425//4425
f 3916//3916 4032//4032 691//691
f 423//423 422//422 4481//4481
f 3710//3710 4481//4481 422//422
f 2383//2383 880//880 3085//3085
f 3498//3498 1346//1346 4483//4483
f 4182//4182 1181//1181 4484//4484
f 3663//3663 4484//4484 1181//1181
f 3218//3218 1085//1085 4485//4485
f 2202//2202 4485//4485 4596//4596
f 2125//2125 1081//1081 4486//4486
f 3352//3352 4486//4486 1081//1081
f 1461//1461 3113//3113 1339//1339
f 2665//2665 282//282 3174//3174
f 4273//4273 4060//4060 1319//1319
f 2650//2650 1731//1731 4487//4487
f 1730//1730 4487//4487 1731//1731
f 4011//4011 4428//4428 3972//3972
f 3578//3578 320//320 4488//4488
f 620//620 4488//4488 838//838
f 4632//4632 1178//1178 4489//4489
f 2231//2231 4489//4489 1178//1178
f 4755//4755 2316//2316 3579//3579
f 3251//3251 3023//3023 366//366
f 3021//3021 209//209 3574//3574
f 4274//4274 1195//1195 3873//3873
f 3817//3817 78//78 4064//4064
f 3920//3920 4121//4121 2183//2183
f 3146//3146 284//284 2150//2150
f 777//777 2337//2337 1142//1142
f 2229//2229 2896//2896 4399//4399
f 4490//4490 3066//3066 1259//1259
f 3046//3046 4490//4490 1259//1259
f 4491//4491 3677//3677 3798//3798
f 2915//2915 4491//4491 3798//3798
f 3476//3476 1083//1083 2234//2234
f 3169//3169 2770//2770 551//551
f 3531//3531 2170//2170 4109//4109
f 2945//2945 3255//3255 1194//1194
f 844//844 853//853 4366//4366
f 4129//4129 4366//4366 853//853
f 3421//3421 3563//3563 2384//2384
f 3296//3296 3309//3309 4492//4492
f 3309//3309 3296//3296 242//242
f 3331//3331 183//183 4493//4493
f 3286//3286 4493//4493 183//183
f 693//693 871//871 4494//4494
f 3649//3649 1996//1996 1408//1408
f 3474//3474 4014//4014 1081//1081
f 338//338 820//820 4495//4495
f 829//829 4495//4495 820//820
f 4754//4754 2629//2629 4086//4086
f 3322//3322 4567//4567 4496//4496
f 2116//2116 4496//4496 4567//4567
f 667//667 4681//4681 3765//3765
f 3430//3430 892//892 2493//2493
f 3463//3463 1553//1553 1554//1554
f 2944//2944 3336//3336 3784//3784
f 199//199 238//238 4497//4497
f 3790//3790 4497//4497 238//238
f 2224//2224 757//757 4382//4382
f 3441//3441 897//897 4498//4498
f 4397//4397 4498//4498 897//897
f 3119//3119 317//317 4499//4499
f 2476//2476 4499//4499 317//317
f 2687//2687 1404//1404 3318//3318
f 3721//3721 971//971 3582//3582
f 2768//2768 988//988 3507//3507
f 2580//2580 2744//2744 3821//3821
f 3305//3305 2668//2668 1078//1078
f 1611//1611 3871//3871 1612//1612
f 3356//3356 1152//1152 2255//2255
f 4500//4500 4286//4286 92//92
f 4214//4214 4500//4500 92//92
f 4261//4261 165//165 4061//4061
f 1023//1023 1046//1046 4290//4290
f 3074//3074 1006//1006 4501//4501
f 2080//2080 4501//4501 1006//1006
f 4502//4502 3725//3725 4119//4119
f 3349//3349 4502//4502 4119//4119
f 3118//3118 2520//2520 4503//4503
f 1885//1885 4503//4503 2520//2520
f 2994//2994 3152//3152 3458//3458
f 1003//1003 1027//1027 4504//4504
f 4505//4505 4090//4090 531//531
f 3220//3220 4505//4505 531//531
f 1308//1308 4506//4506 2485//2485
f 2449//2449 2402//2402 4665//4665
f 2183//2183 3128//3128 3038//3038
f 3926//3926 141//141 4507//4507
f 142//142 4507//4507 141//141
f 3521//3521 1326//1326 4508//4508
f 2520//2520 1316//1316 4230//4230
f 3444//3444 77//77 4509//4509
f 93//93 4509//4509 77//77
f 145//145 4734//4734 4510//4510
f 3944//3944 30//30 700//700
f 3707//3707 2190//2190 3723//3723
f 3830//3830 4474//4474 536//536
f 2889//2889 3700//3700 447//447
f 2011//2011 3475//3475 1425//1425
f 2635//2635 3408//3408 4330//4330
f 2153//2153 201//201 4511//4511
f 1681//1681 4511//4511 201//201
f 2743//2743 3039//3039 1062//1062
f 3365//3365 1579//1579 4512//4512
f 4172//4172 1711//1711 4513//4513
f 3512//3512 3709//3709 2345//2345
f 3388//3388 2883//2883 4514//4514
f 2883//2883 3388//3388 140//140
f 3411//3411 2408//2408 1335//1335
f 2044//2044 3851//3851 4515//4515
f 3199//3199 3685//3685 2732//2732
f 3406//3406 2504//2504 2401//2401
f 4516//4516 2902//2902 237//237
f 198//198 4516//4516 237//237
f 3077//3077 3177//3177 150//150
f 3706//3706 2894//2894 4430//4430
f 4517//4517 4298//4298 555//555
f 556//556 4517//4517 555//555
f 3743//3743 898//898 4518//4518
f 886//886 4518//4518 898//898
f 1869//1869 847//847 4519//4519
f 684//684 4519//4519 847//847
f 2567//2567 1249//1249 3363//3363
f 2941//2941 1262//1262 3264//3264
f 3301//3301 2368//2368 484//484
f 965//965 979//979 4520//4520
f 3980//3980 4520//4520 979//979
f 457//457 304//304 4521//4521
f 2986//2986 4521//4521 2477//2477
f 3884//3884 858//858 4494//4494
f 3945//3945 4285//4285 508//508
f 4510//4510 169//169 4522//4522
f 191//191 4522//4522 4672//4672
f 266//266 4357//4357 253//253
f 3210//3210 1765//1765 4523//4523
f 681//681 3685//3685 15//15
f 3159//3159 1703//1703 1702//1702
f 4367//4367 4433//4433 144//144
f 2630//2630 1103//1103 4525//4525
f 3098//3098 4525//4525 1103//1103
f 2843//2843 1138//1138 4526//4526
f 3904//3904 4526//4526 1138//1138
f 4527//4527 4192//4192 478//478
f 500//500 4527//4527 478//478
f 3160//3160 1072//1072 4528//4528
f 3657//3657 1603//1603 1602//1602
f 2797//2797 1431//1431 3234//3234
f 2886//2886 1449//1449 2811//2811
f 2412//2412 849//849 3971//3971
f 2080//2080 1006//1006 3857//3857
f 3507//3507 2823//2823 4529//4529
f 2542//2542 4529//4529 2823//2823
f 3586//3586 277//277 2700//2700
f 266//266 4443//4443 4530//4530
f 3555//3555 4530//4530 4443//4443
f 3390//3390 1699//1699 1698//1698
f 3360//3360 3125//3125 1364//1364
f 3637//3637 2760//2760 2734//2734
f 4531//4531 4088//4088 493//493
f 2776//2776 3221//3221 3850//3850
f 3014//3014 2980//2980 204//204
f 1875//1875 3369//3369 3138//3138
f 2321//2321 1333//1333 4194//4194
f 3452//3452 928//928 3932//3932
f 199//199 224//224 4533//4533
f 4076//4076 4533//4533 224//224
f 2135//2135 3858//3858 257//257
f 758//758 2374//2374 1137//1137
f 2138//2138 3641//3641 3212//3212
f 3332//3332 1417//1417 2625//2625
f 3348//3348 2922//2922 1084//1084
f 3677//3677 4491//4491 2291//2291
f 4737//4737 3401//3401 4711//4711
f 412//412 387//387 2195//2195
f 3167//3167 3027//3027 404//404
f 2091//2091 1363//1363 4534//4534
f 1950//1950 4534//4534 1363//1363
f 3345//3345 4145//4145 4535//4535
f 4291//4291 4535//4535 4145//4145
f 2200//2200 398//398 2014//2014
f 3068//3068 2417//2417 4536//4536
f 2417//2417 3068//3068 1436//1436
f 2519//2519 2598//2598 568//568
f 922//922 4589//4589 4537//4537
f 921//921 4537//4537 909//909
f 3004//3004 3120//3120 584//584
f 793//793 4484//4484 835//835
f 3628//3628 2827//2827 4771//4771
f 2043//2043 3582//3582 1005//1005
f 4538//4538 4208//4208 304//304
f 457//457 4538//4538 304//304
f 3977//3977 1942//1942 4535//4535
f 3025//3025 2433//2433 2724//2724
f 2245//2245 4539//4539 2912//2912
f 2414//2414 1231//1231 3317//3317
f 2301//2301 3527//3527 935//935
f 2730//2730 147//147 4540//4540
f 3324//3324 4540//4540 4071//4071
f 3800//3800 86//86 2543//2543
f 3582//3582 971//971 4541//4541
f 382//382 428//428 4542//4542
f 3787//3787 4542//4542 428//428
f 838//838 3950//3950 1158//1158
f 2701//2701 237//237 4543//4543
f 249//249 4543//4543 237//237
f 2834//2834 3358//3358 4544//4544
f 3358//3358 2834//2834 915//915
f 2849//2849 295//295 3998//3998
f 3424//3424 951//951 2800//2800
f 3144//3144 3017//3017 4476//4476
f 3608//3608 3829//3829 981//981
f 3588//3588 2354//2354 4104//4104
f 1920//1920 1344//1344 2948//2948
f 2711//2711 164//164 4545//4545
f 4022//4022 4545//4545 164//164
f 4674//4674 674//674 672//672
f 2760//2760 4727//4727 4546//4546
f 4762//4762 4546//4546 4727//4727
f 2961//2961 434//434 4547//4547
f 3338//3338 4547//4547 434//434
f 3194//3194 3259//3259 960//960
f 2644//2644 1332//1332 2287//2287
f 3442//3442 2457//2457 4123//4123
f 3530//3530 634//634 2573//2573
f 3132//3132 1342//1342 2667//2667
f 3583//3583 54//54 3880//3880
f 3599//3599 5//5 4548//4548
f 650//650 4548//4548 5//5
f 2960//2960 183//183 3331//3331
f 3277//3277 1407//1407 2361//2361
f 3863//3863 2185//2185 4549//4549
f 2185//2185 3863//3863 3634//3634
f 2316//2316 2856//2856 3579//3579
f 1600//1600 3613//3613 1601//1601
f 3281//3281 4701//4701 4550//4550
f 4145//4145 4550//4550 4701//4701
f 2246//2246 3571//3571 908//908
f 140//140 3388//3388 4551//4551
f 1677//1677 3388//3388 123//123
f 2000//2000 3979//3979 368//368
f 2472//2472 628//628 3223//3223
f 4552//4552 4308//4308 4756//4756
f 2865//2865 4552//4552 4756//4756
f 2381//2381 3556//3556 4187//4187
f 3758//3758 1083//1083 2438//2438
f 2808//2808 3286//3286 4553//4553
f 2020//2020 3307//3307 4016//4016
f 4084//4084 923//923 3653//3653
f 3493//3493 1225//1225 4554//4554
f 2155//2155 4554//4554 1225//1225
f 3678//3678 3344//3344 1300//1300
f 3198//3198 496//496 1984//1984
f 2457//2457 3214//3214 3908//3908
f 2501//2501 39//39 4555//4555
f 2937//2937 4555//4555 39//39
f 2789//2789 2188//2188 4765//4765
f 2075//2075 407//407 3782//3782
f 3191//3191 3283//3283 2360//2360
f 4335//4335 1661//1661 1660//1660
f 4106//4106 2906//2906 4556//4556
f 1979//1979 888//888 4557//4557
f 1571//1571 3646//3646 1572//1572
f 4029//4029 345//345 2121//2121
f 3905//3905 1015//1015 4559//4559
f 2154//2154 4559//4559 1015//1015
f 3611//3611 2559//2559 28//28
f 2454//2454 381//381 3525//3525
f 680//680 4207//4207 4379//4379
f 3197//3197 3426//3426 3434//3434
f 1243//1243 4413//4413 4560//4560
f 4354//4354 4560//4560 4588//4588
f 3349//3349 223//223 2338//2338
f 3311//3311 1102//1102 4561//4561
f 2850//2850 4561//4561 1102//1102
f 4471//4471 1257//1257 4197//4197
f 2720//2720 569//569 4562//4562
f 3446//3446 4562//4562 569//569
f 2390//2390 4291//4291 2360//2360
f 3091//3091 98//98 2596//2596
f 2862//2862 610//610 4563//4563
f 3065//3065 2462//2462 4564//4564
f 2462//2462 3065//3065 1153//1153
f 3712//3712 2464//2464 465//465
f 3328//3328 462//462 2507//2507
f 2985//2985 3194//3194 960//960
f 1984//1984 496//496 4565//4565
f 539//539 4565//4565 496//496
f 2605//2605 912//912 4566//4566
f 3002//3002 4566//4566 912//912
f 1569//1569 2763//2763 1570//1570
f 4283//4283 3864//3864 426//426
f 4055//4055 1443//1443 4567//4567
f 2906//2906 4567//4567 1443//1443
f 4568//4568 538//538 4570//4570
f 2471//2471 4568//4568 4570//4570
f 3848//3848 874//874 3912//3912
f 4495//4495 1594//1594 1569//1569
f 1219//1219 1455//1455 4569//4569
f 3118//3118 4569//4569 1455//1455
f 2925//2925 3351//3351 3523//3523
f 3105//3105 1142//1142 2337//2337
f 2930//2930 3282//3282 1374//1374
f 4066//4066 4387//4387 1963//1963
f 3093//3093 3270//3270 4037//4037
f 3931//3931 956//956 2065//2065
f 1198//1198 1197//1197 4712//4712
f 4562//4562 513//513 3140//3140
f 2309//2309 4570//4570 4130//4130
f 3876//3876 2512//2512 4571//4571
f 2512//2512 3876//3876 408//408
f 776//776 774//774 4343//4343
f 2025//2025 2749//2749 4572//4572
f 2308//2308 4572//4572 2749//2749
f 2952//2952 285//285 2814//2814
f 3187//3187 629//629 4573//4573
f 3374//3374 4573//4573 629//629
f 2067//2067 1469//1469 4575//4575
f 2630//2630 4525//4525 1058//1058
f 3785//3785 523//523 489//489
f 3429//3429 2469//2469 3209//3209
f 2512//2512 408//408 3462//3462
f 4578//4578 1051//1051 2876//2876
f 4375//4375 4186//4186 1168//1168
f 4576//4576 4591//4591 134//134
f 3177//3177 4576//4576 134//134
f 2498//2498 234//234 3155//3155
f 1995//1995 4118//4118 1432//1432
f 3708//3708 4267//4267 2353//2353
f 2566//2566 993//993 3699//3699
f 3076//3076 329//329 2614//2614
f 1617//1617 3483//3483 4469//4469
f 2982//2982 1091//1091 2021//2021
f 3268//3268 544//544 4577//4577
f 3138//3138 695//695 3414//3414
f 3466//3466 1077//1077 4578//4578
f 3029//3029 4578//4578 1077//1077
f 3337//3337 4029//4029 2456//2456
f 2683//2683 4441//4441 3334//3334
f 2165//2165 1309//1309 3952//3952
f 2035//2035 4535//4535 4291//4291
f 3431//3431 3157//3157 4579//4579
f 3157//3157 3431//3431 104//104
f 3565//3565 2410//2410 4098//4098
f 2728//2728 2368//2368 4580//4580
f 2368//2368 2728//2728 484//484
f 3382//3382 303//303 3038//3038
f 3333//3333 2594//2594 3937//3937
f 2685//2685 771//771 1163//1163
f 3413//3413 1470//1470 4582//4582
f 2356//2356 4582//4582 1470//1470
f 3844//3844 3919//3919 4583//4583
f 564//564 4583//4583 3919//3919
f 902//902 914//914 4115//4115
f 3425//3425 3101//3101 4201//4201
f 3357//3357 2483//2483 3469//3469
f 1658//1658 3592//3592 1659//1659
f 3022//3022 3344//3344 1280//1280
f 3040//3040 147//147 2730//2730
f 3721//3721 984//984 2401//2401
f 757//757 610//610 2862//2862
f 266//266 253//253 4584//4584
f 4180//4180 4584//4584 253//253
f 3335//3335 1084//1084 4585//4585
f 4213//4213 3890//3890 3619//3619
f 2568//2568 357//357 4586//4586
f 3334//3334 4586//4586 357//357
f 2035//2035 3977//3977 4535//4535
f 3655//3655 438//438 4299//4299
f 3749//3749 1021//1021 4587//4587
f 2991//2991 4587//4587 1021//1021
f 4588//4588 4386//4386 1306//1306
f 4354//4354 4588//4588 1306//1306
f 2845//2845 44//44 3051//3051
f 4647//4647 505//505 4063//4063
f 885//885 909//909 4589//4589
f 4537//4537 4589//4589 909//909
f 4252//4252 4141//4141 105//105
f 1535//1535 1448//1448 4117//4117
f 3070//3070 3245//3245 615//615
f 4034//4034 1337//1337 2197//2197
f 970//970 1013//1013 4590//4590
f 4350//4350 4590//4590 1013//1013
f 3215//3215 4591//4591 133//133
f 906//906 2757//2757 907//907
f 42//42 2612//2612 72//72
f 3249//3249 982//982 2649//2649
f 4248//4248 99//99 4351//4351
f 2713//2713 567//567 2177//2177
f 173//173 195//195 4592//4592
f 4176//4176 4592//4592 195//195
f 2578//2578 1403//1403 3734//3734
f 3215//3215 3991//3991 3355//3355
f 217//217 203//203 2244//2244
f 1250//1250 1283//1283 4593//4593
f 2699//2699 4593//4593 1283//1283
f 3674//3674 3468//3468 2807//2807
f 3016//3016 1110//1110 2759//2759
f 3264//3264 3079//3079 2981//2981
f 3129//3129 124//124 4594//4594
f 2506//2506 4594//4594 124//124
f 2333//2333 3862//3862 3723//3723
f 4532//4532 3826//3826 1271//1271
f 2072//2072 4194//4194 1362//1362
f 3158//3158 108//108 3340//3340
f 3258//3258 1287//1287 2628//2628
f 2127//2127 2310//2310 1391//1391
f 3465//3465 3133//3133 918//918
f 2858//2858 1393//1393 4595//4595
f 2039//2039 4595//4595 1393//1393
f 4596//4596 4485//4485 1085//1085
f 1051//1051 4596//4596 1085//1085
f 2477//2477 486//486 3746//3746
f 3294//3294 1461//1461 3521//3521
f 3956//3956 967//967 3874//3874
f 4197//4197 1256//1256 2628//2628
f 2251//2251 954//954 3881//3881
f 4134//4134 4597//4597 3931//3931
f 2074//2074 107//107 2601//2601
f 216//216 254//254 4598//4598
f 266//266 4598//4598 4357//4357
f 2373//2373 4019//4019 3638//3638
f 2486//2486 636//636 2016//2016
f 1344//1344 1345//1345 4599//4599
f 1347//1347 4599//4599 1345//1345
f 3611//3611 627//627 2240//2240
f 3734//3734 4727//4727 4600//4600
f 1364//1364 4600//4600 4727//4727
f 3010//3010 3648//3648 4601//4601
f 3648//3648 3010//3010 945//945
f 3655//3655 439//439 2379//2379
f 2596//2596 98//98 4602//4602
f 3256//3256 3415//3415 435//435
f 314//314 4097//4097 775//775
f 2176//2176 1460//1460 3569//3569
f 2106//2106 2300//2300 1297//1297
f 2500//2500 4603//4603 554//554
f 3411//3411 3267//3267 1334//1334
f 4395//4395 24//24 705//705
f 921//921 3897//3897 4537//4537
f 2152//2152 973//973 3097//3097
f 4211//4211 4382//4382 1161//1161
f 3681//3681 2549//2549 1401//1401
f 2816//2816 3652//3652 4604//4604
f 3652//3652 2816//2816 415//415
f 2528//2528 4119//4119 3725//3725
f 3162//3162 2678//2678 1420//1420
f 2384//2384 3563//3563 3781//3781
f 3416//3416 2351//2351 4390//4390
f 2388//2388 3710//3710 422//422
f 2793//2793 331//331 808//808
f 2865//2865 4756//4756 3030//3030
f 3560//3560 2148//2148 4350//4350
f 2510//2510 3619//3619 4605//4605
f 3045//3045 1294//1294 3535//3535
f 2508//2508 3605//3605 420//420
f 4606//4606 4061//4061 155//155
f 4465//4465 4606//4606 155//155
f 2639//2639 4525//4525 3485//3485
f 2279//2279 3543//3543 441//441
f 3576//3576 2918//2918 549//549
f 2572//2572 3524//3524 4607//4607
f 3524//3524 2572//2572 936//936
f 4167//4167 1101//1101 4608//4608
f 1105//1105 4608//4608 1101//1101
f 3137//3137 2832//2832 207//207
f 3564//3564 1420//1420 2678//2678
f 4609//4609 3595//3595 3712//3712
f 3534//3534 4609//4609 3712//3712
f 3558//3558 543//543 4610//4610
f 3069//3069 4610//4610 543//543
f 217//217 3439//3439 203//203
f 3395//3395 3944//3944 2636//2636
f 2060//2060 2753//2753 1299//1299
f 2806//2806 3635//3635 470//470
f 3597//3597 613//613 763//763
f 3139//3139 2520//2520 4230//4230
f 3379//3379 348//348 4611//4611
f 3440//3440 4611//4611 348//348
f 3206//3206 441//441 3543//3543
f 4728//4728 2261//2261 3557//3557
f 3561//3561 3699//3699 3609//3609
f 3485//3485 4525//4525 3098//3098
f 2355//2355 4758//4758 1430//1430
f 895//895 909//909 4612//4612
f 885//885 4612//4612 909//909
f 3732//3732 1741//1741 4614//4614
f 228//228 269//269 4615//4615
f 2404//2404 4615//4615 269//269
f 4138//4138 3647//3647 601//601
f 4423//4423 4509//4509 4616//4616
f 4052//4052 4616//4616 4509//4509
f 4210//4210 1447//1447 3234//3234
f 4129//4129 4617//4617 4225//4225
f 4618//4618 2822//2822 178//178
f 1675//1675 4618//4618 178//178
f 2455//2455 3970//3970 176//176
f 3496//3496 1811//1811 1810//1810
f 4615//4615 3752//3752 228//228
f 4393//4393 252//252 4619//4619
f 265//265 4619//4619 4295//4295
f 4275//4275 3201//3201 1128//1128
f 4180//4180 253//253 4620//4620
f 4376//4376 1690//1690 4621//4621
f 4356//4356 647//647 4622//4622
f 647//647 4356//4356 850//850
f 2600//2600 420//420 3605//3605
f 3247//3247 867//867 4623//4623
f 3242//3242 4623//4623 4185//4185
f 4147//4147 3508//3508 651//651
f 2332//2332 3246//3246 4624//4624
f 3246//3246 2332//2332 1341//1341
f 3636//3636 256//256 4625//4625
f 3174//3174 4625//4625 256//256
f 3370//3370 1185//1185 4626//4626
f 1204//1204 4626//4626 3958//3958
f 3659//3659 309//309 2862//2862
f 3300//3300 676//676 675//675
f 3533//3533 2761//2761 4627//4627
f 2761//2761 3533//3533 1030//1030
f 3714//3714 2840//2840 4695//4695
f 3616//3616 994//994 3036//3036
f 3669//3669 47//47 2543//2543
f 2893//2893 1239//1239 3471//3471
f 3871//3871 1063//1063 4628//4628
f 761//761 3580//3580 3563//3563
f 3181//3181 162//162 3494//3494
f 360//360 374//374 3756//3756
f 3438//3438 3464//3464 4069//4069
f 3629//3629 290//290 2908//2908
f 1443//1443 1442//1442 4556//4556
f 2653//2653 983//983 4629//4629
f 953//953 4629//4629 983//983
f 3479//3479 1587//1587 1586//1586
f 2786//2786 1332//1332 2644//2644
f 229//229 206//206 4630//4630
f 2084//2084 4630//4630 206//206
f 2602//2602 1705//1705 3713//3713
f 4120//4120 4526//4526 2772//2772
f 3306//3306 3238//3238 924//924
f 3867//3867 4623//4623 866//866
f 3546//3546 2553//2553 3497//3497
f 554//554 590//590 2745//2745
f 3283//3283 2390//2390 2360//2360
f 2678//2678 3632//3632 3564//3564
f 2981//2981 1322//1322 2378//2378
f 690//690 2382//2382 1595//1595
f 3855//3855 2992//2992 321//321
f 2274//2274 3985//3985 4631//4631
f 3985//3985 2274//2274 28//28
f 4626//4626 1185//1185 3958//3958
f 3628//3628 1212//1212 2442//2442
f 3419//3419 3497//3497 872//872
f 2033//2033 585//585 4159//4159
f 4372//4372 4393//4393 279//279
f 3250//3250 436//436 3518//3518
f 1454//1454 2729//2729 1012//1012
f 2664//2664 3670//3670 1815//1815
f 3997//3997 4595//4595 2575//2575
f 3107//3107 2775//2775 4396//4396
f 2646//2646 3163//3163 841//841
f 3086//3086 3422//3422 214//214
f 2685//2685 2818//2818 4632//4632
f 3963//3963 4506//4506 1308//1308
f 3677//3677 599//599 3237//3237
f 4314//4314 3943//3943 3671//3671
f 2920//2920 96//96 3709//3709
f 4696//4696 3212//3212 3641//3641
f 2157//2157 4066//4066 35//35
f 3595//3595 4304//4304 4633//4633
f 2824//2824 4633//4633 4304//4304
f 3103//3103 4569//4569 1269//1269
f 3216//3216 1145//1145 1799//1799
f 1335//1335 1029//1029 2423//2423
f 2970//2970 450//450 4634//4634
f 4171//4171 4634//4634 450//450
f 4278//4278 846//846 681//681
f 2484//2484 214//214 4635//4635
f 3755//3755 4635//4635 214//214
f 3953//3953 351//351 2191//2191
f 29//29 2880//2880 41//41
f 3477//3477 912//912 2962//2962
f 3968//3968 1124//1124 4636//4636
f 1480//1480 1790//1790 4637//4637
f 2848//2848 1314//1314 4638//4638
f 3416//3416 4638//4638 1314//1314
f 2823//2823 997//997 4308//4308
f 2609//2609 177//177 2822//2822
f 3067//3067 3772//3772 890//890
f 3686//3686 1351//1351 4639//4639
f 2496//2496 4639//4639 1351//1351
f 3285//3285 3538//3538 2704//2704
f 4082//4082 831//831 2432//2432
f 785//785 3824//3824 786//786
f 2679//2679 3504//3504 2366//2366
f 2386//2386 4640//4640 3476//3476
f 49//49 56//56 4641//4641
f 65//65 4641//4641 56//56
f 4189//4189 779//779 792//792
f 2837//2837 3470//3470 586//586
f 3053//3053 4132//4132 3366//3366
f 3225//3225 33//33 4642//4642
f 2845//2845 4642//4642 33//33
f 4750//4750 90//90 4643//4643
f 3126//3126 4643//4643 90//90
f 3075//3075 4587//4587 4644//4644
f 2991//2991 4644//4644 4587//4587
f 2275//2275 530//530 1724//1724
f 2881//2881 1405//1405 3627//3627
f 2002//2002 351//351 3953//3953
f 2362//2362 4041//4041 4645//4645
f 3876//3876 4645//4645 4041//4041
f 3340//3340 108//108 4646//4646
f 3542//3542 4646//4646 108//108
f 2340//2340 1088//1088 2211//2211
f 3368//3368 897//897 2842//2842
f 2059//2059 2652//2652 925//925
f 2371//2371 3139//3139 4230//4230
f 2655//2655 2574//2574 1373//1373
f 4063//4063 4702//4702 4647//4647
f 1583//1583 4647//4647 4702//4702
f 3733//3733 1739//1739 2603//2603
f 2137//2137 435//435 4648//4648
f 2703//2703 3994//3994 3932//3932
f 3186//3186 776//776 314//314
f 3868//3868 157//157 4649//4649
f 158//158 4649//4649 157//157
f 3146//3146 3539//3539 4650//4650
f 2784//2784 413//413 3767//3767
f 3920//3920 2464//2464 4121//4121
f 556//556 581//581 4651//4651
f 2717//2717 4651//4651 581//581
f 3110//3110 4734//4734 4652//4652
f 145//145 4652//4652 4734//4734
f 2147//2147 3098//3098 1103//1103
f 3610//3610 210//210 4653//4653
f 3904//3904 2772//2772 4526//4526
f 851//851 4442//4442 649//649
f 3028//3028 3433//3433 3650//3650
f 3561//3561 1068//1068 2142//2142
f 451//451 1717//1717 4654//4654
f 3384//3384 3308//3308 4656//4656
f 3308//3308 3384//3384 3539//3539
f 3151//3151 2607//2607 2782//2782
f 2216//2216 3800//3800 2535//2535
f 2703//2703 1759//1759 1758//1758
f 2559//2559 3985//3985 28//28
f 3024//3024 353//353 4657//4657
f 3691//3691 4657//4657 4315//4315
f 3716//3716 3187//3187 4573//4573
f 3235//3235 2227//2227 43//43
f 160//160 3993//3993 4367//4367
f 3853//3853 196//196 2953//2953
f 3241//3241 1074//1074 2988//2988
f 3398//3398 962//962 3456//3456
f 2791//2791 4209//4209 2562//2562
f 3184//3184 464//464 454//454
f 3670//3670 3496//3496 1304//1304
f 3869//3869 590//590 4658//4658
f 3841//3841 4658//4658 590//590
f 610//610 3503//3503 588//588
f 1032//1032 1044//1044 2727//2727
f 4131//4131 519//519 4455//4455
f 3424//3424 940//940 3420//3420
f 4048//4048 4622//4622 287//287
f 3650//3650 1371//1371 2145//2145
f 2437//2437 4149//4149 247//247
f 3929//3929 2900//2900 2714//2714
f 3019//3019 4100//4100 23//23
f 4294//4294 3172//3172 1213//1213
f 3664//3664 2970//2970 3623//3623
f 3731//3731 582//582 4659//4659
f 2866//2866 4659//4659 582//582
f 2561//2561 397//397 1923//1923
f 2581//2581 4043//4043 3727//3727
f 4027//4027 734//734 4660//4660
f 4125//4125 2394//2394 261//261
f 2394//2394 4125//4125 236//236
f 2937//2937 26//26 4093//4093
f 3321//3321 335//335 3035//3035
f 2319//2319 605//605 582//582
f 207//207 231//231 4661//4661
f 4396//4396 4661//4661 231//231
f 3837//3837 3079//3079 1274//1274
f 3250//3250 449//449 3623//3623
f 3726//3726 1380//1380 4662//4662
f 2854//2854 4662//4662 1380//1380
f 3168//3168 55//55 4663//4663
f 2940//2940 4663//4663 55//55
f 555//555 4499//4499 4664//4664
f 617//617 4664//4664 3298//3298
f 4016//4016 3859//3859 4202//4202
f 3453//3453 4686//4686 473//473
f 2620//2620 4047//4047 1034//1034
f 2259//2259 185//185 4665//4665
f 2449//2449 4665//4665 185//185
f 3905//3905 3682//3682 1038//1038
f 1891//1891 1437//1437 4666//4666
f 1528//1528 4666//4666 1510//1510
f 3546//3546 906//906 3430//3430
f 4252//4252 106//106 4667//4667
f 93//93 4667//4667 106//106
f 4265//4265 4451//4451 1521//1521
f 954//954 1275//1275 2676//2676
f 2859//2859 442//442 4668//4668
f 3081//3081 4668//4668 442//442
f 2734//2734 3955//3955 1349//1349
f 4292//4292 288//288 4669//4669
f 287//287 4669//4669 288//288
f 2932//2932 1187//1187 3468//3468
f 3790//3790 264//264 4670//4670
f 2752//2752 4670//4670 1929//1929
f 2965//2965 3271//3271 1274//1274
f 3459//3459 3697//3697 3809//3809
f 3918//3918 2302//2302 4340//4340
f 2758//2758 2839//2839 4671//4671
f 2839//2839 2758//2758 1028//1028
f 2185//2185 3634//3634 389//389
f 2852//2852 3255//3255 4325//4325
f 4200//4200 206//206 4672//4672
f 191//191 4672//4672 206//206
f 2220//2220 4415//4415 4673//4673
f 2974//2974 4673//4673 4415//4415
f 2659//2659 4246//4246 3940//3940
f 3959//3959 3167//3167 404//404
f 2493//2493 4427//4427 4674//4674
f 4023//4023 4674//4674 4427//4427
f 560//560 4163//4163 559//559
f 2586//2586 1303//1303 4380//4380
f 3114//3114 309//309 4675//4675
f 3659//3659 4675//4675 309//309
f 2951//2951 3935//3935 262//262
f 3306//3306 3527//3527 925//925
f 976//976 3620//3620 961//961
f 3520//3520 4676//4676 473//473
f 3105//3105 1166//1166 4385//4385
f 3454//3454 3557//3557 938//938
f 4677//4677 1623//1623 1218//1218
f 3805//3805 4677//4677 3230//3230
f 2339//2339 4183//4183 186//186
f 1879//1879 190//190 631//631
f 4105//4105 2285//2285 1219//1219
f 3343//3343 3104//3104 167//167
f 3567//3567 2053//2053 1203//1203
f 4159//4159 585//585 2328//2328
f 3841//3841 553//553 2309//2309
f 3846//3846 602//602 4678//4678
f 3031//3031 4678//4678 602//602
f 2396//2396 3032//3032 4160//4160
f 758//758 4262//4262 310//310
f 1981//1981 34//34 4387//4387
f 3366//3366 4132//4132 4679//4679
f 3227//3227 4679//4679 4132//4132
f 4628//4628 4057//4057 1062//1062
f 2372//2372 4341//4341 4680//4680
f 3687//3687 4680//4680 4341//4341
f 3566//3566 2526//2526 3806//3806
f 4074//4074 2509//2509 89//89
f 3552//3552 3810//3810 3515//3515
f 2635//2635 4330//4330 3724//3724
f 4470//4470 3319//3319 2912//2912
f 2873//2873 3939//3939 4681//4681
f 3765//3765 4681//4681 2914//2914
f 2633//2633 3295//3295 2759//2759
f 3464//3464 3660//3660 4195//4195
f 3254//3254 3585//3585 218//218
f 3131//3131 1080//1080 3352//3352
f 3394//3394 3482//3482 950//950
f 3422//3422 166//166 3755//3755
f 3064//3064 617//617 4682//4682
f 792//792 4682//4682 617//617
f 3386//3386 3749//3749 3456//3456
f 2649//2649 982//982 4683//4683
f 3910//3910 4683//4683 982//982
f 1082//1082 1087//1087 4684//4684
f 1105//1105 4684//4684 1087//1087
f 2248//2248 472//472 3516//3516
f 4757//4757 877//877 2984//2984
f 3526//3526 2305//2305 1140//1140
f 2610//2610 3752//3752 631//631
f 3817//3817 4052//4052 2294//2294
f 4479//4479 3421//3421 1152//1152
f 3510//3510 936//936 4685//4685
f 2834//2834 4685//4685 936//936
f 3535//3535 3271//3271 1291//1291
f 4412//4412 1377//1377 4087//4087
f 4073//4073 3691//3691 3883//3883
f 3393//3393 1343//1343 2997//2997
f 3664//3664 3099//3099 504//504
f 536//536 508//508 4686//4686
f 4110//4110 865//865 2604//2604
f 4593//4593 4277//4277 1250//1250
f 4085//4085 1349//1349 4687//4687
f 4662//4662 4687//4687 1349//1349
f 3630//3630 2650//2650 597//597
f 473//473 474//474 2587//2587
f 2606//2606 4085//4085 3963//3963
f 2966//2966 1028//1028 3740//3740
f 3151//3151 3627//3627 3799//3799
f 3243//3243 1019//1019 2785//2785
f 3397//3397 3623//3623 4688//4688
f 2407//2407 3547//3547 3505//3505
f 3932//3932 3994//3994 2794//2794
f 138//138 154//154 4170//4170
f 3510//3510 3620//3620 2765//2765
f 3682//3682 3905//3905 3487//3487
f 3899//3899 541//541 3856//3856
f 3639//3639 959//959 4689//4689
f 2132//2132 4689//4689 959//959
f 3319//3319 113//113 3190//3190
f 2705//2705 2883//2883 140//140
f 3001//3001 2496//2496 1351//1351
f 3122//3122 465//465 3920//3920
f 3131//3131 2311//2311 4690//4690
f 2311//2311 3131//3131 1053//1053
f 2395//2395 4220//4220 4608//4608
f 3272//3272 977//977 3786//3786
f 553//553 2471//2471 4570//4570
f 4663//4663 46//46 4691//4691
f 4332//4332 4691//4691 46//46
f 4387//4387 34//34 4692//4692
f 1549//1549 4692//4692 34//34
f 4664//4664 4499//4499 3298//3298
f 1134//1134 1160//1160 4007//4007
f 3608//3608 981//981 2654//2654
f 3647//3647 2324//2324 3314//3314
f 2598//2598 576//576 4693//4693
f 3314//3314 4693//4693 576//576
f 3277//3277 4747//4747 3649//3649
f 3692//3692 2570//2570 1354//1354
f 2299//2299 391//391 4284//4284
f 2655//2655 1373//1373 3720//3720
f 2597//2597 906//906 3546//3546
f 3624//3624 3744//3744 4135//4135
f 3228//3228 3872//3872 3735//3735
f 4150//4150 2726//2726 933//933
f 2105//2105 216//216 4694//4694
f 2254//2254 4694//4694 216//216
f 3834//3834 3108//3108 683//683
f 3553//3553 181//181 3746//3746
f 4253//4253 2203//2203 896//896
f 3355//3355 3991//3991 2874//2874
f 3371//3371 2848//2848 1330//1330
f 4093//4093 20//20 714//714
f 3861//3861 1360//1360 4696//4696
f 3212//3212 4696//4696 1360//1360
f 3773//3773 918//918 3133//3133
f 3862//3862 1334//1334 2181//2181
f 3781//3781 3580//3580 3003//3003
f 3589//3589 3716//3716 459//459
f 3061//3061 4008//4008 4697//4697
f 4008//4008 3061//3061 1216//1216
f 3900//3900 4763//4763 475//475
f 3081//3081 3534//3534 3878//3878
f 3289//3289 1425//1425 2946//2946
f 3738//3738 1266//1266 4698//4698
f 4004//4004 4698//4698 1266//1266
f 4699//4699 4426//4426 89//89
f 101//101 4699//4699 89//89
f 3367//3367 609//609 749//749
f 2041//2041 4700//4700 66//66
f 3816//3816 3291//3291 4733//4733
f 3865//3865 1071//1071 2694//2694
f 4298//4298 4352//4352 4046//4046
f 4319//4319 4444//4444 3820//3820
f 1887//1887 2446//2446 4701//4701
f 3404//3404 3295//3295 1080//1080
f 1308//1308 2485//2485 3952//3952
f 2886//2886 2811//2811 3799//3799
f 2302//2302 1365//1365 4340//4340
f 3590//3590 1018//1018 3762//3762
f 2067//2067 1471//1471 3673//3673
f 3550//3550 3533//3533 1041//1041
f 3248//3248 3818//3818 2446//2446
f 3640//3640 958//958 2459//2459
f 3549//3549 4284//4284 392//392
f 3933//3933 3035//3035 335//335
f 3973//3973 3940//3940 594//594
f 2898//2898 1581//1581 4702//4702
f 1582//1582 4702//4702 1581//1581
f 3482//3482 907//907 2757//2757
f 4253//4253 4113//4113 910//910
f 3892//3892 3076//3076 336//336
f 2431//2431 4703//4703 3869//3869
f 1374//1374 4160//4160 1366//1366
f 3794//3794 59//59 2571//2571
f 13//13 3109//3109 296//296
f 2819//2819 3630//3630 597//597
f 3880//3880 54//54 2289//2289
f 4199//4199 399//399 2420//2420
f 3514//3514 3753//3753 4704//4704
f 3753//3753 3514//3514 3529//3529
f 3599//3599 289//289 3821//3821
f 3723//3723 3862//3862 1383//1383
f 1858//1858 3763//3763 3679//3679
f 76//76 103//103 4705//4705
f 2492//2492 4705//4705 103//103
f 3084//3084 4272//4272 3751//3751
f 2490//2490 2583//2583 521//521
f 2668//2668 4706//4706 1078//1078
f 4345//4345 2240//2240 627//627
f 4551//4551 3388//3388 1677//1677
f 3579//3579 4283//4283 3813//3813
f 2306//2306 4328//4328 4532//4532
f 2797//2797 3922//3922 3224//3224
f 3377//3377 3144//3144 4707//4707
f 3144//3144 3377//3377 4001//4001
f 4528//4528 1100//1100 4708//4708
f 3554//3554 4708//4708 1100//1100
f 3941//3941 3596//3596 116//116
f 2865//2865 1032//1032 2265//2265
f 534//534 2897//2897 507//507
f 3403//3403 3893//3893 4709//4709
f 3893//3893 3403//3403 331//331
f 3632//3632 4666//4666 2204//2204
f 3994//3994 3010//3010 978//978
f 104//104 125//125 4710//4710
f 3760//3760 4710//4710 3346//3346
f 3252//3252 2942//2942 230//230
f 3025//3025 931//931 3326//3326
f 4101//4101 2552//2552 255//255
f 3618//3618 501//501 3589//3589
f 2362//2362 3106//3106 4041//4041
f 2103//2103 1195//1195 4274//4274
f 3934//3934 1226//1226 2750//2750
f 3988//3988 4723//4723 1265//1265
f 4711//4711 3401//3401 1290//1290
f 3952//3952 4711//4711 1290//1290
f 4697//4697 4039//4039 1222//1222
f 3471//3471 4712//4712 1238//1238
f 2795//2795 2143//2143 3003//3003
f 2367//2367 85//85 4713//4713
f 1956//1956 4713//4713 85//85
f 3156//3156 213//213 4714//4714
f 3614//3614 4714//4714 213//213
f 2891//2891 3515//3515 3810//3810
f 3420//3420 3852//3852 939//939
f 1289//1289 2959//2959 1245//1245
f 3307//3307 3418//3418 985//985
f 2998//2998 335//335 4715//4715
f 3321//3321 4715//4715 335//335
f 4297//4297 2777//2777 1107//1107
f 2571//2571 4136//4136 58//58
f 3018//3018 96//96 4716//4716
f 3399//3399 4716//4716 96//96
f 3342//3342 1282//1282 3802//3802
f 2088//2088 1103//1103 4717//4717
f 2054//2054 4717//4717 1103//1103
f 325//325 810//810 808//808
f 2894//2894 3253//3253 1031//1031
f 4246//4246 607//607 4718//4718
f 837//837 4718//4718 607//607
f 3269//3269 4359//4359 2835//2835
f 3023//3023 341//341 4026//4026
f 4370//4370 3831//3831 2176//2176
f 3071//3071 3863//3863 3770//3770
f 2194//2194 1082//1082 4719//4719
f 2175//2175 4719//4719 1082//1082
f 3699//3699 993//993 3680//3680
f 1371//1371 1328//1328 4720//4720
f 2656//2656 4720//4720 1328//1328
f 3392//3392 4722//4722 3644//3644
f 2396//2396 4160//4160 4721//4721
f 1374//1374 4721//4721 4160//4160
f 2163//2163 3371//3371 3988//3988
f 2905//2905 509//509 4722//4722
f 2393//2393 4722//4722 509//509
f 4015//4015 119//119 2887//2887
f 4004//4004 2892//2892 4723//4723
f 4126//4126 2149//2149 3136//3136
f 3338//3338 487//487 4724//4724
f 3602//3602 4724//4724 487//487
f 4041//4041 3166//3166 383//383
f 4220//4220 2225//2225 4608//4608
f 4427//4427 892//892 4725//4725
f 907//907 4725//4725 892//892
f 3742//3742 3680//3680 993//993
f 2949//2949 466//466 4108//4108
f 3598//3598 1163//1163 4726//4726
f 771//771 4726//4726 1163//1163
f 2760//2760 1318//1318 4727//4727
f 1364//1364 4727//4727 1318//1318
f 3454//3454 3956//3956 4728//4728
f 3956//3956 3454//3454 948//948
f 2089//2089 1148//1148 3921//3921
f 3083//3083 378//378 4729//4729
f 412//412 4729//4729 378//378
f 3991//3991 633//633 2874//2874
f 3818//3818 4206//4206 4730//4730
f 2375//2375 4730//4730 4206//4206
f 3299//3299 4028//4028 3719//3719
f 4731//4731 4586//4586 4441//4441
f 3634//3634 4731//4731 4441//4441
f 2370//2370 4035//4035 4732//4732
f 4035//4035 2370//2370 42//42
f 4471//4471 1258//1258 1937//1937
f 2785//2785 3975//3975 1043//1043
f 1329//1329 3433//3433 1312//1312
f 3291//3291 901//901 4733//4733
f 842//842 652//652 651//651
f 3230//3230 4677//4677 1218//1218
f 3585//3585 204//204 3409//3409
f 4433//4433 169//169 4734//4734
f 4510//4510 4734//4734 169//169
f 2935//2935 3946//3946 4166//4166
f 3224//3224 1431//1431 2797//2797
f 4138//4138 2964//2964 4735//4735
f 2964//2964 4138//4138 3597//3597
f 3888//3888 3481//3481 3842//3842
f 1073//1073 4282//4282 1064//1064
f 1513//1513 1515//1515 4736//4736
f 168//168 3217//3217 156//156
f 670//670 3947//3947 10//10
f 3775//3775 499//499 3202//3202
f 1309//1309 1261//1261 4737//4737
f 2957//2957 4737//4737 1261//1261
f 3918//3918 4340//4340 3436//3436
f 3350//3350 499//499 4738//4738
f 3551//3551 4738//4738 3775//3775
f 4442//4442 852//852 737//737
f 3602//3602 3551//3551 4739//4739
f 3457//3457 4739//4739 3551//3551
f 3807//3807 1389//1389 4740//4740
f 3778//3778 4740//4740 1389//1389
f 1776//1776 1086//1086 4741//4741
f 3244//3244 1611//1611 4742//4742
f 4442//4442 851//851 4743//4743
f 3205//3205 4743//4743 851//851
f 4111//4111 3041//3041 946//946
f 2916//2916 4099//4099 4744//4744
f 1609//1609 4744//4744 1607//1607
f 2565//2565 3198//3198 485//485
f 1107//1107 1124//1124 3968//3968
f 3870//3870 2619//2619 3748//3748
f 3773//3773 4629//4629 2939//2939
f 3891//3891 1317//1317 3360//3360
f 2969//2969 2884//2884 4745//4745
f 2884//2884 2969//2969 885//885
f 3359//3359 4760//4760 3936//3936
f 2465//2465 3987//3987 4746//4746
f 755//755 3903//3903 308//308
f 2306//2306 4532//4532 1271//1271
f 346//346 4083//4083 3646//3646
f 4715//4715 352//352 4227//4227
f 4102//4102 2700//2700 278//278
f 3807//3807 2205//2205 2707//2707
f 1958//1958 4496//4496 4747//4747
f 2249//2249 4747//4747 4496//4496
f 3807//3807 2854//2854 1380//1380
f 1437//1437 1451//1451 1509//1509
f 2820//2820 4015//4015 97//97
f 3612//3612 879//879 3484//3484
f 2610//2610 218//218 227//227
f 2670//2670 4538//4538 456//456
f 3837//3837 3436//3436 1321//1321
f 3643//3643 3900//3900 4748//4748
f 3900//3900 3643//3643 4763//4763
f 3581//3581 1065//1065 2746//2746
f 4748//4748 522//522 498//498
f 1831//1831 4268//4268 1421//1421
f 3317//3317 1231//1231 4749//4749
f 3766//3766 4749//4749 1231//1231
f 3235//3235 43//43 4400//4400
f 2589//2589 4173//4173 975//975
f 3935//3935 4079//4079 3929//3929
f 3755//3755 166//166 3666//3666
f 3717//3717 2651//2651 4406//4406
f 3840//3840 90//90 4750//4750
f 3522//3522 3223//3223 4751//4751
f 3223//3223 3522//3522 74//74
f 3907//3907 1213//1213 3172//3172
f 2891//2891 2871//2871 3717//3717
f 3148//3148 311//311 4752//4752
f 762//762 4752//4752 3563//3563
f 3661//3661 4054//4054 3768//3768
f 4254//4254 2513//2513 4753//4753
f 2513//2513 4254//4254 272//272
f 3404//3404 3581//3581 3554//3554
f 2847//2847 3104//3104 4465//4465
f 4086//4086 971//971 4754//4754
f 3721//3721 4754//4754 971//971
f 3917//3917 4539//4539 66//66
f 3779//3779 3768//3768 4054//4054
f 3579//3579 3813//3813 4755//4755
f 4308//4308 996//996 4756//4756
f 2329//2329 4756//4756 996//996
f 2411//2411 4394//4394 1398//1398
f 3435//3435 3887//3887 1412//1412
f 2076//2076 3429//3429 3695//3695
f 4762//4762 1403//1403 3845//3845
f 3770//3770 413//413 2784//2784
f 3213//3213 4255//4255 3142//3142
f 3549//3549 3756//3756 374//374
f 2503//2503 3997//3997 1394//1394
f 2365//2365 3895//3895 2290//2290
f 3616//3616 955//955 3881//3881
f 687//687 4757//4757 4048//4048
f 3273//3273 2627//2627 3835//3835
f 3761//3761 3937//3937 2594//2594
f 3330//3330 1281//1281 1264//1264
f 3534//3534 3962//3962 4609//4609
f 2608//2608 988//988 2768//2768
f 4736//4736 1434//1434 1430//1430
f 3739//3739 3667//3667 566//566
f 2967//2967 399//399 415//415
f 294//294 283//283 669//669
f 3996//3996 3123//3123 1458//1458
f 612//612 761//761 311//311
f 674//674 4759//4759 12//12
f 669//669 283//283 692//692
f 3782//3782 3787//3787 421//421
f 3820//3820 180//180 4319//4319
f 4067//4067 120//120 2887//2887
f 404//404 393//393 3959//3959
f 4173//4173 4402//4402 2459//2459
f 1042//1042 1043//1043 4760//4760
f 4178//4178 4760//4760 1043//1043
f 3299//3299 3764//3764 3833//3833
f 4516//4516 4162//4162 3989//3989
f 2189//2189 552//552 2079//2079
f 1278//1278 4038//4038 1263//1263
f 4149//4149 2960//2960 247//247
f 3674//3674 4362//4362 3468//3468
f 4031//4031 2276//2276 4761//4761
f 3723//3723 1411//1411 3707//3707
f 2659//2659 4169//4169 4246//4246
f 4723//4723 4039//4039 1265//1265
f 441//441 3260//3260 409//409
f 3338//3338 434//434 3745//3745
f 3930//3930 3638//3638 4019//4019
f 3734//3734 1403//1403 4762//4762
f 4215//4215 476//476 4763//4763
f 475//475 4763//4763 476//476
f 2530//2530 4064//4064 78//78
f 3322//3322 3303//3303 1406//1406
f 3955//3955 3718//3718 3726//3726
f 4336//4336 2353//2353 4267//4267
f 698//698 4288//4288 17//17
f 2085//2085 4040//4040 4764//4764
f 2741//2741 4764//4764 4040//4040
f 4765//4765 2188//2188 1042//1042
f 1041//1041 4765//4765 3550//3550
f 4188//4188 3974//3974 2724//2724
f 4133//4133 3772//3772 2323//2323
f 3568//3568 4504//4504 3688//3688
f 4292//4292 2326//2326 288//288
f 2733//2733 1337//1337 4034//4034
f 3822//3822 1245//1245 4766//4766
f 2959//2959 4766//4766 1245//1245
f 4733//4733 3002//3002 912//912
f 4362//4362 1137//1137 2374//2374
f 4767//4767 2844//2844 1048//1048
f 4504//4504 4767//4767 1048//1048
f 4042//4042 2670//2670 456//456
f 3910//3910 3376//3376 969//969
f 3861//3861 3204//3204 1360//1360
f 4049//4049 2939//2939 4629//4629
f 3341//3341 4768//4768 3984//3984
f 4257//4257 2546//2546 4769//4769
f 2546//2546 4257//4257 209//209
f 3478//3478 1293//1293 4770//4770
f 3544//3544 4770//4770 1293//1293
f 3526//3526 1131//1131 4771//4771
f 2433//2433 4771//4771 1131//1131
f 3886//3886 3445//3445 4276//4276
