# File exported by Houdini 21.0.559 (www.sidefx.com)
# 5045 points
# 30282 vertices
# 10094 primitives
# Bounds: [-1.52005529, -1.6598531, -2.41031432] to [1.51550078, 1.27889574, 2.40684438]
g 
v 0.00831542071 -0.0144563857 -2.41031432
v 0.0735011846 0.143439263 -2.40541434
v 0.215972513 0.265897959 -2.37492251
v 0.244236186 0.362621427 -2.34794354
v 0.532335401 0.908941567 -1.94153106
v 0.596671879 0.952444613 -1.86192346
v 0.604058325 1.05764651 -1.71265924
v 0.680367529 1.12315428 -1.52761245
v 0.694111705 1.15877354 -1.42039895
v 0.797549605 1.20213675 -0.911346734
v 0.73565948 1.1779958 -0.611892104
v 0.693405688 1.13784301 -0.452693582
v 0.529432535 0.922542572 -0.0962523818
v 0.548385739 0.938211203 0.00853794627
v 0.209244549 0.0162367374 -2.39920402
v 0.180216461 0.142649978 -2.39652538
v 0.327214122 0.420733511 -2.31151223
v 0.383716345 0.507928491 -2.26423311
v 0.428777099 0.568922162 -2.22320509
v 0.538115442 0.78066951 -2.05224609
v 0.563737988 0.840939581 -1.99184275
v 0.652229428 0.993722379 -1.77700818
v 0.734528065 1.17109108 -1.33409691
v 0.724010885 1.1948967 -1.24259746
v 0.750509381 1.20351028 -1.13252246
v 0.730671823 1.19508708 -0.71868962
v 0.621655464 1.05378878 -0.251051188
v 0.301885813 -0.0682854131 -2.38226151
v 0.306066871 0.177448839 -2.37145591
v 0.320122361 0.303858459 -2.34548664
v 0.421090901 0.43338567 -2.28013015
v 0.502812326 0.593009353 -2.1829021
v 0.502945662 0.695720315 -2.12468863
v 0.748188913 0.961816251 -1.74927175
v 0.69934541 1.02953255 -1.69021237
v 0.830872118 1.19104552 -0.789627314
v 0.82428205 1.18279696 -0.666380644
v 0.407054216 -0.0410064608 -2.35676003
v 0.4174622 0.133027062 -2.34777522
v 0.409949869 0.24202776 -2.33290887
v 0.412291288 0.348341852 -2.30825186
v 0.484353721 0.493905008 -2.23446155
v 0.624108851 0.786228597 -2.00519085
v 0.63863337 0.863368154 -1.93001461
v 0.700707316 0.915925682 -1.83759677
v 0.757115662 1.05713546 -1.592049
v 0.789078653 1.13510942 -1.38139415
v 0.802523792 1.15561998 -1.29366219
v 0.820954084 1.17015052 -1.19987357
v 0.845977485 1.17824304 -1.09710407
v 0.814663649 1.1731652 -0.575736284
v 0.752160907 1.16160321 -0.515449882
v 0.684591055 1.1081984 -0.349526227
v 0.658381402 1.05095077 -0.143647701
v 0.435514361 0.0439872965 -2.34926009
v 0.502007663 0.191314578 -2.3095963
v 0.496352047 0.293608338 -2.29189348
v 0.494006634 0.390845805 -2.26681399
v 0.58123982 0.523967445 -2.18091583
v 0.593155503 0.619152129 -2.12920451
v 0.607349992 0.70862931 -2.06888628
v 0.695814669 0.790845931 -1.95961761
v 0.779199004 0.998191118 -1.67263484
v 0.858288527 1.04068184 -1.519485
v 0.77536726 1.10362566 -1.47809827
v 0.871194899 1.1803652 -0.990574598
v 0.897640884 1.17707932 -0.885438323
v 0.599898696 0.996915877 -0.0655226856
v 0.618737698 1.01048028 0.0425731838
v 0.502755761 -0.0129594617 -2.32379341
v 0.509883285 0.0881003141 -2.31887484
v 0.581342876 0.244852364 -2.26695108
v 0.573260188 0.340028614 -2.24863338
v 0.571927607 0.430927515 -2.22135186
v 0.684454799 0.637412429 -2.07145572
v 0.693607628 0.72213161 -2.0127883
v 0.746116996 0.830203354 -1.89140093
v 0.811145902 0.876125216 -1.79740083
v 0.84853369 0.990424693 -1.61742592
v 0.863166749 1.08625472 -1.41711962
v 0.856994808 1.11858141 -1.33793175
v 0.88288337 1.12899899 -1.26128423
v 0.775571465 1.14501274 -0.418824673
v 0.602796495 0.0282613039 -2.28030229
v 0.591030777 0.142834514 -2.27886271
v 0.665287137 0.200094298 -2.23406172
v 0.653760731 0.297641784 -2.2204082
v 0.636630177 0.378013462 -2.20793676
v 0.656148851 0.453128725 -2.17243099
v 0.671571434 0.545760989 -2.12585378
v 0.770259976 0.743958414 -1.94708288
v 0.835020602 0.939162731 -1.70422566
v 0.941090584 1.07556474 -1.33160067
v 0.911197245 1.13884711 -1.16718102
v 0.940665245 1.14445865 -1.06465793
v 0.927182674 1.16912198 -0.802130342
v 0.917530715 1.1695416 -0.712546051
v 0.912229657 1.16346824 -0.592235267
v 0.846905589 1.16098487 -0.495176971
v 0.557264388 0.960378408 0.11101944
v 0.689956009 0.0196434204 -2.23552895
v 0.676108837 0.101590618 -2.24018168
v 0.736108899 0.254372507 -2.18393016
v 0.723134995 0.364753753 -2.16428351
v 0.744683504 0.469156444 -2.11656547
v 0.760697722 0.563427627 -2.0652132
v 0.854673386 0.676116526 -1.93368256
v 0.849546492 0.777378976 -1.86015964
v 0.907303452 0.864246249 -1.72583354
v 0.904642463 0.929325104 -1.64924037
v 0.945648789 0.961337924 -1.55500627
v 0.946266532 1.02345824 -1.44429922
v 0.956351519 1.09985006 -1.23232782
v 1.0105958 1.09229302 -1.14313066
v 0.964638114 1.14801288 -0.958736837
v 0.876831472 1.1476661 -0.392976403
v 0.800661385 1.13064587 -0.311364472
v 0.724756062 1.09783232 -0.227413237
v 0.753144979 0.0608551838 -2.19650865
v 0.744911671 0.156078607 -2.19427252
v 0.809113681 0.299357772 -2.12735367
v 0.814047098 0.39530313 -2.09836316
v 0.831962883 0.485373974 -2.05313206
v 0.849338889 0.578307331 -1.9964236
v 1.02725887 1.04927695 -1.25363386
v 1.0295651 1.10707676 -1.02707469
v 0.998736978 1.14608026 -0.763624191
v 0.756499767 1.09466934 -0.114855856
v 0.685078979 1.05576992 -0.0349064395
v 0.626088858 1.03270197 0.161893308
v 0.831542969 0.00742697204 -2.1413753
v 0.819063485 0.112888306 -2.14920568
v 0.811008811 0.204570085 -2.14420915
v 0.881633699 0.33290273 -2.06659913
v 0.88241899 0.414585531 -2.04260802
v 0.93512696 0.595362723 -1.91781497
v 0.996687591 0.802474022 -1.70066941
v 1.04513764 0.823454201 -1.62256014
v 1.05000198 0.883924961 -1.53750002
v 1.01665294 0.95920682 -1.46753907
v 1.03752947 0.996223569 -1.36328506
v 1.08549225 1.0626179 -1.07952321
v 0.910058558 1.13631427 -0.284873843
v 0.780846119 1.09790611 -0.00353966118
v 0.916468501 -0.00677878736 -2.0728004
v 0.893316209 0.0850020945 -2.09432793
v 0.870030761 0.162234619 -2.10675097
v 0.878311455 0.240225211 -2.08832002
v 0.947179794 0.37148729 -2.00164175
v 0.927627265 0.483451903 -1.97903526
v 1.01124537 0.516661704 -1.88868582
v 1.01254272 0.61299324 -1.83525872
v 1.02334428 0.704111516 -1.75980198
v 1.09130955 0.916560173 -1.42822444
v 1.09499884 0.991729498 -1.27283394
v 1.10781789 1.01893651 -1.17039561
v 1.0526402 1.11053622 -0.922751367
v 0.947396874 1.14953768 -0.478883296
v 0.834748387 1.122365 -0.198175296
v 0.967858076 0.0664382279 -2.03007317
v 0.941657603 0.16731374 -2.04660654
v 0.947790623 0.272740483 -2.02469015
v 1.01502562 0.411646277 -1.92598665
v 1.07741606 0.540510714 -1.80761313
v 1.13242292 0.566129208 -1.72765589
v 1.11028147 0.657809198 -1.69568729
v 1.07661307 0.748579383 -1.66116905
v 1.15971279 0.873158813 -1.38640881
v 1.12707245 0.935368538 -1.33334112
v 1.11184382 1.06475842 -0.989626586
v 1.02228975 1.13623571 -0.556679845
v 1.04763162 1.12561107 -0.450971663
v 0.978375316 1.13718939 -0.371451288
v 0.704718113 1.06843901 0.0753247812
v 1.03970623 0.0524558835 -1.95730138
v 1.00946391 0.129842669 -1.98790812
v 1.01159751 0.212823153 -1.97618234
v 1.01544404 0.309113622 -1.95404398
v 1.0809958 0.447027743 -1.84545875
v 1.13812554 0.475524157 -1.76590466
v 1.18277717 0.599826872 -1.63778687
v 1.1533736 0.699059248 -1.60379493
v 1.11269569 0.791297019 -1.56892323
v 1.20081353 0.874566019 -1.30383182
v 1.16377068 0.945527434 -1.23739421
v 1.1562953 1.0142206 -1.06285512
v 1.14417088 1.06275797 -0.877518535
v 1.06790864 1.1134547 -0.821387172
v 0.862688422 1.11934483 -0.0830623955
v 1.10829997 0.0513121635 -1.87774324
v 1.07547545 0.149372965 -1.9163183
v 1.06765985 0.24660404 -1.91294122
v 1.09080446 0.336259991 -1.86802852
v 1.22578466 0.641669869 -1.54000556
v 1.1906625 0.742340922 -1.50371468
v 1.1415807 0.836013496 -1.47104084
v 1.22338176 0.79116416 -1.38730466
v 1.23869848 0.883093834 -1.20162046
v 1.19750631 0.953986049 -1.1350801
v 1.18928373 1.01241374 -0.963938475
v 1.13570106 1.08096325 -0.779418468
v 1.07943475 1.11387205 -0.723774195
v 1.07416689 1.11427438 -0.346722484
v 1.01141882 1.12618625 -0.267536908
v 0.956627369 1.12690604 -0.169724926
v 0.800844848 1.10743117 0.105820045
v 0.661902726 1.07781708 0.266534865
v 1.13754892 0.127662897 -1.84355688
v 1.13418293 0.223702282 -1.83871186
v 1.16698802 0.315694004 -1.78069711
v 1.257038 0.526319623 -1.56624568
v 1.28372133 0.591154337 -1.47710276
v 1.2638278 0.680152237 -1.43670702
v 1.27121103 0.890426815 -1.09858239
v 1.23121428 0.955879867 -1.03330934
v 1.21434832 1.02619374 -0.781179845
v 1.16166782 1.0718118 -0.69139117
v 1.09706032 1.10871792 -0.623847485
v 0.881601751 1.12085938 0.0307883397
v 0.725299716 1.08946431 0.181627303
v 1.19904518 -0.0169955604 -1.73428166
v 1.16942072 0.0610737465 -1.79689264
v 1.18625081 0.152572721 -1.77563846
v 1.19539189 0.235459 -1.7564106
v 1.19074357 0.400374949 -1.72457802
v 1.25199151 0.413265258 -1.62768579
v 1.32213569 0.506525278 -1.45899582
v 1.33232236 0.594184101 -1.37384856
v 1.30273354 0.707920611 -1.32533479
v 1.29894602 0.894183278 -0.998284936
v 1.25907755 0.955720007 -0.936313689
v 1.21932948 1.00550342 -0.880049765
v 1.24199045 1.01779258 -0.663725376
v 1.18309641 1.06449783 -0.591727674
v 1.11747825 1.10107565 -0.523062646
v 1.13989246 1.0912838 -0.422024518
v 0.600267291 1.07272959 0.354331523
v 1.22564113 0.0829073563 -1.71147776
v 1.23839831 0.184283242 -1.69365716
v 1.30841899 0.423987359 -1.52655709
v 1.36306691 0.636848569 -1.26106095
v 1.3369143 0.729650676 -1.21457648
v 1.30659139 0.814939559 -1.15936434
v 1.32273662 0.894862354 -0.899876893
v 1.2787472 0.958331347 -0.838768363
v 1.15433121 1.08436072 -0.329044074
v 0.968861938 1.1235199 -0.0434166715
v 0.899582505 1.12580884 0.14043048
v 1.27812779 0.114857204 -1.62193894
v 1.28946817 0.219722241 -1.60186779
v 1.35032094 0.423012435 -1.44214189
v 1.3836422 0.551884115 -1.28798568
v 1.39023507 0.658641875 -1.15667772
v 1.36448669 0.745275915 -1.10941446
v 1.33386755 0.824073851 -1.0567807
v 1.29636467 0.959408522 -0.733519316
v 1.26234162 1.01053107 -0.558130562
v 1.2037046 1.05606294 -0.490305752
v 1.03741896 1.1188482 -0.195653379
v 1.06858265 1.1099298 -0.116452634
v 0.979375541 1.12402797 0.0691813231
v 0.818475664 1.12093985 0.211870119
v 0.74698323 1.11197686 0.270974427
v 0.70530355 1.11926031 0.369657695
v 1.3040508 0.0569877401 -1.55891109
v 1.3358134 0.250160426 -1.50762665
v 1.34443879 0.343584001 -1.47666502
v 1.38162029 0.364318281 -1.38422561
v 1.40913022 0.569132626 -1.19864821
v 1.38600504 0.758043766 -1.00968647
v 1.35660386 0.829293787 -0.959557652
v 1.34394693 0.892887175 -0.798424065
v 1.23125637 1.04070354 -0.379091591
v 1.10685003 1.10122132 -0.237512931
v 1.06192207 1.11153066 0.00894771423
v 1.00492227 1.12464619 0.179318264
v 0.913420141 1.13358271 0.24684976
v 1.3352704 0.0466987193 -1.47712255
v 1.32813847 0.143067256 -1.5207665
v 1.36207497 0.195816621 -1.44668114
v 1.37360823 0.272619069 -1.4175247
v 1.41513288 0.385203689 -1.28472233
v 1.41633642 0.479829192 -1.24255264
v 1.43295991 0.586187065 -1.09635603
v 1.41283214 0.675892711 -1.05299342
v 1.40021276 0.769128978 -0.924643993
v 1.38014698 0.824351072 -0.863808215
v 1.31641257 0.953738451 -0.624179661
v 1.27382874 1.00688994 -0.467030138
v 0.828500569 1.13639903 0.32775268
v 1.36604989 0.118535787 -1.41865528
v 1.39181089 0.195164248 -1.36239552
v 1.40784681 0.28606683 -1.32000375
v 1.44448113 0.400840223 -1.18064642
v 1.4435252 0.494039178 -1.13932073
v 1.45210338 0.603470325 -0.990301728
v 1.42876709 0.694992542 -0.949803412
v 1.43378115 0.731187165 -0.83724463
v 1.4022522 0.816178083 -0.75933069
v 1.36298013 0.889159024 -0.691840231
v 1.33676565 0.943571389 -0.510176599
v 1.20960903 1.05513048 -0.259924114
v 1.13358092 1.09164715 0.0754651055
v 1.05749238 1.11436367 0.0996172056
v 1.0019635 1.12977445 0.289535433
v 1.36300159 0.0281803533 -1.38005507
v 1.39436448 0.104818881 -1.31691146
v 1.43804574 0.304414093 -1.2165786
v 1.46480751 0.50879401 -1.03380442
v 1.4656117 0.623886108 -0.87961036
v 1.45023203 0.733500242 -0.713976204
v 1.41893351 0.812990367 -0.647300541
v 1.37861907 0.884541035 -0.585536599
v 1.32050133 0.96724093 -0.396682471
v 1.29517984 0.994026423 -0.288114369
v 1.18043339 1.069785 -0.147769764
v 1.1571852 1.08050025 -0.0302920416
v 0.897350192 1.1494323 0.417565763
v 0.793993175 1.15129304 0.446826249
v 0.690830529 1.14637446 0.490576446
v 1.42378771 0.194492862 -1.24691141
v 1.46168375 0.324669152 -1.1168679
v 1.46715403 0.414768934 -1.07713306
v 1.48132777 0.52383554 -0.924016416
v 1.47547126 0.642356932 -0.764443099
v 1.39422786 0.879417777 -0.425969213
v 1.272524 1.01358771 -0.178029791
v 0.871488154 1.16248846 0.520612955
v 1.38340116 0.00995873939 -1.27744603
v 1.41482973 0.0862004682 -1.20961177
v 1.45085919 0.235330239 -1.14365792
v 1.46346772 0.727802217 -0.604573429
v 1.4296447 0.812683582 -0.525801301
v 1.34736049 0.947257817 -0.205615908
v 1.33196223 0.963770807 -0.102106005
v 1.25223446 1.02842867 -0.0645313114
v 1.23239899 1.04178143 0.0627606213
v 1.10368001 1.1033231 0.165411949
v 1.07508552 1.11302269 0.244955391
v 0.993133605 1.13600695 0.388517797
v 0.968758166 1.14683867 0.489722461
v 0.772595763 1.16990519 0.558449864
v 1.3626368 -0.0801753476 -1.24023151
v 1.46737325 0.260269791 -1.06150067
v 1.47859812 0.332487196 -1.01683176
v 1.49099302 0.337372124 -0.908242702
v 1.49337029 0.53952086 -0.807815254
v 1.50120056 0.559124053 -0.677446365
v 1.45385277 0.780027092 -0.410083473
v 1.16471457 1.07928276 0.246201038
v 1.09421694 1.10880232 0.344139874
v 0.851004958 1.17594481 0.621361077
v 1.39486766 -0.00971549377 -1.17137599
v 1.43763852 0.152378529 -1.15121424
v 1.45414948 0.177786171 -1.06433809
v 1.47328067 0.232897952 -0.963315666
v 1.4978224 0.436786205 -0.858161986
v 1.49395227 0.631220818 -0.577758312
v 1.47802007 0.705826819 -0.492867082
v 1.43090892 0.832042515 -0.316703677
v 1.40880311 0.871444702 -0.218708366
v 1.1781317 1.07330108 0.14665255
v 1.06531703 1.12070978 0.456621587
v 0.943540752 1.15838301 0.591860056
v 0.764000297 1.18714571 0.663455427
v 1.42729414 0.0710019693 -1.08858955
v 1.50621402 0.446952909 -0.740624011
v 1.50910127 0.540886462 -0.564688325
v 1.38614976 0.904812694 -0.137493759
v 1.39394426 0.894465923 -0.0352857783
v 1.31652713 0.977976739 0.120643526
v 1.2467984 1.03281879 0.183064118
v 1.18765581 1.06773019 0.346331537
v 1.03761089 1.13216352 0.562787473
v 0.916450143 1.17000318 0.689676046
v 0.835750997 1.18679512 0.705809116
v 1.41553366 0.0191099364 -0.979148805
v 1.48355186 0.251589715 -0.843048155
v 1.49896979 0.346372664 -0.795600832
v 1.50870311 0.44373697 -0.61142534
v 1.51326454 0.474403858 -0.492299318
v 1.4900372 0.684559286 -0.379098177
v 1.47048151 0.752498388 -0.318360984
v 1.43359649 0.836007535 -0.125660762
v 1.31977701 0.974330008 0.229358852
v 1.25261152 1.02754569 0.291929722
v 1.15917301 1.08175182 0.436505169
v 1.126472 1.09717822 0.536123514
v 1.01144636 1.14213455 0.667542875
v 0.768439651 1.20047057 0.774596632
v 1.42955077 0.0613874383 -0.884385288
v 1.44752324 0.118757136 -0.975414157
v 1.46058869 0.156530648 -0.871862233
v 1.50228655 0.35070169 -0.686740279
v 1.50617564 0.589337409 -0.458668202
v 1.49389744 0.681868792 -0.267914116
v 1.46260357 0.776373684 -0.217415646
v 1.47156501 0.760175467 -0.115756862
v 1.45465171 0.795659363 -0.0292155258
v 1.37248409 0.921090722 0.0675358176
v 0.876458049 1.18272066 0.780824125
v 1.39612448 -0.0179758221 -0.896014214
v 1.46693671 0.183974609 -0.782047331
v 1.48462045 0.258426458 -0.736208677
v 1.50088871 0.344164729 -0.598055005
v 1.51360083 0.493560284 -0.37831232
v 1.42817771 0.843525231 0.0714912266
v 1.38656557 0.901031256 0.172237605
v 1.32384932 0.967321336 0.3334952
v 1.2554847 1.02092898 0.412047982
v 1.21159518 1.04884994 0.522892773
v 1.10228419 1.10621238 0.635530531
v 0.975615561 1.15366399 0.770834923
v 0.828478098 1.19543135 0.874613166
v 1.39544749 0.00244601769 -0.802668989
v 1.43724549 0.0990823582 -0.782262385
v 1.50895715 0.590988338 -0.325753689
v 1.49437726 0.686473012 -0.158200055
v 1.33305728 0.953640759 0.424579978
v 1.17133617 1.06504905 0.69006753
v 1.08476782 1.10871089 0.753589332
v 1.02742684 1.1278044 0.862919331
v 0.928739011 1.16703773 0.869195521
v 1.48326361 0.264679104 -0.633110404
v 1.48482847 0.284619182 -0.537037969
v 1.50578463 0.398862183 -0.41848135
v 1.49155724 0.698730707 -0.0482695028
v 1.42186785 0.849518299 0.266116619
v 1.3714236 0.918449879 0.273942053
v 1.39068103 0.889071763 0.367817998
v 1.23886955 1.02358365 0.622833014
v 1.16885734 1.05763066 0.782074034
v 0.786068678 1.20499361 0.971257389
v 1.45675457 0.197235838 -0.564534247
v 1.50453126 0.408916086 -0.31406194
v 1.51318669 0.499705732 -0.262088835
v 1.50973248 0.594383776 -0.208326519
v 1.48105347 0.728411496 0.0777032301
v 1.37700987 0.899179339 0.481268048
v 1.24809301 1.00266707 0.742512524
v 1.12085319 1.07746136 0.863017023
v 1.06775296 1.09499562 0.958087504
v 0.975895464 1.14167678 0.960001588
v 0.880831003 1.1781131 0.964304447
v 1.34303594 -0.0614798591 -0.727612376
v 1.39474607 0.041132696 -0.677781343
v 1.41561818 0.108393773 -0.575555205
v 1.45787191 0.223385245 -0.467860013
v 1.48633289 0.309585005 -0.443135232
v 1.51276422 0.503864288 -0.144842193
v 1.50932086 0.601372182 -0.0913581997
v 1.50765347 0.612973511 0.0268238746
v 1.4876169 0.709258318 0.2043529
v 1.46294546 0.775480926 0.260657489
v 1.44938624 0.797249436 0.345663279
v 1.43231821 0.819938719 0.448256463
v 1.36853373 0.899386942 0.583450139
v 1.31110048 0.956345737 0.650743067
v 1.15587163 1.03766239 0.959063888
v 1.01536632 1.10886133 1.04982555
v 0.925721824 1.15183961 1.05253172
v 0.833069921 1.18639982 1.05601394
v 1.42699909 0.151995718 -0.498135149
v 1.50680029 0.622487366 0.143011928
v 1.20782876 1.01770508 0.858718634
v 1.18434143 0.988599718 1.06545198
v 1.09994495 1.05733693 1.04996026
v 0.875955224 1.15836763 1.14246345
v 0.752886653 1.21002591 1.05274928
v 1.36630821 0.0328987911 -0.567126036
v 1.37594426 0.0800712928 -0.472177893
v 1.41670108 0.158892006 -0.411915928
v 1.4556601 0.246554464 -0.355261326
v 1.4792285 0.321568578 -0.266468883
v 1.50085294 0.408057451 -0.201552629
v 1.51253486 0.509201467 -0.0261956379
v 1.51330459 0.514285207 0.105879478
v 1.48609447 0.70955646 0.311029315
v 1.41445625 0.840809703 0.534955144
v 1.41717196 0.823348641 0.620792389
v 1.36916125 0.884384036 0.684147179
v 1.3207345 0.933227003 0.742252111
v 1.29535735 0.938819408 0.846766591
v 1.11658216 1.0259428 1.12752974
v 1.04803741 1.07106781 1.13530552
v 0.964784801 1.11784208 1.13892579
v 0.770331502 1.19472063 1.14973032
v 1.32780659 -0.0369498916 -0.616836369
v 1.51431608 0.558074474 0.185474679
v 1.50852978 0.607940912 0.258069515
v 1.47614276 0.727545202 0.41872862
v 1.36425006 0.869887829 0.784528315
v 0.996812701 1.07455516 1.23432744
v 0.917346418 1.12433684 1.21423149
v 0.836269259 1.15464568 1.23875844
v 0.737265348 1.18480515 1.26616323
v 1.39851046 0.159172893 -0.309195369
v 1.43468881 0.229569733 -0.232268795
v 1.46748126 0.308386087 -0.138039172
v 1.4995749 0.412337005 -0.0848125517
v 1.45928788 0.751585722 0.539687395
v 1.413203 0.809456289 0.720508039
v 1.26985669 0.912783384 1.04030108
v 1.15720117 0.975688756 1.17671072
v 1.08393264 1.02495396 1.20601892
v 0.990353644 1.04098272 1.33996558
v 0.905750632 1.10209858 1.31219411
v 0.801970482 1.14167416 1.34149945
v 1.36832368 0.101803236 -0.372282267
v 1.49961901 0.412517518 0.030971678
v 1.45397544 0.741018057 0.659756064
v 1.40908349 0.787819684 0.819225848
v 1.35656655 0.851019263 0.890186191
v 1.23050714 0.917601645 1.14270878
v 1.19389451 0.912686944 1.24141824
v 1.12046182 0.969847858 1.27087462
v 1.05344439 1.01821184 1.28549182
v 0.927865684 1.05898893 1.3951453
v 0.855177522 1.09300148 1.41149211
v 1.31446207 0.0383711122 -0.388809562
v 1.37364614 0.148818418 -0.204243615
v 1.47785401 0.338114351 -0.0295778904
v 1.49829543 0.400172204 0.146594465
v 1.51523054 0.533069432 0.349684
v 1.49697435 0.645056307 0.488154829
v 1.44432306 0.738816142 0.751561701
v 1.34182107 0.830437958 1.00899518
v 1.06599975 0.968332291 1.37034678
v 0.900356531 1.04055941 1.47197223
v 0.819752157 1.07343149 1.49970961
v 0.765827775 1.12391472 1.44023144
v 0.702138186 1.17006838 1.37234676
v 1.41048849 0.206018567 -0.122890286
v 1.4394449 0.255922139 -0.0301021915
v 1.466066 0.307872385 0.0738980919
v 1.5133214 0.487167388 0.234886542
v 1.51263225 0.565203905 0.440684944
v 1.4885931 0.649944901 0.604703665
v 1.34651399 0.784388661 1.09702933
v 1.29794967 0.848718047 1.11443412
v 1.26142633 0.850422442 1.21045601
v 1.15412617 0.903845668 1.33732891
v 0.979014754 1.00527036 1.43351138
v 0.864156783 1.02347493 1.54631913
v 0.743129015 1.09965897 1.52325821
v 0.663955212 1.1461128 1.4841702
v 1.32445538 0.0816994011 -0.282470942
v 1.4953078 0.37133038 0.254060894
v 1.51550078 0.476751715 0.441840351
v 1.47556043 0.663069129 0.718684316
v 1.45160139 0.685398281 0.836866319
v 1.38906133 0.73490119 1.03724909
v 1.31912744 0.783297479 1.18024826
v 1.11452031 0.885854542 1.43522954
v 1.03303134 0.935311019 1.47884488
v 0.944357216 0.972481906 1.53566277
v 0.780632436 1.04416466 1.59584308
v 0.678244531 1.09572446 1.58786094
v 1.26284719 0.0184506737 -0.318378091
v 1.35353529 0.139426008 -0.114026755
v 1.37465334 0.167246312 -0.020122638
v 1.47331405 0.314602673 0.180612132
v 1.51000404 0.428699493 0.345092654
v 1.51215446 0.418538243 0.531669259
v 1.48538435 0.601599991 0.782443047
v 1.36932075 0.715852797 1.13892579
v 1.07516158 0.861297131 1.52960956
v 1.00657284 0.905208111 1.55934536
v 0.866872787 0.974509358 1.61997497
v 0.692083478 1.03794241 1.68096471
v 1.30524158 0.0896861032 -0.16702579
v 1.41822016 0.220698416 0.0557763018
v 1.46207321 0.275338084 0.265901864
v 1.48876297 0.328687131 0.352437139
v 1.50004184 0.554430485 0.688729584
v 1.47698474 0.572054923 0.888753891
v 1.43633699 0.662507892 0.964934111
v 1.23254335 0.733066559 1.4389838
v 1.15256548 0.804046035 1.49023223
v 1.02520239 0.841787696 1.61769509
v 0.946463287 0.906309605 1.62758279
v 0.868675053 0.906981766 1.7069267
v 0.784148157 0.977132082 1.6946671
v 0.60022068 1.02676761 1.76062286
v 1.42701662 0.225571215 0.163508758
v 1.50545788 0.378847659 0.438527316
v 1.5120014 0.447105706 0.635618746
v 1.4979068 0.52806145 0.791565776
v 1.47984219 0.496741831 0.960391521
v 1.45578682 0.567676425 1.01379848
v 1.41596258 0.644877255 1.08017218
v 1.29469895 0.708874285 1.34186375
v 1.23730087 0.656226873 1.50935829
v 1.17919362 0.719508111 1.54493618
v 1.10447991 0.782359242 1.58521783
v 0.954941988 0.823767841 1.71437585
v 0.700262189 0.972693264 1.76846433
v 1.23490679 0.0291359015 -0.221390486
v 1.29454637 0.0943422467 -0.056959752
v 1.48268843 0.288713843 0.44656536
v 1.5026021 0.337220073 0.614162982
v 1.50742304 0.455302685 0.744707823
v 1.49617267 0.454519451 0.866152883
v 1.46537244 0.473727137 1.05501258
v 1.43303859 0.549438059 1.12781966
v 1.38800979 0.630510032 1.19199598
v 1.0495019 0.758783102 1.67759931
v 0.922172308 0.771756887 1.79828811
v 0.862488985 0.836580336 1.78974903
v 0.78383106 0.908033013 1.78106773
v 0.777391136 0.833756804 1.86227822
v 0.697926342 0.904933453 1.84907246
v 0.631947041 0.961590707 1.82797587
v 1.24342465 0.0528983027 -0.124659218
v 1.45377517 0.236157686 0.366029352
v 1.4998337 0.335778236 0.514565468
v 1.50846386 0.380100787 0.703314066
v 1.40124261 0.534914136 1.2447567
v 1.34875441 0.621592283 1.30111122
v 1.1983422 0.631873488 1.59272254
v 1.07431304 0.668092191 1.72955
v 0.993724287 0.728267074 1.76651478
v 0.856887937 0.76302743 1.86267614
v 0.677116215 0.825839758 1.9387387
v 0.606365323 0.911177158 1.89929783
v 1.31894791 0.113777816 0.0348532461
v 1.41336644 0.185135022 0.280451328
v 1.50285482 0.36671719 0.796580732
v 1.40553129 0.439206272 1.29446805
v 1.36155236 0.52410084 1.35907352
v 1.29775286 0.61807996 1.42528808
v 1.1484158 0.603055418 1.68436444
v 1.01374304 0.637281537 1.8171159
v 0.933822215 0.698738575 1.84804893
v 0.774492264 0.749699831 1.93611455
v 0.566162765 0.851427853 1.97937596
v 1.17010081 0.0170402322 -0.132655144
v 1.20698047 0.0430292599 -0.0467880219
v 1.36886489 0.157002762 0.0920695961
v 1.47975016 0.258739769 0.542657435
v 1.49322629 0.347818434 0.903039932
v 1.4845444 0.413043529 0.975604117
v 1.4285655 0.364109278 1.24699771
v 1.31971931 0.500869215 1.46679401
v 1.26076579 0.569899321 1.53427947
v 1.09107232 0.571808815 1.77483201
v 0.859382749 0.675911605 1.92656159
v 0.690382838 0.72910893 2.00744057
v 0.613507986 0.781028152 2.01433587
v 1.36065328 0.135081545 0.197823852
v 1.48181319 0.330627888 0.99401629
v 1.4688822 0.374111325 1.07282138
v 1.44152725 0.437831104 1.17387974
v 1.36699593 0.321690083 1.4295392
v 1.32646048 0.395203769 1.50077617
v 1.27482367 0.467922926 1.56824338
v 1.21472275 0.536371469 1.63018191
v 1.02673388 0.538829744 1.86233735
v 0.955841362 0.502987981 1.9462961
v 0.859730065 0.569451153 1.99140227
v 0.773975253 0.657373607 2.00107265
v 0.519895196 0.779288292 2.06078696
v 1.30004311 0.0920210257 0.121349439
v 1.40618491 0.148457706 0.38633579
v 1.44828713 0.200435311 0.466811687
v 1.49584436 0.295413911 0.725552559
v 1.44970834 0.324858725 1.16602874
v 1.40200937 0.347475857 1.33348954
v 1.32404292 0.290216297 1.52833712
v 1.27904058 0.364323467 1.59873426
v 1.22449005 0.434610277 1.66385746
v 1.1612643 0.503523588 1.72311521
v 0.886988938 0.460305482 2.0213387
v 0.81696111 0.501726449 2.05612636
v 0.762110531 0.568725944 2.06003308
v 0.686452031 0.64064306 2.06656098
v 0.521219909 0.686115861 2.12400293
v 0.448195636 0.736187577 2.1204493
v 1.25039351 0.0656006187 0.0380728655
v 1.35261357 0.10179431 0.305497736
v 1.47128654 0.194254816 0.757358372
v 1.4882834 0.268452525 0.8357234
v 1.42445016 0.27058658 1.26178765
v 1.27473211 0.262980074 1.6261549
v 1.22748733 0.331568778 1.69141638
v 1.16812778 0.398460984 1.75612664
v 1.1008842 0.469751269 1.81319308
v 0.818626761 0.421147466 2.08545446
v 0.748559237 0.483335942 2.10783482
v 0.676899076 0.55142808 2.11901259
v 0.599979103 0.620199561 2.1245842
v 1.10683715 0.00942816585 -0.0412115119
v 1.17184937 0.0285329837 0.0358124599
v 1.40288031 0.112512164 0.490497589
v 1.44548404 0.167097494 0.568729043
v 1.47709906 0.229703099 0.64673239
v 1.46106803 0.155884132 0.882927895
v 1.4787401 0.254903972 0.948828518
v 1.46481383 0.264521599 1.0683198
v 1.22825944 0.243161261 1.70610249
v 1.17013907 0.282556683 1.78307986
v 1.10441172 0.363763094 1.84560108
v 1.03431678 0.435209006 1.89911735
v 0.963956237 0.398448646 1.97821903
v 0.740920484 0.391154498 2.14448524
v 0.666311085 0.459592581 2.16327929
v 0.58971417 0.529016197 2.17337322
v 0.511597753 0.597894311 2.17613196
v 0.433594733 0.663879037 2.17041779
v 1.34874988 0.0653531626 0.411637396
v 1.45698464 0.166402757 1.00816
v 1.44424462 0.16560863 1.11803889
v 1.4450345 0.238837019 1.16786003
v 1.39439631 0.266128868 1.36054122
v 1.19672847 0.178332388 1.75824916
v 1.14443445 0.197788164 1.82996416
v 1.09928727 0.261254489 1.87578177
v 1.03561115 0.330768973 1.92924786
v 0.891704798 0.360537738 2.04938555
v 0.655419052 0.36323756 2.20001745
v 0.577872276 0.434053421 2.21541166
v 0.498642087 0.505049706 2.22253394
v 0.420106381 0.575425923 2.22075486
v 0.343295872 0.641853213 2.20873904
v 1.20429671 0.0311830975 0.140406832
v 1.44241512 0.131984025 0.673611104
v 1.42563581 0.17080164 1.22306263
v 1.36152291 0.207841113 1.44381523
v 1.03166461 0.226427943 1.95423198
v 0.964119017 0.295376539 2.00499725
v 0.815065622 0.324383765 2.11424804
v 0.565434337 0.335771471 2.25053668
v 0.484391361 0.407458246 2.26283789
v 0.402141571 0.481300712 2.26602411
v 1.40220928 0.0769296065 0.59444356
v 1.39992094 0.183895305 1.32848954
v 1.31141949 0.188088626 1.55881429
v 1.25720608 0.159158736 1.66090798
v 1.02352631 0.111962572 1.9741205
v 0.958972096 0.193305343 2.02732372
v 0.889142275 0.259221554 2.07405734
v 0.73075974 0.290301651 2.17522526
v 0.641641736 0.264581472 2.22998095
v 0.470171928 0.30445379 2.2967236
v 0.385322928 0.380355805 2.3049767
v 1.28697538 0.0624595955 0.226334095
v 1.40062821 0.0405531749 0.695833087
v 1.42138338 0.0406966954 0.884165764
v 1.39971459 0.0894232243 1.2838788
v 1.3713237 0.101489075 1.39189065
v 1.29544413 0.103684507 1.58486402
v 1.15012932 0.102338888 1.82496524
v 0.946797013 0.106050201 2.04646492
v 0.884940147 0.158416569 2.09249282
v 0.808511853 0.220368445 2.1386106
v 0.622002721 0.18319872 2.25392699
v 0.554447174 0.237600744 2.2768774
v 1.02047062 3.52501665e-05 0.0057062963
v 1.0876478 0.00134047261 0.0888351351
v 1.28312981 0.0286819097 0.334114879
v 1.34820974 0.0266122371 0.518211842
v 1.41867936 0.0804855078 1.17491162
v 1.33366323 0.105033271 1.49767745
v 1.25885236 0.0537961647 1.64685702
v 1.21273828 0.0842546225 1.73132348
v 1.08984196 0.0781550929 1.90186334
v 0.886504352 0.0572927445 2.09765887
v 0.80751735 0.112266116 2.1525526
v 0.712975204 0.175182611 2.20469069
v 0.554235697 0.139854759 2.29114389
v 0.464790523 0.19567439 2.31950164
v 0.357629031 0.266041815 2.3411448
v 0.264243275 0.18504943 2.37724376
v 0.158896968 0.22498247 2.38770199
v 1.2081424 0.00229444169 0.262734324
v 1.28110361 -0.0115355635 0.439832926
v 1.36816359 0.00877483469 1.34376764
v 0.810729027 0.00504946848 2.153234
v 0.728074431 0.0556518286 2.20632625
v 0.640144408 0.0978207141 2.25321937
v 0.37125808 0.137538671 2.35691166
v 0.174188331 0.11365746 2.39847302
v 1.38988483 -0.00720824022 0.793742359
v 1.40250301 -0.0124229193 0.995703101
v 1.39904368 -0.0108335549 1.122159
v 1.34022629 0.0179990083 1.44601452
v 1.29895723 0.013727542 1.55103195
v 1.24897957 -0.040376991 1.63608217
v 1.22041655 0.00424984377 1.70555627
v 1.17527568 0.00833135471 1.77886891
v 1.11719978 0.00643638847 1.86032128
v 0.884579778 -0.0467663445 2.09279895
v 0.733403206 -0.0510640442 2.19990396
v 0.650541246 -0.00584861031 2.25005102
v 0.563379705 0.0381895751 2.2931509
v 0.4713462 0.0851623937 2.32894206
v 0.278478086 0.0680761784 2.38422823
v 0.1890385 0.00297097955 2.3991034
v 0.0730959848 0.15508686 2.40132666
v 1.31243539 -0.0507520773 1.48313379
v 1.14076316 -0.062632367 1.81195247
v 1.05128121 0.00689556357 1.93992543
v 0.968180656 0.00842011441 2.02544975
v 0.382557333 0.0203191862 2.35987592
v 0.284239471 -0.0567193702 2.38204479
v -0.347232103 -0.000786254881 -2.37352133
v -0.468732834 0.0216559581 -2.33522487
v -0.681398094 0.0416573547 -2.23756266
v -0.895650446 0.0684688613 -2.09466481
v -1.04404068 0.0816279426 -1.95699131
v -1.09727287 0.0125735793 -1.89140105
v -1.33106816 0.00328150671 -1.46442986
v -1.36988711 0.021698257 -1.34946847
v -1.41389585 0.0157750975 -0.918642759
v -1.37289321 0.033308994 -0.588873744
v -1.3344264 0.0202774331 -0.493207306
v -1.18562865 -0.0209590066 -0.304109752
v -1.19778776 0.00886825286 -0.222173378
v -0.373015821 0.105061918 -2.36287904
v -0.570774376 0.0931951702 -2.29078937
v -0.747247577 0.133513063 -2.19466972
v -0.969393671 0.0968256071 -2.02995372
v -1.16136992 0.0927758589 -1.81505942
v -1.2209686 0.0627944469 -1.72135806
v -1.26588345 0.0445595123 -1.63585675
v -1.3121686 0.0943527669 -1.5471971
v -1.42600954 0.0713244677 -1.10983002
v -1.42547917 0.0444388986 -1.00217485
v -1.27152681 0.0261391401 -0.312842965
v -0.36466077 0.213031411 -2.35124183
v -0.468969345 0.150108844 -2.32675076
v -0.65275532 0.163401172 -2.24432683
v -0.893436372 0.155180052 -2.0907042
v -1.26460266 0.136128411 -1.65176427
v -1.44293058 0.0998916775 -0.920463026
v -1.43859756 0.110945903 -0.733926892
v -1.35606694 0.0775567517 -0.397224873
v -1.28911245 0.0674454793 -0.190155819
v -1.20577598 0.0316883475 -0.119686052
v -1.12662065 0.0126917539 -0.0499561429
v -0.299771994 0.287540734 -2.35545325
v -0.55858916 0.205555633 -2.28352952
v -0.829739809 0.0999235138 -2.14298868
v -1.09654951 0.131033689 -1.8967917
v -1.20978701 0.167597488 -1.74418747
v -1.3605535 0.110975184 -1.42610359
v -1.39829862 0.134641603 -1.31111848
v -1.44902658 0.135145172 -1.01997709
v -1.39864433 0.0981641337 -0.511100411
v -0.29493621 0.375659108 -2.33459997
v -0.380637944 0.3210226 -2.32552552
v -0.467267692 0.260793447 -2.30952764
v -0.627926588 0.255576998 -2.24205065
v -0.719768524 0.24935858 -2.1936202
v -0.814152896 0.199038178 -2.14330721
v -0.957901657 0.210122854 -2.02970028
v -1.03007257 0.169734433 -1.96667385
v -1.34315205 0.183041692 -1.48851311
v -1.4470886 0.170443356 -1.10361052
v -1.46173763 0.167518631 -0.823467791
v -1.43139613 0.12227232 -0.62707448
v -1.350667 0.100752644 -0.282392412
v -0.381220281 0.421622932 -2.29739523
v -0.4680188 0.36455822 -2.28468847
v -0.554714084 0.307964951 -2.26431918
v -0.734959006 0.342585295 -2.16495204
v -0.802095532 0.298807323 -2.13293934
v -0.881196618 0.255625725 -2.08517909
v -1.0820415 0.230283752 -1.90411556
v -1.14693999 0.199164137 -1.82975411
v -1.25169551 0.24143824 -1.67053866
v -1.30384386 0.206742257 -1.57692707
v -1.46718073 0.198618919 -0.94122982
v -1.4662472 0.192045197 -0.708881736
v -1.22103453 0.047164157 -0.0160416067
v -1.14533472 0.0165180378 0.0608139969
v -0.465638787 0.463586301 -2.25426483
v -0.551941335 0.408488095 -2.23783398
v -0.647663951 0.349731565 -2.20967507
v -0.788210273 0.389517576 -2.11816931
v -0.864523888 0.354293168 -2.07494497
v -0.943693399 0.314192861 -2.02206278
v -1.0164212 0.267678976 -1.9662745
v -1.12380803 0.299382925 -1.84267366
v -1.19051349 0.27288416 -1.760373
v -1.29006517 0.312886238 -1.59099174
v -1.33871865 0.272121519 -1.49810362
v -1.41875231 0.246898457 -1.26832497
v -1.46381044 0.23040837 -1.04026544
v -1.48407185 0.253609568 -0.771936834
v -1.44996512 0.185744196 -0.534024
v -1.42459619 0.163599908 -0.430040151
v -1.27705717 0.0733296797 -0.0864630118
v -0.290141791 0.588954866 -2.25015211
v -0.380251676 0.519805968 -2.26057196
v -0.543356597 0.503564835 -2.2073915
v -0.625061035 0.456937671 -2.18747282
v -0.709415972 0.422757298 -2.15468311
v -0.921318293 0.427922696 -2.00676012
v -1.00723326 0.366283149 -1.95123029
v -1.06437314 0.313429832 -1.90795577
v -1.2295959 0.35092479 -1.68430376
v -1.43135619 0.361264914 -1.22117591
v -1.47786117 0.281308889 -0.970820308
v -1.48528314 0.281404883 -0.870541811
v -1.49181461 0.291798711 -0.676121771
v -1.46819806 0.212473378 -0.621136308
v -1.40099096 0.147570416 -0.34139958
v -0.342026114 0.672385037 -2.19218445
v -0.385831565 0.600374699 -2.22141027
v -0.462139785 0.557102442 -2.21654272
v -0.606933594 0.537067354 -2.16327977
v -0.682992756 0.514891207 -2.1331389
v -0.769518316 0.478579223 -2.09748936
v -0.930979371 0.521529078 -1.96138465
v -1.00036407 0.468491912 -1.92180908
v -1.0813694 0.40147242 -1.8635422
v -1.16112959 0.376488686 -1.77510428
v -1.32627201 0.371811271 -1.50501192
v -1.36438155 0.324964285 -1.42958367
v -1.39633191 0.336458504 -1.33940291
v -1.45375431 0.344595522 -1.13789761
v -1.46896815 0.335900903 -1.05464172
v -1.48478329 0.27578491 -0.560029685
v -1.40753245 0.173495576 -0.256874293
v -1.36223841 0.128094941 -0.198999718
v -1.17122459 0.00698613049 0.185975879
v -0.390285522 0.742000401 -2.13390636
v -0.449792504 0.655482888 -2.16980314
v -0.541520715 0.592261136 -2.16660094
v -0.63637352 0.613172114 -2.10904527
v -0.742220581 0.574789226 -2.06945634
v -0.844972134 0.527363181 -2.02431536
v -0.893869042 0.606313169 -1.94595718
v -0.981206954 0.570791125 -1.89051914
v -1.06253862 0.516166508 -1.83717179
v -1.12779486 0.463673145 -1.78653049
v -1.19376028 0.466324389 -1.69653058
v -1.3613019 0.411114931 -1.4119916
v -1.48589897 0.361551672 -0.944851398
v -1.4980129 0.338589817 -0.779855907
v -1.47017789 0.251511544 -0.456489325
v -1.45142448 0.232258961 -0.342196822
v -0.444274127 0.800354123 -2.0730865
v -0.473739117 0.73051095 -2.11465073
v -0.543917537 0.679950237 -2.11658692
v -0.800880075 0.635957479 -1.99661958
v -0.941858947 0.671375632 -1.86244583
v -1.04017043 0.631121159 -1.79430401
v -1.12424099 0.552817523 -1.74601352
v -1.31356728 0.474566847 -1.48940873
v -1.35052454 0.513855219 -1.38639987
v -1.39457393 0.440961599 -1.31019115
v -1.45188129 0.417468607 -1.12444878
v -1.49591053 0.371999294 -0.859269917
v -1.24560475 0.055216603 0.0942887291
v -0.402625531 0.873497605 -2.02234983
v -0.534474134 0.764990091 -2.06345582
v -0.619566321 0.713495195 -2.05709672
v -0.707230568 0.669866204 -2.03571486
v -1.19003117 0.577806532 -1.64196086
v -1.29537261 0.579074502 -1.46293187
v -1.38342261 0.542622447 -1.28356612
v -1.421399 0.476507038 -1.20852315
v -1.47171283 0.452373087 -1.01116908
v -1.50188184 0.432717592 -0.800334275
v -1.49973249 0.345840335 -0.481579453
v -1.40698826 0.18788594 -0.155333519
v -1.31833613 0.107553087 0.00450824574
v -1.23373437 0.0136491442 0.26944223
v -0.44145304 0.920256674 -1.96342897
v -0.508759856 0.855716705 -2.00002098
v -0.608415186 0.797709107 -2.00081491
v -0.67904681 0.74619776 -2.00060654
v -0.756459832 0.727160811 -1.96503758
v -0.984394073 0.743370175 -1.76479006
v -1.1091814 0.652142704 -1.70058584
v -1.15764511 0.690459013 -1.60484362
v -1.23097634 0.633560359 -1.53879809
v -1.438761 0.531074762 -1.10645306
v -1.49113595 0.446201146 -0.898626506
v -1.50643718 0.37309137 -0.590991139
v -1.48741901 0.314200938 -0.392015457
v -1.45427072 0.256593138 -0.222451776
v -0.516571641 0.934456468 -1.91801274
v -0.60257566 0.87774694 -1.93350136
v -0.797204375 0.786061406 -1.89021909
v -0.885973155 0.763471663 -1.8389802
v -1.0684588 0.752374411 -1.66467941
v -1.12539554 0.784793317 -1.55803084
v -1.19838715 0.728409111 -1.5074147
v -1.26338649 0.680543721 -1.43944407
v -1.37358797 0.628088593 -1.2404207
v -1.40711725 0.561964571 -1.19788301
v -1.45825815 0.550150394 -1.00605154
v -1.48911166 0.535608053 -0.83552134
v -1.50706971 0.402023017 -0.699373186
v -1.51002979 0.415118039 -0.382400125
v -1.48787344 0.331262082 -0.297587395
v -1.39725292 0.184917241 -0.0455990359
v -1.33292079 0.112099871 0.12981379
v -0.509037316 1.00335157 -1.83707285
v -0.601280451 0.950759649 -1.85580945
v -0.672952414 0.895465493 -1.87410331
v -0.753852785 0.866593182 -1.84776771
v -0.831652701 0.832725704 -1.82244003
v -1.04681087 0.846453369 -1.59264612
v -1.16764319 0.810242534 -1.46395254
v -1.22557604 0.759103358 -1.42634106
v -1.27747834 0.744056106 -1.34022617
v -1.33017099 0.628262997 -1.34857965
v -1.40346467 0.627657771 -1.14536858
v -1.47691619 0.520911336 -0.936512768
v -1.50508928 0.500838041 -0.726562262
v -1.45755398 0.274593055 -0.0973886698
v -1.44498289 0.253325075 0.0186764095
v -1.27540648 0.056337405 0.20219034
v -1.24977887 -0.00328353141 0.353437215
v -0.595502079 1.02079248 -1.76779318
v -0.701350093 0.953964114 -1.78680193
v -0.812039793 0.901794255 -1.76435685
v -0.89187336 0.922242403 -1.66715562
v -0.976635098 0.901309371 -1.60856152
v -1.01771903 0.921862423 -1.53060818
v -1.09524465 0.867418051 -1.50069511
v -1.20807362 0.824361026 -1.37303996
v -1.33345532 0.696329474 -1.27123165
v -1.43025208 0.625641763 -1.0442518
v -1.51240861 0.47637549 -0.620609403
v -1.51460767 0.450109929 -0.507290423
v -1.49068809 0.351015717 -0.185961261
v -1.39256024 0.177990586 0.0674562603
v -1.30428803 0.0543900281 0.300703347
v -0.780873716 0.982854962 -1.68715203
v -0.934226871 0.966713011 -1.56182408
v -1.0612278 0.94202888 -1.43987465
v -1.13783479 0.885983944 -1.4078896
v -1.24652529 0.835045874 -1.27710199
v -1.30844045 0.769726038 -1.23252821
v -1.36059606 0.703388393 -1.1867739
v -1.41250861 0.712150455 -0.984264731
v -1.46890187 0.643217802 -0.808154047
v -1.4921205 0.58286643 -0.745855212
v -1.50179482 0.573091447 -0.654864907
v -1.48018742 0.324144095 -0.0114564616
v -1.39989114 0.176856756 0.175757781
v -1.35211372 0.113000318 0.236331239
v -0.578537405 1.08643806 -1.67185318
v -0.658443272 1.09619856 -1.60154676
v -0.747117221 1.05364609 -1.6072495
v -0.841375709 1.00942504 -1.59136963
v -0.977807641 0.991528749 -1.46788728
v -1.10206628 0.958101332 -1.34609962
v -1.17709804 0.899993718 -1.313537
v -1.33687401 0.781124532 -1.13445747
v -1.38822091 0.708300471 -1.08943474
v -1.47842717 0.657879353 -0.701674819
v -1.51014972 0.558212638 -0.542630315
v -1.51605868 0.53326571 -0.424313843
v -1.51900506 0.510401845 -0.312691301
v -1.5108093 0.425066561 -0.260338962
v -1.51322961 0.446367592 -0.158049479
v -1.49800253 0.378980815 -0.0795733854
v -0.718016207 1.10198069 -1.54163671
v -0.794943869 1.07589447 -1.51885426
v -0.887516975 1.03687251 -1.49283338
v -1.02022839 1.00924611 -1.37396908
v -1.21200109 0.911546171 -1.21678829
v -1.27809453 0.847962976 -1.17769325
v -1.30531216 0.857298195 -1.07924676
v -1.36187148 0.78924191 -1.03427339
v -1.44241083 0.73643595 -0.76078546
v -1.48806596 0.658058882 -0.589468956
v -1.44404435 0.24740015 0.122471973
v -1.37933683 0.118556321 0.345694721
v -1.32338858 0.0409313031 0.400519431
v -1.26745141 -0.0283328258 0.448955446
v -0.650190234 1.13960266 -1.51218939
v -0.733175457 1.12994671 -1.46027553
v -0.832856774 1.10502315 -1.40931737
v -0.933494389 1.05538774 -1.39747238
v -1.05954301 1.02223682 -1.27950287
v -1.1389246 0.970086753 -1.25085115
v -1.24192846 0.92070055 -1.11873853
v -1.32694519 0.865711272 -0.981799662
v -1.38094997 0.799311757 -0.930360556
v -1.49640691 0.65422529 -0.45712778
v -1.51952577 0.500288546 -0.224429458
v -1.5039314 0.398653477 0.0245154742
v -1.47972703 0.321379691 0.0770204589
v -1.40764582 0.171977505 0.266149551
v -0.897652745 1.10331857 -1.32825804
v -0.974422693 1.0686723 -1.30353379
v -1.09499705 1.03097475 -1.18603039
v -1.17089272 0.97955215 -1.1541568
v -1.2679379 0.926245868 -1.02214146
v -1.33774364 0.881281972 -0.881792665
v -1.39387512 0.812765002 -0.821614861
v -1.45204532 0.74562037 -0.647595525
v -1.51052678 0.60924226 -0.341771036
v -1.47811615 0.312577039 0.162735894
v -1.45234311 0.25137648 0.233948469
v -1.34599876 0.0258183125 0.514692307
v -0.742696226 1.16085482 -1.35719311
v -0.827434003 1.14506495 -1.29810834
v -0.911845446 1.12582254 -1.2263236
v -1.01288259 1.07770741 -1.20801926
v -1.12136745 1.04001057 -1.0897795
v -1.19913507 0.985906422 -1.05525339
v -1.28900492 0.927737653 -0.937568426
v -1.34400678 0.898356676 -0.770853639
v -1.40369356 0.824994624 -0.708156228
v -1.46000075 0.750811577 -0.530180991
v -1.4894166 0.697853744 -0.353566885
v -1.51669228 0.579547405 -0.241194472
v -1.517079 0.485573739 -0.0483629405
v -1.50547814 0.400398344 0.141432345
v -1.37979281 0.0913495421 0.443758696
v -0.973207414 1.12203312 -1.11944807
v -1.05213904 1.07744825 -1.12652588
v -1.14725053 1.04513311 -0.985907912
v -1.22821367 0.985299647 -0.95454663
v -1.26977098 0.967632473 -0.843737543
v -1.35242689 0.908158898 -0.652286589
v -1.41217959 0.833259881 -0.59186691
v -1.46243823 0.762402594 -0.415051043
v -1.49822283 0.675631344 -0.25983274
v -1.51575983 0.593129814 -0.0625145808
v -1.51803327 0.486598432 0.0687101558
v -1.43948913 0.209957466 0.340686888
v -0.747551382 1.18508983 -1.25200498
v -0.823501706 1.16830039 -1.20852351
v -1.04848254 1.10068357 -1.02460802
v -1.17911041 1.04073536 -0.877735198
v -1.41883409 0.838395 -0.477140039
v -1.50821984 0.638015211 -0.158163309
v -1.51946723 0.556925833 0.0181933455
v -1.4931972 0.348121613 0.239255369
v -1.48106658 0.303584486 0.331831992
v -1.42642784 0.164812595 0.435649157
v -1.41168559 0.114895776 0.524755061
v -1.39772952 0.0633058921 0.612236917
v -0.762306333 1.19730771 -1.15109456
v -0.939475417 1.15434015 -1.01397705
v -1.09030867 1.09524333 -0.907991767
v -1.42386997 0.840057015 -0.377438635
v -1.4950248 0.693380833 -0.065218918
v -1.50841534 0.640848458 0.0281723924
v -1.51768899 0.577276826 0.105473638
v -1.51930499 0.502459764 0.171392798
v -1.03529382 1.13084614 -0.828629076
v -1.1190443 1.09001136 -0.80470705
v -1.20214748 1.03787041 -0.765147805
v -1.28921902 0.981599092 -0.593738854
v -1.35842979 0.914446056 -0.532538772
v -1.45777726 0.780684233 -0.292607069
v -1.47813618 0.740173697 -0.170320004
v -1.51402199 0.4392744 0.246915027
v -1.50412965 0.371951014 0.426182777
v -1.47037864 0.259038836 0.432742029
v -1.45715582 0.205443487 0.529210091
v -1.42929506 0.0988246575 0.686403811
v -1.39378214 0.0248119682 0.706803262
v -1.34341288 -0.0231705513 0.628558338
v -0.690599322 1.21967351 -1.08157718
v -0.776370108 1.20295036 -1.06065845
v -0.905967772 1.1745671 -0.910889447
v -0.998492002 1.14006579 -0.922200501
v -1.28483748 0.992258668 -0.464591384
v -1.3687402 0.912228227 -0.413125247
v -1.3896935 0.892917454 -0.287962854
v -1.48069489 0.737113118 0.0347908847
v -1.52005529 0.520027995 0.258237779
v -1.51734221 0.479516625 0.352138937
v -1.49170899 0.306755513 0.532966018
v -1.46148384 0.17628023 0.713775277
v -0.837577343 1.19111919 -0.991356373
v -1.13103569 1.08901775 -0.699133635
v -1.18657148 1.0623455 -0.461168975
v -1.4294858 0.839496493 -0.182485059
v -1.4514451 0.802418768 -0.0625679791
v -1.49774361 0.68188566 0.138647169
v -1.51549876 0.591761649 0.2077858
v -1.50277972 0.368426144 0.640309274
v -1.43401754 0.0880657881 0.783398092
v -0.809131086 1.19948554 -0.882778764
v -0.960210204 1.15957475 -0.843450904
v -0.971846461 1.15580511 -0.744541585
v -1.06182563 1.1223166 -0.74662441
v -1.13179302 1.0907129 -0.572596073
v -1.23090231 1.03640842 -0.364056826
v -1.31198215 0.973767161 -0.337083608
v -1.37797809 0.912847817 -0.18393445
v -1.39538884 0.892343998 -0.0963028967
v -1.44084108 0.823099315 0.0515576787
v -1.51471877 0.586613178 0.312723666
v -1.5130794 0.574690819 0.423660189
v -1.51599264 0.476837218 0.477743596
v -1.51016402 0.397792995 0.53408587
v -1.4686178 0.18946664 0.819939315
v -1.39488482 0.000282592722 0.790617466
v -0.884247601 1.18136442 -0.809743822
v -1.04436231 1.12904656 -0.655016422
v -1.14543307 1.08415926 -0.363658726
v -1.32482624 0.965891778 -0.227196395
v -1.40868592 0.875309765 -0.00918725692
v -1.46620464 0.771745086 0.118531242
v -1.46605587 0.766973376 0.215521306
v -1.49713492 0.678261936 0.260096639
v -1.44823956 0.11493288 0.892525375
v -1.41461051 0.0233209394 0.872659802
v -0.78766042 1.1971153 -0.773852825
v -1.08822465 1.10893619 -0.452681452
v -1.18828428 1.06253338 -0.292510629
v -1.25355172 1.02198362 -0.264256269
v -1.33364141 0.959561527 -0.12486732
v -1.42870009 0.842120469 0.152048916
v -1.49601817 0.671186626 0.373711288
v -1.50973809 0.566824675 0.538414359
v -1.51299405 0.471374512 0.588413358
v -1.48432064 0.274560422 0.871106863
v -1.4689616 0.197259709 0.912996769
v -0.710657775 1.21121585 -0.843500257
v -0.9425807 1.15925145 -0.625201166
v -1.18750703 1.06124806 -0.205182523
v -1.26410973 1.01498258 -0.16395241
v -1.38991463 0.899037123 0.0759322196
v -1.41700125 0.856582999 0.270122528
v -1.46490061 0.754146278 0.435171217
v -1.49325132 0.662789702 0.486855477
v -1.50414336 0.556211948 0.650816321
v -1.45379198 0.149725065 0.99104327
v -1.42696714 0.0487904809 0.973696649
v -0.689534605 1.19765055 -0.736029506
v -0.865538776 1.17959428 -0.702668011
v -1.01845169 1.13462114 -0.541590452
v -1.05168784 1.11681139 -0.346047342
v -1.11585271 1.09396124 -0.265075386
v -1.27573085 1.00726759 -0.0630942136
v -1.34751809 0.946724176 -0.0141952513
v -1.36975908 0.921321988 0.180355936
v -1.46518171 0.762601495 0.322770268
v -1.46095955 0.747580349 0.547056377
v -1.48845017 0.654890001 0.600296855
v -1.4953804 0.529266238 0.77249366
v -1.48626077 0.355765045 0.926205516
v -1.47266245 0.262233049 0.986396492
v -0.837997258 1.17245448 -0.594870269
v -0.910639405 1.15532041 -0.513500631
v -1.09593892 1.09698498 -0.144718632
v -1.19655609 1.05628872 -0.100448109
v -1.28378236 1.00254929 0.0235666186
v -1.32352102 0.969357312 0.0950390995
v -1.42531717 0.837580442 0.385640442
v -1.48001158 0.645428479 0.716423571
v -1.49289262 0.439997673 0.862117767
v -1.4744525 0.355964124 1.01585889
v -1.46007431 0.306087077 1.09359241
v -1.45160794 0.199472219 1.08905458
v -1.42908847 0.0803771615 1.0895294
v -0.764807701 1.18657351 -0.668542325
v -0.984687507 1.13700449 -0.430888295
v -1.01781535 1.11888671 -0.238547415
v -1.37658739 0.90415436 0.439918309
v -1.4224242 0.831851542 0.493708223
v -1.45309556 0.74187845 0.660272002
v -1.47584081 0.449851811 0.982895255
v -1.42901099 0.149277925 1.18625236
v -1.40839386 0.0508962683 1.20013046
v -0.794342458 1.15589106 -0.483707339
v -0.882323682 1.14604735 -0.406651378
v -1.24522114 1.02895606 0.0985795408
v -1.28728449 0.998500764 0.206014872
v -1.349033 0.942174435 0.282725096
v -1.38267684 0.902593374 0.351278931
v -1.45444536 0.556067467 1.01629078
v -1.45976162 0.405254304 1.0875591
v -1.4400481 0.251917064 1.18378234
v -1.40469182 0.110524885 1.27859843
v -1.40171468 -0.00579681713 1.13496697
v -0.748016953 1.17179978 -0.577889383
v -0.951419592 1.13389862 -0.325911969
v -1.12720466 1.08618045 -0.0271255542
v -1.21594357 1.04635799 0.00184034789
v -1.41536033 0.827724516 0.60395366
v -1.40438497 0.824354827 0.715015173
v -1.43951666 0.738262117 0.775843143
v -1.4646889 0.641899288 0.835327744
v -1.45445573 0.487845033 1.07409871
v -1.43808997 0.361869723 1.19427657
v -1.42275107 0.290012628 1.26269782
v -1.41660714 0.205536813 1.27191103
v -0.854125798 1.13352287 -0.308450818
v -0.915232897 1.12761748 -0.226185769
v -0.971931934 1.11924708 -0.124166973
v -1.04390681 1.1087563 -0.0526091047
v -1.19188762 1.06033921 0.185187981
v -1.22122121 1.04462194 0.289380223
v -1.28940463 0.996655464 0.310978621
v -1.32926822 0.959816635 0.377625585
v -1.3669405 0.905288994 0.548840702
v -1.3860997 0.824371457 0.82747668
v -1.41912758 0.738253713 0.892863989
v -1.44282937 0.645596802 0.95428431
v -1.43004513 0.557126403 1.11983848
v -1.43599546 0.468052685 1.16034436
v -1.40721226 0.360183835 1.30333436
v -1.39432228 0.27010712 1.35512114
v -1.38899934 0.162424818 1.35958028
v -0.974718928 1.11739993 -0.020263765
v -1.15533733 1.07599211 0.080001168
v -1.31186235 0.971101165 0.481122673
v -1.35977006 0.900604784 0.656541407
v -1.35803342 0.825717986 0.94371897
v -1.3939991 0.737913907 1.0085659
v -1.41762376 0.64492023 1.06776798
v -1.40352309 0.543496847 1.22008419
v -1.40966368 0.44915235 1.26041925
v -1.38081837 0.0790072903 1.35489273
v -0.797804594 1.13856757 -0.379320323
v -0.875497043 1.11967361 -0.145375848
v -1.04616272 1.10757267 0.0534687601
v -1.09397602 1.09909427 0.168603405
v -1.24945343 1.02514029 0.399114609
v -1.29441857 0.978452861 0.604498923
v -1.34736109 0.898074627 0.761066437
v -1.39040232 0.635860384 1.17409801
v -1.37886453 0.432628572 1.35685205
v -1.37942898 0.355033278 1.38383985
v -1.35610962 0.307279766 1.45146441
v -1.36241043 0.209580183 1.44350505
v -1.35379136 0.101064801 1.44643009
v -1.35594618 0.00476341974 1.3908366
v -0.701116621 1.12435019 -0.401372671
v -0.759061694 1.11679423 -0.298680842
v -0.820077062 1.11772501 -0.215921059
v -0.877306402 1.11462641 -0.0420819856
v -0.932923138 1.11888373 0.0641434342
v -1.16238904 1.07806706 0.36621201
v -1.23476779 1.03299689 0.515569806
v -1.30920982 0.953399599 0.703831017
v -1.33928382 0.713395715 1.22841012
v -1.35986114 0.619890392 1.27795482
v -1.37262261 0.524622262 1.32043409
v -1.34644437 0.403142244 1.44658756
v -1.32641792 0.249264076 1.52677786
v -1.33346784 0.167327002 1.51305628
v -1.31094837 0.0943653211 1.55241048
v -1.31689227 -0.00700217718 1.50042546
v -0.659913898 1.08110225 -0.290628105
v -0.794219196 1.10189676 -0.119397148
v -0.98901844 1.11967778 0.16214563
v -1.13411677 1.08874154 0.269047499
v -1.18002725 1.06936979 0.45255816
v -1.2475301 1.010746 0.705652237
v -1.28300595 0.9659881 0.789851189
v -1.32193446 0.904058158 0.867178857
v -1.32561278 0.597262323 1.38078308
v -1.33816779 0.499523997 1.41851354
v -1.30702579 0.354473263 1.54355359
v -1.28222847 0.272645563 1.61047101
v -1.29802394 0.182751432 1.58896673
v -0.826823056 1.10758173 0.0692185536
v -0.883059263 1.12157869 0.163230047
v -1.03934562 1.11701667 0.262763679
v -1.08552599 1.1090914 0.3429901
v -1.31756115 0.788729012 1.17314935
v -1.28714597 0.568047881 1.48164916
v -1.29913533 0.465914488 1.51560163
v -1.26078689 0.348152518 1.6305753
v -1.25095594 0.203914016 1.67356861
v -1.26532483 0.108686551 1.64719224
v -1.27526605 0.0155854663 1.60758567
v -0.725507379 1.08821094 -0.199122921
v -1.15142417 1.08450925 0.537388206
v -1.20592713 1.04871988 0.617922783
v -1.24687481 0.979899108 0.893488288
v -1.28895915 0.911933541 0.976790965
v -1.2669152 0.864093661 1.17049694
v -1.26818991 0.666836977 1.44043684
v -1.24200857 0.534374714 1.58194149
v -1.25455904 0.430703104 1.61064196
v -1.2328068 0.295309216 1.68911064
v -1.21291232 0.132052332 1.73696828
v -1.2212429 0.0246523954 1.71046162
v -0.935495079 1.13037014 0.261964083
v -1.09259462 1.10979271 0.444500208
v -1.12338197 1.09806848 0.630400598
v -1.1696527 1.06739986 0.713003397
v -1.20664263 1.03102005 0.802915692
v -1.20737708 0.990527809 1.00308466
v -1.24934876 0.922766447 1.08341181
v -1.23688114 0.763015032 1.39552855
v -1.22698808 0.636030197 1.54032612
v -1.18545616 0.491424739 1.68972647
v -1.11609805 0.478225589 1.78862894
v -1.21467781 0.385076284 1.69106567
v -1.17723417 0.328677714 1.76165843
v -1.19541252 0.230873898 1.75637293
v -1.17540503 0.0686946139 1.7900368
v -0.767950594 1.08835232 -0.0188648365
v -0.992724895 1.13271236 0.373150855
v -1.06119955 1.12471938 0.556601822
v -1.0983032 1.10850763 0.717683911
v -1.12329006 1.08818281 0.801931143
v -1.1534822 1.05358517 0.910731554
v -1.17365551 0.990834415 1.11067832
v -1.21223867 0.932591438 1.16771507
v -1.20718598 0.897841454 1.25146759
v -1.1903764 0.856753826 1.35525453
v -1.20359349 0.728703082 1.49643326
v -1.17625511 0.606537938 1.63979506
v -1.16313946 0.412770361 1.75474358
v -1.13274276 0.267797261 1.83381963
v -1.14775825 0.15542978 1.82933009
v -1.12176931 0.0562992953 1.86209941
v -0.703593671 1.06499124 -0.0961408466
v -0.783905149 1.10447967 0.166925699
v -0.831395924 1.12495863 0.256808728
v -1.15109789 0.974304616 1.21327734
v -1.10959435 0.681527555 1.67781556
v -1.05307865 0.460139841 1.86867952
v -1.10986674 0.377212375 1.83307111
v -1.06588554 0.304105729 1.90423882
v -1.08351684 0.207477897 1.90362704
v -1.08998847 0.123381652 1.90388119
v -0.69003278 1.05280948 -0.00800469425
v -0.875677884 1.14085662 0.355772793
v -1.00280821 1.13892865 0.483538985
v -1.11105013 1.05928361 1.03125441
v -1.13366902 0.942968011 1.31634116
v -1.11097527 0.904321134 1.42263794
v -1.09390831 0.767784059 1.61867583
v -1.05619717 0.669844747 1.75108337
v -1.06020498 0.537644744 1.82705164
v -1.04433441 0.384460747 1.90501285
v -1.01488829 0.24323529 1.97025764
v -1.03375244 0.148468107 1.96460974
v -1.05005896 0.0487206206 1.94735801
v -0.56731981 0.968593895 -0.10504172
v -0.627880454 1.01482308 -0.0561216548
v -0.738273263 1.10358238 0.252692252
v -0.911683619 1.15171611 0.462765872
v -0.950793326 1.15599048 0.581856012
v -1.03655684 1.13528156 0.662382603
v -1.02986848 1.13648021 0.779794395
v -1.09071243 1.04167688 1.1562686
v -1.06965816 1.01806283 1.26851201
v -1.0792892 0.85547328 1.53759718
v -1.03830826 0.746186197 1.70717871
v -1.02408743 0.618067801 1.82011724
v -0.985971808 0.541407704 1.9006083
v -0.98739475 0.436799675 1.94365585
v -0.996111929 0.341085434 1.9655385
v -0.956193626 0.173727617 2.03574228
v -0.991946697 0.0925567672 2.00950623
v -0.773873746 1.12982237 0.34270665
v -0.837028146 1.16706002 0.544495344
v -0.947129786 1.16441333 0.708110571
v -1.06836951 1.11001372 0.885045826
v -1.02020288 1.10090232 1.09727669
v -1.00188029 1.08305955 1.20962679
v -1.05155146 0.984514594 1.37552464
v -1.01401234 0.83326894 1.64632201
v -0.986045778 0.71018368 1.7926029
v -0.918766499 0.495663375 1.98220086
v -0.912398577 0.392519772 2.0239408
v -0.939412117 0.281355619 2.03112769
v -0.93104589 0.0794414654 2.06522489
v -0.976813853 0.0118296994 2.0206542
v -0.720829368 1.07179618 0.0833199173
v -0.707398534 1.07906103 0.178486288
v -0.852370501 1.17953694 0.656978846
v -0.980024397 1.15154314 0.880989075
v -0.972249508 1.05909133 1.33093691
v -1.02582216 0.948662281 1.47730172
v -0.953896344 0.801951647 1.74226856
v -0.928886771 0.653760374 1.88588572
v -0.815851271 0.406924546 2.09208107
v -0.856206357 0.308798373 2.09077048
v -0.888577342 0.225025475 2.08425879
v -0.877477169 0.143106043 2.10437107
v -0.867763519 0.0614966191 2.11701608
v -0.633213222 1.01757061 0.0479332954
v -0.808335066 1.15088832 0.440193087
v -0.863469183 1.18630207 0.767482877
v -0.942693949 1.16794467 0.800981224
v -0.920113921 1.16688597 0.967917442
v -0.932075083 1.13485491 1.14637196
v -0.979878187 1.01256704 1.42654407
v -0.979744434 0.919177413 1.57824481
v -0.850271702 0.856830597 1.78137565
v -0.898834109 0.758958697 1.83246207
v -0.907035947 0.576335013 1.95254111
v -0.857309222 0.470562786 2.04059005
v -0.764262915 0.326684296 2.14850044
v -0.804695845 0.215613216 2.14562678
v -0.80465889 0.101014696 2.1598351
v -0.812927186 -0.00967184454 2.15362334
v -0.740701973 1.16011584 0.515593827
v -0.887168944 1.18308568 0.868289053
v -0.936603189 0.996045411 1.51030171
v -0.75952661 0.853945792 1.85702634
v -0.822790563 0.796168447 1.86387765
v -0.837466717 0.721779168 1.91244745
v -0.843120039 0.63484478 1.96729922
v -0.847596824 0.548605919 2.01263857
v -0.70550102 0.251947194 2.2000978
v -0.722171307 0.148207739 2.20660424
v -0.730020702 0.0452989303 2.20898294
v -0.556847155 0.946460307 0.000415537506
v -0.681245446 1.1019578 0.331593066
v -0.911780894 1.11913049 1.25080836
v -0.902274609 1.05873013 1.43044353
v -0.885718226 0.97110498 1.60574508
v -0.75935787 0.779627562 1.92441785
v -0.760439396 0.696289718 1.98472428
v -0.765887201 0.602299929 2.03846955
v -0.78236711 0.503565311 2.07722068
v -0.683110237 0.339114636 2.19283104
v -0.632172227 0.188034222 2.24991846
v -0.646137238 0.0843124017 2.25404978
v -0.661723852 -0.00075404963 2.24803448
v -0.721659184 -0.0524953865 2.20980883
v -0.64252007 1.03797507 0.149045482
v -0.871571422 1.10977471 1.34401762
v -0.833397567 1.04723763 1.53202403
v -0.826271474 0.946692467 1.69665158
v -0.682554781 0.760153711 1.98863292
v -0.664103627 0.66831404 2.05971885
v -0.687092543 0.552152753 2.11001134
v -0.708938062 0.432022393 2.14836025
v -0.618134439 0.289900839 2.23789454
v -0.553359866 0.120808363 2.29452419
v -0.568227112 0.00193393743 2.29302573
v -0.655735731 1.06691742 0.242312536
v -0.711675107 1.13449275 0.423245013
v -0.75639838 1.17911947 0.612781167
v -0.844902813 1.1625241 1.19172382
v -0.808692157 1.10804975 1.42944086
v -0.743372858 1.05962265 1.59863162
v -0.805383563 1.00881326 1.62721586
v -0.753346443 0.928620934 1.77965486
v -0.683532953 0.837666869 1.92409837
v -0.545975924 0.703335583 2.09866118
v -0.585977137 0.601240516 2.13719606
v -0.604860902 0.495368749 2.17734933
v -0.611890972 0.390186876 2.21320438
v -0.469108254 0.0556953996 2.33303332
v -0.755361795 1.19561672 0.72983247
v -0.791315854 1.20258296 0.841894805
v -0.787057519 1.14959621 1.33939219
v -0.73899591 1.10586298 1.50993109
v -0.730623484 1.00690341 1.69448471
v -0.677954078 0.911186576 1.85417199
v -0.609445155 0.817987144 1.98499107
v -0.609448075 0.749918342 2.03734732
v -0.50744766 0.546010494 2.19848275
v -0.519424975 0.441619426 2.23593545
v -0.529004693 0.335490584 2.26566839
v -0.456472576 0.162322998 2.32759786
v -0.818430364 1.19840682 0.949720621
v -0.736981273 1.2130754 1.03191185
v -0.770369411 1.17765534 1.25216091
v -0.645683467 1.03420985 1.71820176
v -0.664993584 0.980291963 1.78002548
v -0.603861749 0.890873909 1.92067063
v -0.538979173 0.791523099 2.04153371
v -0.406094074 0.604262471 2.20755148
v -0.423006833 0.4913764 2.25280738
v -0.43355599 0.382718116 2.287328
v -0.377489954 0.0916559249 2.36078405
v -0.392681092 0.004588468 2.36007309
v -0.493803889 0.853991151 -0.00124751544
v -0.681977987 1.1666255 0.5753721
v -0.716896176 1.18074536 1.31633544
v -0.679477453 1.10254979 1.57218266
v -0.66388768 1.0698278 1.64604282
v -0.593446374 0.960940778 1.84896004
v -0.473687768 0.765228689 2.08843303
v -0.441270471 0.700468183 2.14248586
v -0.338741124 0.533186197 2.26092768
v -0.352995634 0.316523433 2.32943988
v -0.348050505 0.199701175 2.35518718
v -0.290537506 0.107946664 2.38081741
v -0.306435019 0.0157026239 2.381459
v -0.65049243 1.14018404 0.501958668
v -0.670626819 1.18328035 0.657839894
v -0.704483926 1.20990419 0.820930839
v -0.714660168 1.21605682 0.916185021
v -0.708713949 1.15594614 1.41168928
v -0.519997299 0.936841726 1.91376781
v -0.530540109 0.86572814 1.98203135
v -0.199101925 0.0517378449 2.39616132
v -0.576402843 1.01032913 0.224442691
v -0.646823764 1.20107007 0.754114151
v -0.672154427 1.20804453 1.23495495
v -0.582049251 1.07592654 1.68895495
v -0.580591917 1.02440751 1.77173102
v -0.457221895 0.834002256 2.03946519
v -0.337013781 0.697555542 2.1734004
v -0.287964225 0.61200279 2.23342633
v -0.132635906 0.341066629 2.36393476
v -0.122772679 0.247600138 2.38538384
v 0.103339411 -0.15405935 -2.40277243
v 0.291273236 -0.522432506 -2.28139114
v 0.316188574 -0.615437388 -2.23270392
v 0.427243799 -0.8128016 -2.07499981
v 0.493580014 -0.919405282 -1.95645785
v 0.540932655 -1.01529229 -1.82712173
v 0.699148357 -1.18191075 -1.30428231
v 0.647654653 -1.26775885 -1.14820993
v 0.633956313 -1.12961757 -0.398730129
v 0.619732082 -1.08251977 -0.327765793
v 0.598920703 -1.09225774 -0.244018897
v 0.0538876206 -0.246728599 -2.39304924
v 0.151340231 -0.441641778 -2.33715367
v 0.204422921 -0.507392049 -2.30576682
v 0.212992951 -0.589334607 -2.26789999
v 0.336875975 -0.708342016 -2.17657375
v 0.356693268 -0.782344759 -2.12423992
v 0.423694551 -0.892556489 -2.01601839
v 0.541368246 -0.949780703 -1.89663804
v 0.57548064 -1.05831349 -1.74528253
v 0.554882765 -1.12477732 -1.67027378
v 0.629771054 -1.21880841 -1.37923133
v 0.623648822 -1.26202989 -1.26436198
v 0.667683005 -1.26287723 -0.923269868
v 0.679357767 -1.22604573 -0.759081066
v 0.631544292 -1.25424397 -0.583652437
v 0.64017719 -1.18734825 -0.483980328
v 0.553663194 -0.990541875 0.0220659189
v -0.0323567241 -0.326823175 -2.37871599
v 0.0650472566 -0.456843048 -2.33853531
v 0.109034792 -0.539909959 -2.30031586
v 0.234988227 -0.686141253 -2.21442842
v 0.425115287 -0.956628263 -1.96025896
v 0.472002774 -0.98954314 -1.90238702
v 0.557925701 -1.18607676 -1.56356788
v 0.636894166 -1.16936028 -1.48068714
v 0.632572114 -1.29578292 -0.825548768
v 0.607567489 -1.16286492 -0.314107627
v 0.579280555 -1.11446083 -0.129823804
v 0.562168837 -1.0095638 -0.0797247291
v -0.123618215 -0.395185411 -2.35714984
v -0.0151553359 -0.422522157 -2.3523736
v 0.254859269 -0.789533257 -2.1472168
v 0.353617907 -0.948290825 -1.99849093
v 0.447615325 -1.06016386 -1.84110284
v 0.501782477 -1.09246135 -1.7645942
v 0.488074303 -1.1932615 -1.62970972
v 0.544665754 -1.29070306 -1.35864043
v 0.583470941 -1.3145628 -1.18928659
v 0.58669436 -1.32891464 -1.10451865
v 0.634283245 -1.28073096 -0.702965558
v 0.600161374 -1.27722192 -0.47418499
v 0.609444082 -1.21976995 -0.3936961
v 0.570048749 -1.0870235 -0.011507242
v -0.0780734122 -0.477180004 -2.33174896
v 0.000812951708 -0.511608362 -2.319067
v 0.165820688 -0.745687425 -2.19188452
v 0.376105607 -1.02268231 -1.91844773
v 0.425854981 -1.12108254 -1.78213644
v 0.456568003 -1.15860736 -1.70946038
v 0.530119002 -1.33452976 -1.25978351
v 0.582415104 -1.34463394 -1.0229764
v 0.60580945 -1.32888091 -0.939154327
v -0.164867386 -0.494598091 -2.31778407
v -0.0861212313 -0.558869183 -2.29736519
v 0.00920092873 -0.606643081 -2.27677989
v 0.0857576877 -0.754675806 -2.19545102
v 0.132622063 -0.83448422 -2.13955998
v 0.27960366 -0.937748432 -2.03331923
v 0.283577651 -1.00400817 -1.97314334
v 0.361401528 -1.10460997 -1.83753157
v 0.403309971 -1.22430646 -1.65037751
v 0.517873228 -1.36713767 -1.16298473
v 0.590731084 -1.3299818 -0.640890896
v 0.578454673 -1.29392946 -0.392012894
v 0.578212857 -1.26097834 -0.302410066
v -0.191778243 -0.597960234 -2.26899767
v -0.0909407139 -0.656038702 -2.25039792
v 0.00396011351 -0.710707486 -2.22325587
v 0.05644821 -0.894146681 -2.10603857
v 0.129836977 -0.930574059 -2.07094336
v 0.206083134 -0.973108053 -2.02255797
v 0.281697124 -1.07884049 -1.89955497
v 0.356595695 -1.1776123 -1.74876893
v 0.387232751 -1.31875467 -1.49779975
v 0.462728709 -1.30743289 -1.43774605
v 0.534594476 -1.3900317 -0.970529974
v 0.5514099 -1.38160598 -0.863944173
v 0.570496976 -1.342242 -0.54852891
v 0.571821809 -1.06133687 0.0926987529
v 0.554684937 -0.964235425 0.123188473
v -0.292641342 -0.593091726 -2.25107288
v -0.17446138 -0.689193189 -2.22476101
v -0.105957538 -0.761661589 -2.18955278
v 0.007893987 -0.819148064 -2.15795231
v 0.040499337 -0.966407955 -2.05035424
v 0.117435604 -1.01196408 -2.00441718
v 0.198179275 -1.04986775 -1.95404577
v 0.274499953 -1.15156209 -1.82074833
v 0.302731216 -1.25011778 -1.67511415
v 0.372808158 -1.36413288 -1.41448069
v 0.454037935 -1.35460758 -1.33828723
v 0.523048341 -1.38498712 -1.06668591
v 0.534339011 -1.39540982 -0.629472554
v 0.585695922 -1.18772686 -0.221696392
v -0.373218387 -0.641813815 -2.20062852
v -0.262387127 -0.670649767 -2.21882248
v -0.219586506 -0.753766835 -2.17877936
v -0.0889400914 -0.852697492 -2.13227201
v -0.0294657629 -0.910331488 -2.09397793
v 0.0228319224 -1.04621875 -1.98060334
v 0.105396457 -1.09138834 -1.93008053
v 0.191722199 -1.12528312 -1.87763357
v 0.263486117 -1.21085012 -1.75046504
v 0.348645151 -1.29002476 -1.58128738
v 0.442268819 -1.39530969 -1.23454916
v 0.433548808 -1.43160462 -1.11513734
v 0.489104211 -1.43876386 -0.792652249
v 0.549853921 -1.35436392 -0.446585536
v -0.41423142 -0.736112952 -2.1316731
v -0.317926943 -0.738394141 -2.16503406
v -0.275648743 -0.817406714 -2.12419438
v -0.178610444 -0.836414039 -2.13130856
v -0.0545154735 -0.991320431 -2.0272913
v 0.00063379528 -1.13016438 -1.89650047
v 0.0998475403 -1.16731477 -1.84857237
v 0.187332422 -1.1957463 -1.79610658
v 0.192461327 -1.26479673 -1.70102131
v 0.245537817 -1.3118248 -1.6061101
v 0.287359536 -1.35671842 -1.49988878
v 0.471106708 -1.42990243 -1.01583016
v 0.499834836 -1.432271 -0.701159418
v 0.564495623 -1.26632404 -0.209407419
v 0.56725204 -1.22582603 -0.132876545
v 0.568412721 -1.18595338 -0.0384693146
v -0.434845537 -0.826523244 -2.06035924
v -0.356630564 -0.799464166 -2.11260843
v -0.241769001 -0.896425366 -2.0736537
v -0.137532696 -0.926359415 -2.07099605
v -0.1494551 -1.01513624 -1.9938612
v -0.072495006 -1.0690223 -1.95509923
v -0.0721060261 -1.18194449 -1.83469534
v 0.0135955811 -1.20571351 -1.8103894
v 0.0986971632 -1.23651862 -1.76311374
v 0.360873818 -1.40924609 -1.31316221
v 0.347172379 -1.44992626 -1.20643866
v 0.394055307 -1.47649932 -1.0089612
v 0.460752517 -1.45034218 -0.911803484
v 0.406791061 -1.49698389 -0.818189681
v 0.463917702 -1.46303797 -0.624017715
v 0.498352289 -1.42529964 -0.521797359
v 0.537399054 -1.33677649 -0.244240344
v 0.5714432 -1.16097319 0.0645123571
v -0.336116493 -0.87040323 -2.06639028
v -0.217103243 -0.966522038 -2.02211499
v -0.0923302248 -1.12744105 -1.89397979
v -0.05473575 -1.2340138 -1.77254581
v 0.00928800087 -1.26620543 -1.73116755
v 0.0878134817 -1.29938674 -1.6758343
v 0.156954229 -1.32345259 -1.62283385
v 0.180176169 -1.36365438 -1.54441333
v 0.277792901 -1.4110297 -1.3886106
v 0.325909764 -1.48835838 -1.09854913
v 0.362965256 -1.50999498 -0.91044879
v 0.432978809 -1.48659074 -0.717558146
v 0.540453076 -1.34985888 -0.345024467
v 0.602974415 -1.05693984 0.265772551
v -0.400445759 -0.92036438 -1.9996587
v -0.302478164 -0.950863898 -2.01073861
v -0.251740426 -1.03479278 -1.94923186
v -0.15564841 -1.15549266 -1.85042799
v -0.142293021 -1.22338629 -1.77042007
v -0.0807378143 -1.27970159 -1.70549655
v -0.00866722595 -1.32215118 -1.64520431
v 0.0767407417 -1.36071122 -1.57663321
v 0.265281171 -1.45535016 -1.28539252
v 0.248245806 -1.49458146 -1.18121696
v 0.298367411 -1.52346003 -0.994156837
v 0.429614574 -1.49155545 -0.549471378
v 0.491477042 -1.42320037 -0.400138885
v 0.539375782 -1.31504071 -0.147240207
v 0.547289371 -1.28099501 -0.0519983917
v 0.584430993 -1.13483167 0.180674747
v -0.558376849 -0.925634384 -1.90076065
v -0.463265896 -0.969590425 -1.9222033
v -0.363119245 -1.0046742 -1.93777609
v -0.23702091 -1.11730409 -1.870152
v -0.176144779 -1.28074491 -1.68167424
v -0.109380446 -1.33244026 -1.61839008
v -0.0349085554 -1.37641609 -1.55217445
v 0.106231719 -1.43710017 -1.41856921
v 0.226111114 -1.52954113 -1.07666707
v 0.376128495 -1.52833021 -0.627835989
v 0.430644959 -1.48827994 -0.457293719
v 0.487754822 -1.41719782 -0.286930472
v 0.507368803 -1.37182963 -0.069863379
v 0.557183802 -1.24388623 0.0306532476
v 0.559910238 -1.25114679 0.134256288
v -0.525408089 -1.01134348 -1.83737731
v -0.426586032 -1.05247855 -1.85670567
v -0.29593128 -1.14587665 -1.81585443
v -0.226815328 -1.18105233 -1.79989958
v -0.211840838 -1.3304342 -1.59043169
v -0.0622314699 -1.42490184 -1.45517945
v 0.0141396439 -1.45673454 -1.39005089
v 0.0908309743 -1.47929597 -1.32512617
v 0.199959502 -1.56009912 -0.971214831
v 0.273032606 -1.5519489 -0.892662525
v 0.333123416 -1.53647912 -0.831598878
v 0.349207729 -1.53712618 -0.743337274
v 0.367144316 -1.53829134 -0.516338289
v 0.424574494 -1.48897326 -0.344350457
v 0.524436653 -1.3363421 0.0453890488
v 0.603822827 -1.15678 0.296307087
v -0.57668978 -1.05033255 -1.74832964
v -0.487009495 -1.0899117 -1.77394176
v -0.384308428 -1.13736558 -1.78106964
v -0.300036669 -1.19858849 -1.74764764
v -0.226250052 -1.23284984 -1.73371708
v -0.282198489 -1.26731133 -1.65889776
v -0.140680328 -1.38255823 -1.52136934
v -0.00378765981 -1.49653196 -1.29264426
v 0.0736384764 -1.51655972 -1.2263087
v 0.150591195 -1.52767825 -1.15475738
v 0.26595667 -1.56921554 -0.790687561
v 0.304336905 -1.57157576 -0.570610344
v 0.356975853 -1.54519928 -0.408406287
v 0.493675083 -1.39968359 -0.176236838
v 0.579111814 -1.22282243 0.235731006
v -0.669336557 -1.0109868 -1.69411147
v -0.601448774 -1.09621406 -1.65931165
v -0.534691632 -1.11335731 -1.70504725
v -0.464617759 -1.15768611 -1.70048666
v -0.3787826 -1.21168709 -1.68431616
v -0.257403642 -1.37712348 -1.48199153
v -0.1639691 -1.43014097 -1.41722751
v -0.0819977745 -1.46785653 -1.35566068
v -0.0209206585 -1.53031218 -1.1936152
v 0.0546861067 -1.54840851 -1.12660909
v 0.127941772 -1.55839956 -1.05296195
v 0.0987814963 -1.58476985 -0.952327669
v 0.17005685 -1.58820033 -0.853268564
v 0.267377973 -1.58003175 -0.67187804
v 0.344031602 -1.55297637 -0.297074586
v 0.419499189 -1.48874831 -0.212816224
v -0.672069371 -1.07851708 -1.59175706
v -0.535612762 -1.16015196 -1.63348627
v -0.458844006 -1.21773505 -1.61311901
v -0.37432003 -1.27306366 -1.59149086
v -0.299261183 -1.31887937 -1.56613624
v -0.176056027 -1.47211063 -1.31346214
v -0.0974814296 -1.50450289 -1.25605083
v -0.0381574705 -1.55841541 -1.09517312
v 0.0340976678 -1.57444763 -1.0298661
v 0.194699377 -1.59740734 -0.74826175
v 0.290125042 -1.58241963 -0.479918152
v 0.330283791 -1.56271791 -0.182898581
v 0.383739203 -1.5225246 -0.10489206
v 0.450533032 -1.45398748 -0.09717381
v 0.46712774 -1.43207753 0.00749536837
v 0.52584374 -1.34359741 0.150925443
v 0.582197428 -1.25954247 0.335559517
v 0.631107748 -1.0845834 0.365360022
v -0.607039511 -1.14727092 -1.57098567
v -0.453888386 -1.27460504 -1.51697814
v -0.364255279 -1.32927847 -1.49780476
v -0.260405213 -1.43143618 -1.36405921
v -0.261505723 -1.47085214 -1.26278841
v -0.186216027 -1.50504839 -1.21599519
v -0.113228999 -1.53448689 -1.15764487
v -0.0528390072 -1.58100271 -0.998931348
v 0.0136230495 -1.59304857 -0.947939217
v 0.0436731875 -1.60758162 -0.853727877
v 0.107882798 -1.61456227 -0.758973658
v 0.157204598 -1.61563683 -0.664452136
v 0.414193183 -1.4941932 -0.0267407149
v 0.549588203 -1.30758572 0.234423131
v -0.666788042 -1.12812948 -1.51370394
v -0.61570251 -1.18982041 -1.47526395
v -0.538012981 -1.26704323 -1.42772126
v -0.440727144 -1.32921314 -1.42028308
v -0.350702345 -1.38217616 -1.39922237
v -0.204381943 -1.52909887 -1.12069416
v -0.129188791 -1.55899513 -1.05842078
v -0.0556269139 -1.59969974 -0.901677608
v 0.217507482 -1.61401594 -0.449711621
v 0.271889508 -1.5932591 -0.376231283
v 0.479322493 -1.41747987 0.11688742
v 0.622524559 -1.17818046 0.399700731
v -0.499099523 -1.32688046 -1.347139
v -0.428096205 -1.3762368 -1.32388687
v -0.343549967 -1.42711782 -1.29705989
v -0.222746417 -1.5485152 -1.01684248
v -0.139794156 -1.57947695 -0.955961823
v 0.0222589765 -1.62318206 -0.756946087
v 0.0559006147 -1.63032413 -0.674249113
v 0.099337928 -1.63414574 -0.575499415
v 0.320765853 -1.570315 -0.0935052186
v 0.405073345 -1.50222826 0.0762645081
v 0.499228746 -1.39674509 0.224871591
v 0.603561521 -1.25367427 0.433788955
v 0.63620007 -1.2061069 0.496884972
v -0.698034346 -1.14142632 -1.41792798
v -0.631187558 -1.22118902 -1.36963785
v -0.571559012 -1.28930557 -1.31154203
v -0.50695461 -1.35640466 -1.2458297
v -0.417154551 -1.41611242 -1.22631252
v -0.334115595 -1.46465123 -1.19812083
v -0.260182112 -1.49856937 -1.17867172
v -0.308258355 -1.50372159 -1.09032822
v -0.143047303 -1.59675443 -0.849787414
v -0.0531846322 -1.61534977 -0.799901426
v -0.043268986 -1.62870264 -0.695830762
v -0.00976591557 -1.63938808 -0.59174794
v 0.137643754 -1.63432527 -0.474181294
v 0.241075575 -1.60717738 -0.25453639
v 0.352283895 -1.54781926 -0.0156999119
v -0.75175935 -1.11903775 -1.32284439
v -0.694162071 -1.17990267 -1.3228879
v -0.652720451 -1.23875344 -1.25428593
v -0.474958748 -1.40219927 -1.15940809
v -0.404752135 -1.45044374 -1.1273675
v -0.316529363 -1.52628791 -0.964671612
v -0.230450168 -1.56675589 -0.905679703
v -0.140859336 -1.61130738 -0.73850131
v 0.0391125977 -1.6460433 -0.491531014
v 0.0837714672 -1.64724851 -0.409561455
v 0.141893998 -1.64040279 -0.261692584
v 0.254618585 -1.60439408 -0.132739872
v 0.432467371 -1.47766936 0.197256565
v 0.564044893 -1.32648087 0.425499141
v 0.598787963 -1.29146564 0.514236391
v -0.726045191 -1.16736865 -1.2457093
v -0.480762631 -1.41847563 -1.06626213
v -0.401722759 -1.47539711 -1.0186044
v -0.319465131 -1.5420686 -0.849474669
v -0.232981801 -1.58124101 -0.793611586
v -0.131588399 -1.62439013 -0.611601472
v 0.0702426955 -1.65174043 -0.320285231
v 0.165091544 -1.6356523 -0.167644918
v 0.301885545 -1.57940698 0.085289672
v 0.363017023 -1.53959858 0.169242457
v 0.456696689 -1.45713711 0.323540926
v 0.530007958 -1.36170053 0.327543229
v 0.506524503 -1.40848649 0.423770875
v 0.638674736 -1.24475408 0.590384126
v -0.553965449 -1.35213554 -1.12690747
v -0.40399766 -1.49181437 -0.902300358
v -0.320657849 -1.55272794 -0.738026917
v -0.234869331 -1.59141421 -0.677780449
v -0.169139013 -1.62323678 -0.511371553
v -0.000383334234 -1.65244842 -0.398694158
v 0.0594100133 -1.65500414 -0.201613277
v 0.188811615 -1.63010049 -0.0652372092
v 0.272274375 -1.5964756 -0.0309775397
v 0.289911926 -1.58615828 0.214232385
v 0.371546805 -1.53336477 0.273337901
v 0.544483304 -1.37222111 0.521002114
v -0.703738451 -1.20791733 -1.16085064
v -0.63656354 -1.27825832 -1.14576375
v -0.481633902 -1.43504739 -0.95608741
v -0.39969188 -1.50567138 -0.789618731
v -0.238788813 -1.5974586 -0.564371705
v 0.0987840667 -1.65145993 -0.0899335966
v 0.204627812 -1.62464929 0.0360509269
v 0.383781552 -1.5257225 0.389669389
v 0.448687822 -1.47273707 0.429868966
v 0.585997105 -1.33334482 0.621204615
v 0.638401687 -1.27129877 0.674073517
v -0.621523798 -1.30744469 -1.04363978
v -0.552550077 -1.37336183 -1.00525486
v -0.390485048 -1.51741695 -0.697116852
v -0.334347337 -1.55211437 -0.619153082
v -0.156726077 -1.63074017 -0.421043813
v -0.0827717781 -1.64732206 -0.384450853
v -0.0353620686 -1.65485287 -0.287334472
v 0.00619849889 -1.6598531 -0.103147559
v 0.130810469 -1.64607728 -0.00577854505
v 0.205762863 -1.62351382 0.1473331
v 0.404921353 -1.51141262 0.496303469
v 0.478557497 -1.44682753 0.516855299
v 0.606625199 -1.32374322 0.730678976
v -0.685059965 -1.2400316 -1.06803977
v -0.545548558 -1.388695 -0.909132063
v -0.488863885 -1.43912148 -0.83247
v -0.236543268 -1.60290444 -0.459836155
v -0.0338246524 -1.65795517 -0.182726115
v 0.0388095453 -1.65828705 0.00470645446
v 0.119103022 -1.64739251 0.0851747841
v 0.19841674 -1.62474036 0.263656855
v 0.283700794 -1.5872246 0.34611693
v 0.511385322 -1.41820872 0.611706376
v 0.541004181 -1.39351547 0.70925957
v 0.667101741 -1.24716592 0.763446927
v 0.679471016 -1.19767404 0.667010248
v -0.720380306 -1.19865358 -0.989281952
v -0.616502881 -1.31977999 -0.927324712
v -0.459673226 -1.46663928 -0.716858327
v -0.316635102 -1.56488538 -0.505816996
v -0.14166069 -1.63768005 -0.315075934
v -0.116403155 -1.6458652 -0.208457962
v -0.0819472075 -1.6543349 -0.112678215
v 0.185257554 -1.62675762 0.36106655
v 0.318852425 -1.56683791 0.469356477
v 0.434240282 -1.48822868 0.595825851
v 0.464412361 -1.46236861 0.694758415
v -0.685670257 -1.23947728 -0.904310107
v -0.575917125 -1.36185837 -0.823916852
v -0.502008677 -1.42874658 -0.631739676
v -0.427174151 -1.49245787 -0.621832728
v -0.394970447 -1.51607716 -0.528842866
v -0.303518116 -1.57341623 -0.400594711
v -0.227189705 -1.60923719 -0.355936527
v -0.0446554422 -1.6589849 -0.0366437323
v 0.10952463 -1.64728177 0.19898048
v 0.105912678 -1.64610875 0.313502043
v 0.2203352 -1.61153102 0.450763226
v 0.349625438 -1.54629493 0.576249123
v 0.567173839 -1.37075937 0.804685235
v 0.623178005 -1.31161225 0.813058078
v 0.716931462 -1.18945515 0.843708813
v -0.64509958 -1.28361499 -0.818241954
v -0.536384284 -1.39934266 -0.72858578
v -0.224647939 -1.61061251 -0.233760595
v -0.0605862997 -1.65635812 0.0533812791
v 0.0199897178 -1.6574111 0.128707364
v 0.11096333 -1.64144289 0.430310339
v 0.256884456 -1.59278607 0.556270123
v 0.380025119 -1.52261996 0.678801656
v 0.410836428 -1.49605739 0.780088007
v 0.493889868 -1.43540204 0.793352246
v 0.599018216 -1.33858311 0.890893519
v 0.663599968 -1.26669323 0.876250148
v -0.605569959 -1.32289922 -0.728347301
v -0.468097419 -1.45560431 -0.538095832
v -0.375179619 -1.52952886 -0.429671824
v -0.360880852 -1.53775656 -0.326484084
v -0.292236954 -1.57965982 -0.306037605
v -0.174458981 -1.63092768 -0.119454235
v 0.00312716002 -1.6557883 0.254752308
v 0.156369984 -1.62595642 0.539703906
v 0.2893323 -1.57209146 0.659584463
v 0.318481892 -1.5484916 0.764475226
v 0.441709638 -1.4662199 0.879527628
v 0.524060547 -1.40506971 0.890896738
v 0.639140606 -1.29421437 0.975288391
v 0.706860304 -1.21671832 0.951304197
v -0.663185298 -1.24117351 -0.719440401
v -0.43482697 -1.48249102 -0.459267467
v -0.336606562 -1.55130219 -0.214508399
v -0.124442235 -1.64622378 -0.0263694264
v -0.0909404755 -1.65037644 0.174252048
v 0.0452352501 -1.6440115 0.528076649
v 0.196578696 -1.60852373 0.639464378
v 0.223916158 -1.5902884 0.738798738
v 0.352964818 -1.51921427 0.867385209
v 0.467005759 -1.43422496 0.990743458
v 0.560793698 -1.36593997 0.984438241
v -0.622838438 -1.28274274 -0.632461309
v -0.568191528 -1.35798478 -0.639125228
v -0.534908175 -1.38517463 -0.542145908
v -0.496258467 -1.41703939 -0.432514071
v -0.271596909 -1.58940732 -0.117963158
v -0.159300804 -1.63619506 0.0744512454
v 0.143827558 -1.61545217 0.707889616
v 0.389138579 -1.48794293 0.952276707
v 0.519005001 -1.38404906 1.08031225
v 0.600749373 -1.31963289 1.07605457
v 0.685137212 -1.23886108 1.07143688
v -0.668779612 -1.19470429 -0.619768083
v -0.586785614 -1.31976902 -0.559587359
v -0.429356396 -1.48267019 -0.368456393
v -0.417866051 -1.48794544 -0.262745857
v -0.313914239 -1.56594694 -0.0160535816
v -0.219416842 -1.61433601 -0.0181428641
v -0.0456103794 -1.64827633 0.448795259
v 0.101798706 -1.62995672 0.629687905
v 0.242822483 -1.56699383 0.857898772
v 0.303396434 -1.52592862 0.965833068
v 0.371764958 -1.47733998 1.05468941
v 0.447694957 -1.42969072 1.08930719
v 0.552206457 -1.34049118 1.17186975
v 0.632646382 -1.27581143 1.16995871
v -0.624387264 -1.24679077 -0.532216489
v -0.570327342 -1.31696141 -0.45462963
v -0.479986191 -1.42554772 -0.320505828
v -0.418979317 -1.48117328 -0.149660453
v -0.263381928 -1.59451222 0.095740512
v -0.188625425 -1.62620413 0.166914865
v 0.0160692651 -1.63764477 0.62855655
v 0.143570766 -1.6033144 0.79690367
v 0.473053485 -1.3964479 1.16604078
v 0.695676565 -1.2155683 1.17488241
v -0.534598708 -1.35255778 -0.347481102
v -0.46720016 -1.43286872 -0.224547744
v -0.349729896 -1.54184997 -0.106617264
v -0.25777778 -1.59831607 0.209815353
v -0.132476985 -1.63895285 0.390909553
v -0.0592430346 -1.63934326 0.569393754
v 0.14726609 -1.58839607 0.890240371
v 0.254791498 -1.51817906 1.08321321
v 0.328410804 -1.47658288 1.14367008
v 0.399264127 -1.44169068 1.151667
v 0.584661841 -1.29238069 1.26317894
v 0.661714494 -1.22946703 1.25831509
v -0.660227776 -1.15082586 -0.516243577
v -0.575473845 -1.27787244 -0.357355416
v -0.51356256 -1.37062573 -0.249432281
v -0.394610971 -1.50364244 -0.0356604457
v -0.160910189 -1.62687516 0.498711616
v -0.0574267544 -1.62938547 0.681577742
v 0.0978719816 -1.58208847 0.966353536
v 0.198819578 -1.56047952 0.973199248
v 0.34722349 -1.44520557 1.22463012
v 0.420061439 -1.40972388 1.22752738
v 0.540349185 -1.28911591 1.36797249
v 0.61782223 -1.24491215 1.33425796
v -0.615610003 -1.20476854 -0.415953308
v -0.493293166 -1.38878131 -0.142063245
v -0.368797183 -1.52623892 0.0853046253
v -0.320572764 -1.56387758 0.167029917
v -0.218872368 -1.61270642 0.391246617
v -0.150311738 -1.62158084 0.626056254
v 0.0132046454 -1.59021556 0.958899021
v 0.036720559 -1.56881189 1.05026543
v 0.138826713 -1.55248368 1.06665933
v 0.169519171 -1.51843524 1.16977966
v 0.262608588 -1.48418963 1.19965863
v 0.456265688 -1.3401562 1.37044871
v 0.606782138 -1.22246659 1.41788256
v 0.684605777 -1.17720175 1.35873985
v -0.646636784 -1.10968125 -0.430744708
v -0.554779887 -1.2963413 -0.273157269
v -0.453107953 -1.44107449 -0.0632094443
v -0.446817219 -1.44754148 0.035170868
v -0.379569262 -1.52197409 0.201736137
v -0.323685825 -1.56335223 0.241907775
v -0.275399297 -1.58867884 0.30636555
v -0.14643091 -1.61138332 0.737163663
v -0.0523923673 -1.61547804 0.792895436
v 0.0700658262 -1.54040647 1.14834857
v 0.187994927 -1.48110151 1.2706672
v 0.281028867 -1.44398797 1.29885113
v 0.384025782 -1.3954556 1.31969392
v 0.386218578 -1.34760737 1.43372858
v 0.472405136 -1.29639637 1.45315683
v 0.542130053 -1.25209725 1.45810509
v 0.659955621 -1.1558373 1.47001064
v -0.616789579 -1.1088928 -0.329227477
v -0.588711143 -1.21264017 -0.298275054
v -0.374695927 -1.52748311 0.323878646
v -0.30073753 -1.57588828 0.390751868
v -0.26932317 -1.58998871 0.479217082
v -0.148435459 -1.59578788 0.847048163
v -0.0585898012 -1.59742033 0.905209243
v 0.0970916525 -1.50837862 1.24173617
v 0.110829554 -1.47119975 1.33649731
v 0.201862857 -1.43915164 1.36944675
v 0.29541561 -1.39766037 1.40064037
v 0.582513452 -1.19858778 1.51050866
v -0.565147102 -1.23967206 -0.198098138
v -0.540099502 -1.28780758 -0.0944620594
v -0.49898693 -1.37364793 -0.0247808304
v -0.440470815 -1.45884812 0.148167908
v -0.241101235 -1.59818125 0.581491649
v -0.151547894 -1.57519746 0.958981812
v -0.058905784 -1.57493317 1.0153203
v 0.0177499354 -1.52274203 1.21658063
v 0.0311807301 -1.45481145 1.39513969
v 0.120275766 -1.4282223 1.43253016
v 0.210441336 -1.39198864 1.46829832
v 0.301552981 -1.34635842 1.50391674
v 0.397996545 -1.2871654 1.54355073
v 0.499919772 -1.24062335 1.53436124
v 0.543344021 -1.17427003 1.60353553
v 0.630540311 -1.12936425 1.56955814
v -0.587792635 -1.14359677 -0.219702139
v -0.298587561 -1.57162607 0.640726626
v -0.230888352 -1.59496593 0.683218122
v -0.234182984 -1.58298028 0.785878539
v -0.149483278 -1.54943085 1.07384515
v -0.0420364961 -1.54456532 1.13615131
v 0.1249156 -1.38018894 1.52782071
v 0.213404477 -1.340258 1.564991
v 0.29887411 -1.29350793 1.60127854
v 0.366345912 -1.24579191 1.63850224
v 0.4496364 -1.2151798 1.62556791
v -0.504677713 -1.36473751 0.100213781
v -0.489944875 -1.40229237 0.222207993
v -0.433288634 -1.47359133 0.243824452
v -0.307716936 -1.56124783 0.724302769
v -0.242553249 -1.56434214 0.894746721
v -0.148908228 -1.51786375 1.18884802
v -0.0599517114 -1.50854564 1.2500999
v 0.125389472 -1.32549119 1.62241518
v 0.214431509 -1.28557932 1.65500343
v 0.293549538 -1.23854351 1.69056058
v 0.385947376 -1.18097937 1.72209823
v 0.494359672 -1.14324987 1.69842768
v 0.589763403 -1.09870458 1.6695689
v -0.567860603 -1.17528427 -0.114876755
v -0.466633379 -1.44230366 0.32398358
v -0.412591249 -1.50504327 0.540978491
v -0.377767533 -1.5277065 0.654254138
v -0.321445763 -1.54463732 0.823739648
v -0.246458471 -1.54163742 1.00965714
v -0.243354842 -1.48221433 1.23916042
v -0.149867535 -1.48068452 1.29929662
v -0.0583381839 -1.47083247 1.35182071
v 0.0372290313 -1.36187351 1.57829249
v 0.134811446 -1.26512885 1.71143866
v 0.216511667 -1.23510718 1.72844982
v 0.273773223 -1.1748749 1.78622603
v 0.447169572 -1.11212707 1.77594495
v 0.536688924 -1.05589056 1.77680886
v -0.596553147 -1.0596416 -0.240893438
v -0.533919573 -1.29883075 0.0146242343
v -0.374467432 -1.52484417 0.755231202
v -0.344767064 -1.517694 0.936989546
v -0.240726069 -1.44234085 1.34956038
v -0.144162104 -1.4379425 1.40683913
v -0.0490627661 -1.4283818 1.45032668
v 0.366301417 -1.11330736 1.82081008
v 0.444356143 -1.0525279 1.84874332
v -0.55758065 -1.21015239 -0.00767987361
v -0.551593781 -1.25120294 0.0995107517
v -0.529518902 -1.35450125 0.311659783
v -0.465987682 -1.46416605 0.628709435
v -0.128560513 -1.38531601 1.51990891
v -0.0590307862 -1.34511852 1.60550082
v 0.0239122063 -1.29725051 1.68197525
v 0.0623505376 -1.22763777 1.77617359
v 0.163080513 -1.20074594 1.79027545
v 0.196802288 -1.12918997 1.86652136
v 0.286934674 -1.10434544 1.86601293
v 0.352442771 -1.03863978 1.9106257
v 0.437893927 -0.99392885 1.91601443
v -0.575777709 -1.06338954 -0.140640855
v -0.542065084 -1.30413985 0.206882328
v -0.492363274 -1.43252134 0.522809982
v -0.442353994 -1.48280919 0.730545342
v -0.334661007 -1.47031832 1.17471159
v -0.147909924 -1.33159196 1.61077082
v -0.105342619 -1.28191745 1.6968509
v -0.0293112993 -1.24257314 1.76135719
v -0.0112657277 -1.18295741 1.83616662
v 0.0906714052 -1.1561209 1.85835326
v 0.389485955 -0.954829633 1.9772222
v 0.480381489 -0.927715719 1.95476568
v 0.515739799 -0.984060526 1.87538362
v -0.574789345 -1.25967276 0.304795653
v -0.332864463 -1.43545413 1.28583896
v -0.214936987 -1.28681612 1.65855682
v 0.00952108577 -1.11028969 1.91620874
v 0.120940387 -1.0678463 1.94722092
v 0.2412076 -1.05410743 1.93410158
v 0.19282873 -0.991279781 2.00658154
v 0.292706907 -0.978579938 1.99107897
v 0.430472404 -0.875122666 2.02668047
v -0.568704367 -1.13961899 0.0797728375
v -0.569183588 -1.30779874 0.400897086
v -0.5597018 -1.34787035 0.50375694
v -0.506308734 -1.43100107 0.703802526
v -0.499824136 -1.43525529 0.798024416
v -0.486677736 -1.43565726 0.918183029
v -0.41972208 -1.44546711 1.10865366
v -0.417519718 -1.38146257 1.32652164
v -0.331506789 -1.39233029 1.39494658
v -0.234535515 -1.3949976 1.45838964
v -0.0853020549 -1.13586152 1.88497174
v 0.0140492376 -1.03120375 1.99316084
v 0.0976426229 -0.981023312 2.03165603
v 0.240211651 -0.920123219 2.05662036
v 0.334955186 -0.899697304 2.04521084
v 0.521178365 -0.847435832 1.99858844
v -0.560315669 -1.0191263 -0.0522209555
v -0.497390926 -1.41061258 1.03947949
v -0.418633968 -1.41652858 1.21977472
v -0.426955134 -1.3308605 1.43425536
v -0.326166242 -1.3423897 1.50279808
v -0.16348815 -1.14553082 1.86083055
v -0.0729741529 -1.06768429 1.95634019
v 0.160697758 -0.933312297 2.06277609
v 0.374954402 -0.816191077 2.09430575
v -0.560525298 -1.02278912 0.0494577922
v -0.498777419 -1.38560593 1.1530509
v -0.410817564 -1.28252721 1.54500258
v -0.314746827 -1.28674126 1.60832846
v -0.156477004 -1.08826959 1.92325914
v -0.076394856 -0.995109677 2.02194953
v 0.00465210993 -0.947548687 2.06417847
v 0.0905015618 -0.900243402 2.09674072
v 0.180171728 -0.865929544 2.1102643
v 0.31189546 -0.752595127 2.15679336
v -0.602478743 -1.22985041 0.385809004
v -0.615789235 -1.24622774 0.48762536
v -0.563293993 -1.37472379 0.739676476
v -0.403132319 -1.22408938 1.64681423
v -0.295704871 -1.21922255 1.71922791
v -0.220558971 -1.17843294 1.80458903
v -0.00574581977 -0.849973977 2.13576341
v 0.103725001 -0.811300635 2.15612578
v 0.206841618 -0.778914154 2.16362357
v 0.241534591 -0.684314728 2.21271539
v -0.537536025 -0.944194615 -0.0225408394
v -0.603865921 -1.08934653 0.270310163
v -0.605651021 -1.17096019 0.322049618
v -0.600381792 -1.30457079 0.578377664
v -0.546614051 -1.38330543 0.621440709
v -0.570287108 -1.36205733 0.969259501
v -0.495754331 -1.35713148 1.26222539
v -0.483545959 -1.27252507 1.49099576
v -0.500002265 -1.21714389 1.57394052
v -0.400617808 -1.15754616 1.74400997
v -0.315547943 -1.13857305 1.8145864
v -0.236989453 -1.10920644 1.87921858
v -0.14219521 -1.03073406 1.98154521
v -0.0560752712 -0.777200639 2.18225741
v 0.0246514902 -0.75629884 2.19559145
v 0.177431941 -0.62302953 2.25562692
v 0.274799258 -0.576229513 2.25991154
v 0.34881109 -0.656824112 2.20029402
v -0.579773307 -1.06459439 0.164873749
v -0.567268431 -1.37178504 0.852602839
v -0.573731422 -1.34358406 1.0845145
v -0.486851096 -1.33165121 1.35206461
v -0.487171829 -1.1608696 1.67602098
v -0.406461596 -1.0868994 1.82954907
v -0.326278836 -1.06280434 1.89534533
v -0.235103905 -1.02729523 1.96182084
v -0.168171331 -0.965903878 2.03239179
v -0.0925168544 -0.913457692 2.08516026
v -0.0260989089 -0.621776223 2.2679286
v 0.0779499337 -0.604268074 2.27403378
v 0.165647745 -0.536030412 2.29693961
v -0.613543987 -1.30608499 0.674980342
v -0.627553999 -1.30328035 0.787221014
v -0.636560678 -1.29901457 0.902103126
v -0.641521394 -1.29020333 1.01607919
v -0.573528767 -1.31944025 1.19801617
v -0.566892445 -1.28904438 1.31739593
v -0.518776655 -1.28616679 1.41413391
v -0.487177163 -1.09756851 1.76330614
v -0.342756659 -0.982772887 1.96776664
v -0.267804742 -0.93511194 2.03364825
v -0.19225505 -0.881614149 2.09327483
v -0.115784876 -0.827610314 2.14351416
v -0.0495646559 -0.703454077 2.22504878
v 0.0027903521 -0.551240981 2.30116153
v 0.0688502118 -0.502966166 2.31904793
v 0.143179238 -0.438687176 2.33749843
v -0.534457207 -0.929054976 0.0624682158
v -0.626082003 -1.10156322 0.354005426
v -0.644605279 -1.27362359 1.12714756
v -0.553633273 -1.23300755 1.48043036
v -0.556387782 -1.15322196 1.62141562
v -0.486811519 -1.03266609 1.84266436
v -0.436023414 -0.944127738 1.96311629
v -0.370619833 -0.896104753 2.03216577
v -0.293556958 -0.844020069 2.09642982
v -0.212934822 -0.792505085 2.15086079
v -0.133758843 -0.740795493 2.19597197
v -0.0823912174 -0.548020959 2.29881072
v 0.0467649288 -0.407532156 2.35371256
v -0.690628052 -1.22390103 0.835604846
v -0.646226823 -1.24818039 1.23816991
v -0.585244954 -1.24505424 1.4026922
v -0.484053284 -0.977757633 1.90416038
v -0.403538704 -0.793419898 2.09492421
v -0.309427649 -0.752998948 2.15390515
v -0.230294645 -0.698612809 2.20464802
v -0.136500388 -0.637061417 2.2516973
v -0.172359169 -0.544179499 2.29100847
v -0.0256140493 -0.474350333 2.33097029
v 0.116826192 -0.354393005 2.3660357
v -0.591498256 -0.993319452 0.242941722
v -0.63210392 -1.1588037 0.416385353
v -0.66907233 -1.13273299 0.526950717
v -0.649439216 -1.22827876 0.605675697
v -0.710458577 -1.20062256 1.16224039
v -0.646843135 -1.21557796 1.34710085
v -0.59243685 -1.17222595 1.54327977
v -0.565472662 -1.09801626 1.69360876
v -0.259435028 -0.592282653 2.25341964
v -0.136517376 -0.453282654 2.3306973
v -0.0539875962 -0.377643228 2.36139107
v 0.0327105746 -0.293133855 2.38281465
v -0.672355175 -1.22639406 0.719436824
v -0.703499436 -1.2198391 1.05982983
v -0.716873884 -1.1705792 1.2712326
v -0.630712986 -1.18913996 1.44886732
v -0.384980321 -0.71217978 2.15549374
v -0.326744378 -0.666087687 2.20045328
v -0.245624483 -0.484170139 2.30233192
v -0.23009342 -0.381346315 2.33952045
v -0.14387475 -0.35498035 2.36086559
v 0.0872618109 -0.182385445 2.3972671
v -0.652768254 -1.06516826 0.426891059
v -0.673609614 -1.11973143 1.51405799
v -0.627648115 -1.10475779 1.61121714
v -0.565872133 -1.03177714 1.77910042
v -0.55272311 -0.969549417 1.8619318
v -0.522800446 -0.914768755 1.93789017
v -0.47202602 -0.860587478 2.01381755
v -0.414054424 -0.638613701 2.18441844
v -0.357463449 -0.591749489 2.22840977
v -0.342548609 -0.512734175 2.26637626
v -0.202435657 -0.280377209 2.36979938
v 0.204802722 0.200870007 0.369776189
v 0.491423398 0.852194905 -0.0224162284
v 0.338275701 0.470714718 0.243792012
v 0.39742738 0.621121287 0.139854416
v 0.456762493 0.787405372 0.0586755611
v 0.0412288271 0.0378542878 0.408150077
v 0.138954163 0.285644531 0.377170861
v 0.225016788 0.319416672 0.344673902
v 0.4179506 0.733897209 0.145054653
v 0.0351517498 0.131267026 0.404200464
v 0.339944988 0.588371336 0.234111249
v 0.126606449 0.392440856 0.369009703
v 0.50237608 0.880404413 0.0819790289
v 0.0873596147 0.207242787 0.393280417
v 0.259340018 0.551831603 0.305440247
v 0.454139918 0.831536233 0.158340782
v 0.362166613 0.692496061 0.227427453
v 0.240074992 0.434639186 0.321987629
v 0.50197345 0.915945709 0.176815644
v 0.284983724 0.661851466 0.298286825
v 0.321462214 0.761571765 0.300394654
v -0.159632057 0.210860118 0.380804628
v 0.395068109 0.792609274 0.233853802
v 0.552485824 0.979123294 0.19551675
v 0.0468013845 0.306138664 0.389236301
v 0.157095358 0.51591748 0.355301052
v 0.440980166 0.884543419 0.249362826
v 0.236081749 0.73965466 0.352578372
v 0.279248983 0.830019474 0.366425872
v 0.364781678 0.856233358 0.315435529
v 0.501261175 0.962670445 0.263029635
v 0.575351477 1.02472484 0.264475912
v 0.0210802555 0.39646405 0.384556025
v 0.0499959514 0.486494988 0.378839046
v 0.424860477 0.951406598 0.345449924
v 0.513083339 1.01930559 0.346786886
v 0.180829927 0.640009761 0.355268389
v 0.156221211 0.73477453 0.385366917
v 0.0787349939 0.59026897 0.378666461
v 0.189841643 0.812278271 0.401346177
v 0.326083034 0.918283165 0.395029306
v 0.526887298 1.07777047 0.443928182
v -0.122480527 0.285420954 0.381060123
v -0.0523177795 0.338740975 0.386614412
v 0.234775767 0.894611955 0.42852509
v 0.375322223 0.99666065 0.436390668
v 0.622084737 1.11134446 0.436353654
v 0.453030169 1.02191389 0.411500126
v 0.589798689 1.13282955 0.525453746
v -0.0661443025 0.457176805 0.377314568
v 0.0862753317 0.688550174 0.391688496
v 0.145023897 0.881240845 0.450403303
v 0.190966085 0.9453246 0.479576528
v 0.277356863 0.981333971 0.476618767
v 0.426929682 1.06127357 0.486614466
v -0.206185728 0.29037717 0.357082516
v -0.147960246 0.371275395 0.365906119
v -0.185387164 0.473110557 0.345532298
v 0.0153051922 0.645389676 0.391849756
v 0.0872310549 0.794499159 0.421805859
v 0.34637183 1.04158914 0.506198645
v -0.01919307 0.566614509 0.383092552
v 0.277443111 1.0593468 0.55810231
v 0.550321996 1.16021633 0.624363184
v 0.665213406 1.17197895 0.611497164
v 0.377600372 1.10297048 0.57788682
v 0.486684114 1.11640906 0.549812615
v -0.00160127424 0.728372633 0.407906711
v 0.19210425 1.01113915 0.534439743
v 0.451353639 1.15330124 0.644740283
v 0.690726817 1.19505453 0.711777627
v -0.0674076676 0.654680192 0.387926072
v 0.0623358041 0.881446958 0.465169787
v 0.289706409 1.12251818 0.641729951
v 0.369095206 1.15040064 0.666918874
v 0.510075867 1.18442357 0.707106709
v 0.600579143 1.19127965 0.710682154
v 0.106000312 0.95793438 0.508120537
v 0.117866345 1.03157365 0.569222569
v 0.65557754 1.20996296 0.800575197
v 0.184453622 1.08728516 0.618849516
v 0.311594725 1.17182171 0.726930082
v 0.532398343 1.21288049 0.811192632
v 0.121806458 1.14005756 0.701668441
v 0.22021313 1.15269065 0.707804024
v 0.724804938 1.21420705 0.887028694
v -0.285427421 0.482236475 0.289283574
v -0.124032706 0.566798449 0.366984069
v -0.0275640097 0.837105513 0.444641948
v 0.00131295039 0.93682915 0.500149608
v 0.074293524 1.08170545 0.627910316
v 0.166007593 1.18888927 0.783287108
v 0.325508803 1.21021891 0.820480824
v 0.42121774 1.22615373 0.867677748
v 0.506469548 1.23713171 0.93806386
v 0.616048217 1.22596776 0.910305142
v 0.691150784 1.22289753 0.991609395
v -0.169556737 0.670969248 0.363515794
v 0.0333499461 1.01548767 0.561011255
v 0.249331087 1.19235599 0.781655312
v 0.330277592 1.24056542 0.927883625
v 0.415738285 1.2463671 0.964252949
v 0.584570944 1.23779273 1.03472114
v -0.102564842 0.751958907 0.402796596
v 0.224172473 1.22588062 0.874588966
v 0.467637837 1.25171256 1.04248834
v 0.606246531 1.23388159 1.13449931
v 0.67955631 1.22272098 1.09312499
v 0.352671981 1.25974321 1.04717374
v 0.522356451 1.24734116 1.13275552
v -0.229567945 0.579675138 0.324093521
v -0.141414419 0.846476972 0.429396451
v -0.0686998889 1.00288653 0.546348691
v -0.0301414356 1.07509792 0.621809244
v 0.242528573 1.25603378 0.996759951
v 0.336164445 1.26773536 1.14993596
v 0.422284335 1.26020038 1.13867366
v 0.668226242 1.2160784 1.19323814
v 0.0191535223 1.13401806 0.700298548
v 0.0679272488 1.18250942 0.780133247
v 0.113747783 1.22053707 0.862554789
v 0.253234804 1.27015948 1.11218846
v 0.376242489 1.2622087 1.23131335
v 0.476602763 1.24960566 1.22766721
v 0.574579477 1.23323715 1.2171973
v 0.636712134 1.20733929 1.29495895
v -0.205345824 0.77645427 0.376978934
v -0.179106891 0.918176413 0.459840894
v -0.0971912295 0.921740294 0.482178569
v -0.086659953 1.13432038 0.696849287
v 0.0195201188 1.21673775 0.860175014
v 0.0631649718 1.24094975 0.927749693
v 0.142345637 1.24893045 0.956238508
v 0.275637627 1.2705462 1.21997845
v 0.426899225 1.24427426 1.32595003
v 0.533957064 1.22685111 1.31674695
v -0.320918083 0.586773038 0.254945368
v -0.0319090113 1.18049276 0.779896736
v 0.058345098 1.26033103 1.01441503
v 0.152323321 1.26817119 1.06605065
v 0.159679398 1.27584457 1.19414997
v 0.317848951 1.25777245 1.32285309
v 0.598997176 1.19295084 1.39861763
v -0.408847451 0.645087302 0.121060133
v -0.167736948 0.987076223 0.515843213
v -0.0176089816 1.24430859 0.949061513
v 0.20982188 1.26764166 1.30763388
v 0.367820323 1.23344636 1.42116582
v 0.485497594 1.21092021 1.4302603
v 0.566066742 1.17540431 1.48572671
v -0.152361125 1.07313156 0.606169343
v -0.19163388 1.14444923 0.700696647
v -0.0776459277 1.21837437 0.866584718
v 0.0578472093 1.27448988 1.12477684
v 0.119452655 1.27383852 1.29305482
v 0.248915672 1.24486744 1.42643166
v 0.319934696 1.21855497 1.50074863
v 0.405108154 1.20143938 1.51388395
v 0.494187355 1.1738025 1.54003274
v 0.583494067 1.13783634 1.56852567
v -0.280243993 0.699616432 0.307281047
v -0.298163116 0.818567336 0.343719602
v -0.235840708 0.873864591 0.40980798
v -0.133571118 1.18431079 0.781669497
v -0.0245363954 1.27671742 1.17493594
v 0.0490488596 1.27788746 1.23483288
v 0.136470661 1.2608763 1.38589895
v 0.241219729 1.21279359 1.54435301
v 0.335137993 1.18403733 1.59152985
v 0.425191641 1.16875792 1.59129608
v -0.357841283 0.781636 0.268900216
v -0.367678791 0.859864235 0.309607625
v -0.253590673 0.960492909 0.464093566
v -0.0474588163 1.26654005 1.06553614
v 0.0420264043 1.27036548 1.34081852
v 0.147602752 1.23556685 1.49477088
v 0.315432042 1.15047717 1.67485416
v 0.393952757 1.14230299 1.66286051
v 0.495327801 1.12917376 1.64082587
v 0.596967876 1.08713531 1.66152859
v -0.256605089 1.04080606 0.542490184
v -0.181120083 1.22106111 0.870760441
v -0.120995022 1.24697387 0.963710189
v 0.0503927395 1.25174963 1.44794273
v 0.151388645 1.19999993 1.60188866
v 0.243152186 1.17466724 1.64274907
v 0.348158211 1.11066878 1.73919582
v 0.442073315 1.09542644 1.72971129
v 0.526283681 1.07824028 1.71899164
v -0.23290281 1.18963635 0.783539116
v -0.162886053 1.26571715 1.06517828
v -0.121705547 1.27434313 1.16948819
v -0.0598380044 1.27450931 1.28027105
v 0.158914924 1.15430295 1.70388258
v 0.255867898 1.12984776 1.73092771
v 0.392192245 1.05604708 1.81170821
v 0.493574589 1.04107821 1.79377556
v -0.267003804 1.1117264 0.632218957
v -0.278407097 1.16001141 0.711943448
v -0.126567528 1.26424086 1.36262619
v -0.0430541597 1.26138675 1.39953434
v 0.180916458 1.09844244 1.80003989
v 0.287612289 1.07494485 1.81429672
v 0.447409779 0.993514657 1.87723625
v 0.548831165 0.979566216 1.85097158
v -0.346598208 1.01682317 0.47469756
v -0.330503076 1.19328642 0.776218235
v -0.239007667 1.24905562 0.968919158
v -0.126318812 1.24653256 1.45526266
v -0.0371568389 1.23776257 1.50558662
v 0.0602508336 1.18102717 1.66145778
v 0.215377718 1.03408802 1.88826168
v 0.3313407 1.00312924 1.90206635
v 0.406904101 0.937556863 1.95757389
v 0.507516384 0.926179409 1.93191421
v -0.33698222 0.922713995 0.386209428
v -0.353868812 1.08951807 0.567373216
v -0.282704085 1.22231472 0.865271211
v -0.229128256 1.27172935 1.15586805
v -0.193003654 1.26979434 1.27742767
v -0.125568613 1.21730053 1.55797577
v -0.0338820517 1.20342076 1.61010122
v 0.142183468 0.988602877 1.95658576
v 0.2432933 0.966066957 1.967291
v 0.323645592 0.939311922 1.98016334
v -0.407404363 0.777481019 0.19788532
v -0.431444377 1.00157177 0.395973563
v -0.370840818 1.15184522 0.671736658
v -0.259218335 1.26548517 1.06667328
v -0.209552675 1.25292528 1.3979212
v -0.214501217 1.22692609 1.50273979
v -0.123382226 1.17843843 1.65938413
v -0.0328734294 1.15950501 1.71063924
v 0.0611891262 1.12296748 1.77501237
v 0.175207749 0.918794274 2.02813745
v 0.270807445 0.897932291 2.03390718
v 0.364429712 0.881041408 2.02856779
v 0.463503391 0.866489708 2.00978136
v -0.382043064 1.22372496 0.862287164
v -0.330922544 1.24187267 0.934645593
v -0.33506301 1.25700998 1.02104306
v -0.329381615 1.26587224 1.12418413
v -0.307595074 1.26663816 1.23237431
v -0.216321766 1.1907618 1.60715461
v -0.119752415 1.13249087 1.7536943
v -0.0407775491 1.11569166 1.7916311
v -0.00428246148 1.06778157 1.86475539
v 0.0374574102 1.00436258 1.94655263
v 0.0755722299 0.936605513 2.01949811
v 0.208457068 0.845186234 2.09147668
v 0.308422625 0.823966265 2.09195232
v 0.410130382 0.80617094 2.08024621
v -0.454681039 0.832884729 0.153952926
v -0.417943984 0.850729883 0.240738332
v -0.434988588 1.12595809 0.592203915
v -0.436879784 1.19747686 0.768212616
v -0.388470322 1.2518127 1.30025041
v -0.294962019 1.25636005 1.34091222
v -0.209876493 1.14719868 1.70690596
v -0.107321508 1.07900381 1.84276962
v -0.0128995804 0.951931894 2.00616026
v 0.110365897 0.865066528 2.08470201
v 0.240840554 0.764118493 2.15016675
v 0.351804078 0.734924793 2.14875603
v -0.450315893 1.0783143 0.498649567
v -0.415511101 1.24374247 0.958615959
v -0.368659407 1.23893535 1.38919497
v -0.300186932 1.23452044 1.44430184
v -0.202195212 1.09667814 1.79940259
v -0.0811204016 1.00664604 1.94066203
v 0.00118473615 0.876213014 2.07845998
v 0.0591270514 0.813120067 2.13073325
v 0.140622199 0.787668705 2.14482641
v 0.270352185 0.69149363 2.19475532
v -0.425740153 0.926624417 0.307864815
v -0.496671051 1.1670121 0.662537038
v -0.495663732 1.22569227 0.875554442
v -0.435054034 1.25429976 1.07582748
v -0.306978673 1.20160079 1.54774654
v -0.279957354 1.11290157 1.7521404
v -0.193670034 1.03464341 1.89103436
v -0.0967304632 0.922375679 2.03125501
v 0.250977308 0.619306922 2.23993921
v -0.50598532 1.13045645 0.567100406
v -0.492734224 1.24852085 1.16272032
v -0.403508335 1.20810199 1.48082042
v -0.314981669 1.15404975 1.6596601
v -0.299718887 1.05575025 1.83715475
v -0.187971041 0.961505234 1.97950375
v -0.104678705 0.838745952 2.10544086
v -0.0215902627 0.788354576 2.14956474
v 0.0603722148 0.736696184 2.18562341
v 0.158965737 0.583863795 2.26918674
v 0.242342457 0.543428123 2.27945256
v 0.326104522 0.554843664 2.25709653
v -0.513085961 1.24020362 0.98523891
v -0.494180888 1.23941696 1.26613915
v -0.45355919 1.22756553 1.37558889
v -0.389032245 1.17419147 1.58346546
v -0.370249033 1.0967989 1.74860454
v -0.357670605 1.00273347 1.89367688
v -0.28066963 0.988969326 1.93049884
v -0.192822322 0.881836236 2.05784488
v -0.116198078 0.751498699 2.17036796
v -0.0340362601 0.698632121 2.2102704
v 0.0516156107 0.630168617 2.25032711
v -0.52627182 1.05931103 0.404928952
v -0.55738622 1.11226189 0.49571088
v -0.546590626 1.20170557 0.767848551
v -0.549873412 1.21273744 1.35812819
v -0.512945175 1.19511902 1.4542042
v -0.428117961 1.13180292 1.65966654
v -0.409318477 1.03686702 1.8290379
v -0.361857355 0.946495712 1.95890141
v -0.279984027 0.91748035 2.00847173
v -0.200432867 0.798391283 2.12640285
v -0.121434756 0.672250748 2.22150087
v -0.493781328 0.925953746 0.206811607
v -0.50754106 0.997475028 0.309695303
v -0.590657771 1.18395364 0.686321557
v -0.548522055 1.24111426 1.08631432
v -0.586992741 1.22033072 1.27827561
v -0.641046107 1.19612038 1.3391974
v -0.571428835 1.16262293 1.51051605
v -0.488641292 1.1612395 1.56303704
v -0.284692019 0.838996768 2.07948208
v -0.0634612739 0.59907645 2.26510787
v -0.0353856944 0.507060885 2.31122065
v 0.0110506117 0.424544752 2.34397054
v 0.139386058 0.326429158 2.36896133
v -0.593226314 1.15616882 0.591979146
v -0.613058209 1.21869171 0.864149153
v -0.574989855 1.23293543 1.19068253
v -0.606651008 1.18026948 1.4309411
v -0.516404629 1.11518919 1.65091598
v -0.485390425 1.07239151 1.74295318
v -0.434078544 0.974837482 1.90329409
v -0.284278989 0.766200125 2.13739347
v -0.178936362 0.603624344 2.2546308
v -0.136877835 0.510346353 2.30345678
v -0.0898262113 0.42014122 2.3426702
v -0.0353437699 0.3234936 2.3728075
v 0.0611327514 0.266455978 2.38687396
v -0.50674063 0.890639842 0.0921951309
v -0.567503154 0.972343266 0.119888179
v -0.594231129 1.05695546 0.320682019
v -0.619905293 1.10186756 0.412671149
v -0.620461345 1.22946417 0.989221334
v -0.650951207 1.14115942 1.50594318
v -0.594210267 1.12139475 1.59262705
v -0.504796743 1.00395632 1.83729851
v -0.446310341 0.907818675 1.97393489
v -0.3790057 0.78484571 2.10216331
v -0.218014508 0.702013373 2.19169879
v -0.0244708993 0.202483416 2.39683366
v -0.679144442 0.0317086801 0.196092233
v -0.772738218 0.0232585073 0.126226768
v -0.438666046 -0.0216586813 0.346204609
v -0.852903128 0.0140261985 0.053578753
v -0.0538777635 -0.0107944328 0.408631891
v -0.151386082 0.0433757231 0.399492115
v -0.594642758 0.00358854746 0.275690645
v -0.870937645 -0.0153452493 0.158176348
v -0.694158792 -0.0617128089 0.287124693
v -0.524836242 -0.0269314479 0.321690619
v -0.956231773 -0.00616184622 0.0897762924
v -0.224538654 -0.0450712629 0.394778818
v -0.783142388 -0.0278295353 0.220952019
v -0.792726636 -0.0869166404 0.289398879
v -0.973110735 -0.0358332135 0.194278181
v -1.06013501 -0.0089924112 0.131537452
v -0.220893532 -0.227929443 0.384990364
v -0.332707465 -0.0324252993 0.374616951
v -0.500430465 -0.1013126 0.354882479
v -0.591955066 -0.0838424563 0.327830464
v -0.885248184 -0.0710509792 0.25971964
v -1.07245195 -0.0386313982 0.237721726
v -0.133786514 -0.0527918041 0.404665917
v -0.402219653 -0.116730236 0.374264747
v -0.171880901 -0.136524558 0.397747278
v -0.660972476 -0.139847234 0.342814744
v -0.750861645 -0.143973649 0.338785201
v -0.993481338 -0.0804860592 0.286449343
v -1.16121984 -0.0355651118 0.307966709
v -1.1258719 -0.0970448703 0.391578615
v -0.572614133 -0.18448776 0.36858961
v -0.933500648 -0.12208166 0.329774618
v -1.07500184 -0.0780025274 0.320066899
v -1.2003659 -0.0542475954 0.39684701
v -0.46924299 -0.178552315 0.375410289
v -0.849078298 -0.136677101 0.333674669
v -0.378734231 -0.225145146 0.382433385
v -1.0210712 -0.136869162 0.377406329
v -0.178168222 -0.318684608 0.36049813
v -0.918513954 -0.186072662 0.390974283
v -1.09861219 -0.167856738 0.466726393
v -1.19601059 -0.105496988 0.483030051
v -1.27947724 -0.0637869537 0.549445987
v -0.599141538 -0.296846151 0.392641246
v -1.00057125 -0.223118588 0.459037185
v -0.293085396 -0.305983573 0.371367395
v -0.69416821 -0.229708388 0.382840008
v -0.238243923 -0.382917017 0.341837645
v -0.491058201 -0.266915172 0.382707894
v -1.23024571 -0.133010685 0.576148748
v -0.407562762 -0.336885095 0.374154359
v -0.893418491 -0.284631938 0.455922514
v -1.07885885 -0.249666587 0.539791822
v -1.16352367 -0.187256083 0.555844188
v -1.28487003 -0.111054003 0.648993671
v -0.686610639 -0.325508952 0.412469983
v -0.990662336 -0.310367823 0.52692008
v -1.06509554 -0.334856659 0.6088745
v -1.14667022 -0.265672922 0.630120754
v -0.519509852 -0.380356401 0.385299146
v -0.63209039 -0.395974368 0.411732286
v -0.775705338 -0.306016594 0.427921534
v -1.34503317 -0.0689985976 0.742977023
v -1.13361871 -0.354525864 0.713080108
v -1.22080827 -0.191877365 0.647072852
v -0.432510734 -0.422588795 0.361198276
v -0.834431827 -0.383101821 0.481190503
v -1.19547188 -0.327455938 0.78995806
v -1.20620012 -0.265592128 0.724938989
v -1.27931452 -0.177755237 0.753893971
v -1.33134198 -0.128334999 0.82634908
v -1.37277865 -0.0591253601 0.849267364
v -0.57898891 -0.46294868 0.396339864
v -0.732586265 -0.399836272 0.443850577
v -0.982774734 -0.397832602 0.584074974
v -0.316576123 -0.510884404 0.288522571
v -1.04920304 -0.423419833 0.667738438
v -1.24781179 -0.26676777 0.822424114
v -1.30136359 -0.200360209 0.870860994
v -1.34742713 -0.129581422 0.917134702
v -1.3900218 -0.0451427139 0.94769299
v -0.332491964 -0.417391151 0.341667444
v -0.49750194 -0.479697257 0.365459412
v -0.893437505 -0.461077243 0.551427066
v -1.09673536 -0.45322153 0.760318756
v -1.27134967 -0.277531981 0.925331771
v -0.569939315 -0.54790163 0.380873144
v -0.974868596 -0.486377269 0.634773374
v -1.16184366 -0.401278198 0.819003701
v -1.21893525 -0.343312174 0.874534428
v -1.3186748 -0.204376802 0.97846812
v -1.36154795 -0.11868839 1.02086651
v -1.40060782 -0.0228362624 1.04815006
v -0.676578343 -0.510641813 0.436276555
v -0.79077369 -0.478217393 0.491464287
v -0.838130176 -0.541363716 0.542450607
v -1.18694627 -0.422969908 0.918017805
v -1.2386539 -0.357174546 0.97625792
v -1.2867713 -0.283236742 1.03241169
v -1.37304282 -0.0893519223 1.12136877
v -0.407653511 -0.496184766 0.329486102
v -1.03113401 -0.50588423 0.714705408
v -1.33040833 -0.196611777 1.09897947
v -1.3464967 -0.142800421 1.21035469
v -1.38021183 -0.0430919006 1.21384025
v -0.827810049 -0.624718964 0.561592519
v -0.9765836 -0.55551827 0.684134483
v -1.06684959 -0.528668106 0.790558338
v -1.20224595 -0.439055026 1.01787817
v -1.2497021 -0.368375152 1.09260106
v -1.30977333 -0.241964772 1.20447791
v -1.38347447 0.0187575687 1.29377615
v -0.391680211 -0.575028777 0.277522147
v -0.70480597 -0.610611677 0.459295541
v -0.766763926 -0.571969151 0.498178512
v -0.906967521 -0.568634152 0.615778267
v -1.12378025 -0.496502072 0.865430653
v -1.16013527 -0.491323709 0.960068882
v -1.28101063 -0.291095138 1.29211426
v -1.31688786 -0.194413632 1.30183172
v -1.34911001 -0.0845512971 1.31944442
v -0.46260792 -0.644244552 0.275889605
v -0.479598522 -0.566072166 0.330235213
v -1.01360905 -0.582436442 0.757447898
v -1.15951037 -0.523649514 1.04462945
v -1.20287192 -0.46242854 1.1184684
v -1.23396146 -0.407755435 1.18294573
v -1.28360641 -0.244070485 1.38303578
v -1.31039846 -0.154772192 1.39799917
v -1.32743168 -0.0736376122 1.42253518
v -0.635862112 -0.617503464 0.409788579
v -0.687022626 -0.688310683 0.447444767
v -0.949875772 -0.630471528 0.70327878
v -1.19710267 -0.476693511 1.22239745
v -1.23592997 -0.391755521 1.28409088
v -1.24807799 -0.332783848 1.37918198
v -0.756204844 -0.664460778 0.506840169
v -1.05855083 -0.598844528 0.860751867
v -1.11420918 -0.566330612 0.958278716
v -1.15639496 -0.549223959 1.15172648
v -1.18606043 -0.479945272 1.33052349
v -1.21206212 -0.410502076 1.38172054
v -1.27859247 -0.203966439 1.45738125
v -1.28938293 -0.122701414 1.49908245
v -0.300778508 -0.635707736 0.13930048
v -0.383283079 -0.644605458 0.208409593
v -0.879736662 -0.676673651 0.640981019
v -1.06951308 -0.641306162 0.959301233
v -1.20937943 -0.370857805 1.46466267
v -1.24785948 -0.280389756 1.4652487
v -1.24749184 -0.213217154 1.53679419
v -1.2458365 -0.137027174 1.59722686
v -1.27631366 -0.0630916357 1.57250988
v -0.516132712 -0.712982655 0.279742926
v -0.552729487 -0.64990449 0.343829095
v -0.921770871 -0.724017262 0.732567012
v -0.987937152 -0.668965161 0.797883153
v -1.01783919 -0.698177814 0.903373361
v -1.10331345 -0.623233855 1.06423974
v -1.14992189 -0.559888542 1.26584017
v -1.16345739 -0.413530946 1.54521751
v -1.20049238 -0.30970332 1.56385493
v -1.20491648 -0.219482735 1.63037384
v -0.585544527 -0.760847449 0.33330062
v -0.624297798 -0.697560012 0.390525699
v -0.808590472 -0.721356571 0.576183021
v -1.04103959 -0.712623715 1.01344609
v -1.13572931 -0.560722888 1.37911046
v -1.16721547 -0.470730007 1.44710064
v -1.14364755 -0.371380776 1.63687956
v -1.16574669 -0.29078427 1.65870929
v -1.20210874 -0.138296112 1.68561971
v -1.1980921 -0.0644622222 1.72488892
v -1.239393 -0.0610321797 1.65135741
v -0.950834632 -0.771522403 0.837694585
v -0.984010518 -0.787220538 0.95656693
v -1.05496228 -0.718616724 1.12968898
v -1.11210179 -0.558371007 1.48595858
v -1.13071311 -0.490980953 1.53659391
v -1.15061784 -0.222134203 1.73102224
v -1.15765393 -0.121134296 1.76920104
v -0.897367358 -0.8043167 0.757617056
v -1.08464718 -0.545607686 1.58398652
v -1.1135565 -0.46062699 1.61583292
v -1.1164856 -0.32657069 1.72439551
v -1.10463297 -0.177402139 1.82544482
v -1.11745405 -0.0965557471 1.83782101
v -1.1576755 -0.0241035149 1.79956675
v -0.456078976 -0.713925958 0.211272761
v -0.660556376 -0.771121144 0.417825252
v -0.735991955 -0.768440723 0.504960597
v -0.901945651 -0.850584865 0.816902518
v -1.00101137 -0.798209488 1.07064772
v -1.05408645 -0.724327505 1.24900317
v -1.09815049 -0.643414915 1.31405139
v -1.05645466 -0.514408171 1.67925608
v -1.08732629 -0.420873702 1.70550799
v -1.08246005 -0.274621934 1.81018388
v -1.06422067 -0.124507107 1.89846539
v -1.09181523 -0.0332576856 1.88712907
v -0.790688097 -0.805083215 0.584758103
v -0.851734698 -0.785747409 0.665707588
v -0.92881906 -0.858870924 0.90551579
v -0.946384668 -0.873673379 1.01348591
v -1.00594687 -0.804315865 1.18639505
v -1.04159117 -0.723963618 1.36488736
v -1.08061182 -0.641169131 1.4271636
v -0.989138126 -0.570032358 1.74500775
v -1.02379322 -0.471381307 1.77255738
v -1.05420029 -0.373867273 1.79437447
v -1.03983998 -0.220831633 1.89373219
v -0.993213475 -0.158291042 1.96999145
v -1.02320564 -0.0571077168 1.96261621
v -0.800404489 -0.87851423 0.63564229
v -0.850633204 -0.885041416 0.740200579
v -0.998415589 -0.805727363 1.30207992
v -0.980253577 -0.800884128 1.41574347
v -1.01923907 -0.716639698 1.47756839
v -1.05486786 -0.631017566 1.53585398
v -0.953648567 -0.519520819 1.83808148
v -0.985260606 -0.421524942 1.86112976
v -1.01362026 -0.321457267 1.88036001
v -0.901866913 -0.95622313 1.06890798
v -0.955570281 -0.882177532 1.12655365
v -0.952774227 -0.789527476 1.52650404
v -1.02286911 -0.609122276 1.64254272
v -0.879705608 -0.561727583 1.89898777
v -0.911584437 -0.467691332 1.92270827
v -0.939099133 -0.368119895 1.94510126
v -0.964830816 -0.263539076 1.96334326
v -0.946624577 -0.0844680741 2.03510284
v -0.466165006 -0.772486091 0.149559051
v -0.526381433 -0.794550478 0.232025847
v -0.74938935 -0.869255722 0.546257377
v -0.87173295 -0.927824497 0.847444654
v -0.902647674 -0.96081084 1.18062878
v -0.952606976 -0.885320067 1.24022019
v -0.914767027 -0.774655461 1.63433588
v -0.941424847 -0.677894175 1.70952392
v -0.914996982 -0.615492702 1.81357551
v -0.836325705 -0.511842489 1.97564816
v -0.860541821 -0.415895432 2.00215054
v -0.883687556 -0.312140971 2.0251925
v -0.902796328 -0.194472179 2.04793525
v -0.864650965 -0.0985677093 2.10349846
v -0.902347505 -0.00688415207 2.08581471
v -0.585763931 -0.846200645 0.29514116
v -0.634549439 -0.853027821 0.372372508
v -0.817221522 -0.986812174 0.777274549
v -0.88899231 -0.948550045 0.955714524
v -0.937396705 -0.883788705 1.35352182
v -0.863591671 -0.764887154 1.73370814
v -0.874838591 -0.694428802 1.79392135
v -0.80040282 -0.363435417 2.07691932
v -0.819965601 -0.261590481 2.0977993
v -0.827282429 -0.176821545 2.11672997
v -0.782258153 -0.11654748 2.16198587
v -0.693798482 -0.858563423 0.459837258
v -0.798149705 -0.954259753 0.687727094
v -0.893095791 -0.960166037 1.29001951
v -0.914295733 -0.873920441 1.46487308
v -0.810436487 -0.748389661 1.8227253
v -0.831529379 -0.656864762 1.88003659
v -0.814640403 -0.589684308 1.94868588
v -0.77830416 -0.465416074 2.05040169
v -0.736293435 -0.307808876 2.14423394
v -0.757827997 -0.210395962 2.15859175
v -0.449528784 -0.78526026 0.0595186427
v -0.564788699 -0.896543503 0.22622174
v -0.848565042 -1.02527845 1.01483333
v -0.837715983 -1.02114713 1.32538247
v -0.847287297 -0.935294449 1.51289487
v -0.88399148 -0.85791266 1.57023144
v -0.842856169 -0.844269156 1.66737747
v -0.753449082 -0.728030026 1.90339458
v -0.755901694 -0.648279607 1.96214747
v -0.711105108 -0.41177547 2.1233623
v -0.672975898 -0.246975929 2.2022717
v -0.697975039 -0.149079546 2.21007133
v -0.634643376 -0.0831189677 2.25544119
v -0.611867726 -0.927508056 0.314850032
v -0.712204278 -0.934364319 0.504903316
v -0.849094212 -1.03357303 1.1237247
v -0.865041554 -0.962318897 1.40337658
v -0.815752029 -0.917668521 1.60712743
v -0.781792641 -0.838083267 1.76311755
v -0.744391739 -0.797861099 1.85008991
v -0.69509387 -0.71016717 1.97036028
v -0.645311832 -0.347975791 2.18829679
v -0.608899176 -0.182353005 2.25239873
v -0.539795578 -0.114450015 2.29646897
v -0.512817085 -0.857738316 0.127268463
v -0.625033021 -1.02195764 0.337675959
v -0.749768138 -0.96745342 0.595518112
v -0.826173723 -1.0278759 0.894076824
v -0.798685253 -1.08955979 0.973809302
v -0.79901582 -1.09778798 1.06532013
v -0.843304992 -1.03296983 1.23329926
v -0.79542625 -1.04636133 1.398224
v -0.782420099 -0.900781929 1.68585813
v -0.671449661 -0.796960711 1.92147827
v -0.6695804 -0.633168042 2.04072022
v -0.605764031 -0.460056335 2.16904449
v -0.553161144 -0.375278711 2.22916126
v -0.583329201 -0.280883878 2.24238038
v -0.75626868 -1.13447213 0.88979125
v -0.780891955 -1.11463833 1.17881405
v -0.779805779 -1.09430373 1.2988143
v -0.80971849 -0.999812365 1.47203934
v -0.616274893 -0.736862838 2.01173162
v -0.594797552 -0.571744442 2.12407446
v -0.5051682 -0.457551092 2.22314286
v -0.477493823 -0.389076382 2.26039314
v -0.495552301 -0.312238485 2.27540994
v -0.516865253 -0.217115715 2.28889847
v -0.461005062 -0.0498309694 2.33452535
v -0.662416041 -0.954516053 0.41748032
v -0.69529748 -1.01985645 0.510648429
v -0.716396987 -1.06229377 0.595497072
v -0.758834243 -1.04747367 0.695748508
v -0.779935002 -1.06911516 0.803942978
v -0.749652267 -1.0574683 1.48792648
v -0.781205058 -0.989272714 1.55323792
v -0.717845142 -0.927538693 1.73898029
v -0.695515275 -0.869698644 1.82988298
v -0.562627316 -0.671660781 2.08894753
v -0.530696273 -0.529190063 2.18094254
v -0.753220618 -1.15526235 1.00580847
v -0.751217425 -1.15906167 1.09458137
v -0.716760397 -1.13102078 1.39661348
v -0.707692146 -1.04595613 1.5863874
v -0.745249391 -0.968983948 1.64608479
v -0.635017514 -0.954324067 1.80179489
v -0.517051101 -0.767915487 2.05557942
v -0.502498507 -0.610166132 2.15672588
v -0.418419838 -0.445275158 2.26499605
v -0.411627322 -0.352518618 2.29740882
v -0.269756436 -0.186477557 2.37265301
v -0.558077335 -0.960492074 0.145460501
v -0.701561213 -1.14100111 0.650920093
v -0.72905463 -1.1418246 0.765472531
v -0.654811859 -1.02167356 1.69624281
v -0.610232413 -0.891666412 1.89084911
v -0.570518255 -0.830538392 1.97530532
v -0.439852327 -0.54193151 2.21845675
v -0.328783244 -0.413012147 2.30595493
v -0.318731695 -0.295928538 2.3403101
v -0.15499571 -0.180756956 2.39201808
v 0.0242673606 -0.182252765 0.393792152
v 0.220056921 -0.419851273 0.320465922
v 0.337291926 -0.59834373 0.223380223
v 0.47119385 -0.813968062 0.0599495023
v 0.0365414284 -0.0710223541 0.406850636
v 0.411590397 -0.618412971 0.259452105
v 0.454933316 -0.758819818 0.149589732
v 0.11783161 -0.247047156 0.380239666
v 0.327116907 -0.283892751 0.37666142
v 0.133128315 -0.136303887 0.398535043
v 0.463430047 -0.702555954 0.234585077
v 0.282617837 -0.477965832 0.299583197
v 0.520614803 -0.900637865 0.0509384051
v 0.30144459 -0.392618895 0.345086008
v 0.352240175 -0.543809295 0.281319886
v 0.534509599 -0.741545916 0.288608909
v 0.580579102 -1.03222263 0.179458752
v 0.139822155 -0.0184025075 0.40235734
v 0.375206321 -0.465661556 0.331926256
v 0.557856798 -0.83288765 0.264012605
v 0.613540888 -0.887206674 0.33604458
v 0.442554444 -0.545407772 0.322248846
v 0.225750908 -0.210640565 0.387242466
v 0.402604371 -0.374072433 0.366973937
v 0.624406695 -0.98856914 0.340196788
v 0.253523707 -0.0857667178 0.391406685
v 0.318946183 -0.178247005 0.387125939
v 0.408786148 -0.206280574 0.381754845
v 0.473476797 -0.455139458 0.364702374
v 0.508201957 -0.641701818 0.317266941
v 0.597667634 -0.630421519 0.38557446
v 0.577035069 -0.704833746 0.350408107
v 0.597922206 -0.78728044 0.344838142
v 0.661165714 -0.935867012 0.417760134
v 0.43011111 -0.292200387 0.381013602
v 0.539737225 -0.543161333 0.36919266
v 0.658206344 -0.834239304 0.414702237
v 0.65621537 -1.02177751 0.420713127
v 0.340879142 0.00486244773 0.366660476
v 0.378487021 -0.104157791 0.376840442
v 0.648467004 -0.722694099 0.41470331
v 0.708930492 -0.887438536 0.491791517
v 0.662233412 -1.10362458 0.474584281
v 0.501687169 -0.24485296 0.381838918
v 0.511188507 -0.35129106 0.385730892
v 0.745356023 -0.930064678 0.56674999
v 0.698896468 -0.995817304 0.507572591
v 0.700713754 -1.07679999 0.564543486
v 0.674490809 -1.1578393 0.572801054
v 0.574480355 -0.447770834 0.396840781
v 0.644886017 -0.537333965 0.423681408
v 0.723488927 -0.684366822 0.484912455
v 0.668925166 -0.632530034 0.437174231
v 0.715871513 -0.785190225 0.486304432
v 0.765290499 -0.842175722 0.563781083
v 0.798492551 -0.909822881 0.653059065
v 0.745847106 -1.01238215 0.622920632
v 0.714887798 -1.11171424 0.64768517
v 0.619659066 -0.3600685 0.40504393
v 0.729729533 -0.587853253 0.477903634
v 0.790854335 -0.990758538 0.706798673
v 0.578758597 -0.284572005 0.389545649
v 0.660507321 -0.439345002 0.425719172
v 0.782848418 -0.739439547 0.55515939
v 0.758984208 -1.06659806 0.719801545
v 0.71922493 -1.15393198 0.742415071
v 0.495437384 -0.135287181 0.364484191
v 0.585938275 -0.201255754 0.372289687
v 0.86163491 -0.686346233 0.625590026
v 0.804889262 -1.02062213 0.787528157
v 0.76518631 -1.10337782 0.815754831
v 0.676171958 -0.266932428 0.393033952
v 0.793866575 -0.638308764 0.539951742
v 0.829071343 -0.798240066 0.637605608
v 0.861949861 -0.849818647 0.727136374
v 0.834513366 -0.938979864 0.755527914
v 0.548769057 -0.0488735065 0.323897839
v 0.893154144 -0.757746816 0.708713472
v 0.850916862 -0.969446838 0.845377207
v 0.814123273 -1.04864252 0.884455681
v 0.746008456 -0.480279088 0.468642056
v 0.885801256 -0.886526763 0.819218874
v 0.764609218 -1.13331258 0.91934973
v 0.591099322 -0.120009437 0.344166815
v 0.672045827 -0.158996686 0.350037813
v 0.797880948 -0.553627729 0.518279016
v 0.924454391 -0.682905793 0.702850759
v 0.94239217 -0.83509016 0.899523675
v 0.895172119 -0.917852044 0.897057295
v 0.865700305 -0.985565782 0.941267729
v 0.818181455 -1.06993151 1.00033915
v 0.769203305 -0.200595781 0.371176004
v 0.718518376 -0.371629059 0.431934416
v 0.819217026 -0.389268965 0.474923372
v 0.865261495 -0.577479541 0.580717683
v 0.919066429 -0.802250147 0.794911623
v 0.751806915 -1.16136193 1.02215207
v 0.850390017 -0.482596397 0.530135989
v 0.949756563 -0.720941246 0.772620738
v 0.968092799 -0.756386518 0.848509014
v 0.883637607 -0.982868433 1.04616117
v 0.841108263 -1.04775143 1.10932457
v 0.791398525 -1.11194611 1.08504093
v 0.58795017 0.00631136727 0.277517706
v 0.931922257 -0.605901718 0.663697004
v 0.921961844 -0.907429039 0.98231858
v 0.796430528 -1.10156941 1.16967177
v 0.74569428 -1.16599 1.12810683
v 0.651193798 -0.0606845208 0.298285723
v 0.94868803 -0.49466908 0.614595771
v 0.977318645 -0.639466465 0.749704897
v 0.976449013 -0.828869998 1.01737106
v 0.939636528 -0.903943658 1.08420277
v 0.897975981 -0.970811844 1.16094637
v 0.845808685 -1.03924429 1.19367933
v 0.810593545 -1.07097316 1.26313233
v 0.739753544 -1.15417743 1.24388278
v 0.789937437 -0.294359237 0.423062801
v 0.918798804 -0.39640674 0.53306067
v 1.0042938 -0.549530745 0.716945469
v 1.00387716 -0.680424988 0.837942719
v 1.01208818 -0.735933244 0.942829132
v 0.990288258 -0.82991457 1.12734234
v 0.951647997 -0.893361509 1.17235518
v 0.872040093 -0.996357203 1.26410532
v 0.832221925 -1.02297199 1.35502911
v 0.764359653 -1.10012555 1.34947896
v 1.03889453 -0.591502011 0.810670853
v 1.03281617 -0.749208331 1.07154775
v 0.930879951 -0.916987717 1.25614309
v 1.06089318 -0.629556358 0.910263658
v 0.986458957 -0.836469173 1.23275173
v 0.896648407 -0.943100274 1.35256445
v 0.781656384 -1.04860139 1.44152796
v 0.723692238 -1.1139003 1.42994511
v 0.757761121 -0.110052012 0.310331941
v 1.09979224 -0.538009048 0.874698579
v 1.03735077 -0.756888807 1.18660653
v 0.962979257 -0.849603474 1.35164714
v 0.850797772 -0.964098632 1.45410419
v 0.787790954 -1.00099111 1.52961743
v 0.865599096 -0.227495983 0.404175252
v 0.890145838 -0.309253484 0.465704441
v 1.04400098 -0.45478338 0.689739525
v 1.07394028 -0.504559398 0.780732274
v 1.07584548 -0.65820092 1.02117658
v 1.02873158 -0.761223078 1.30072808
v 0.889989138 -0.885339499 1.51625395
v 0.835698783 -0.937461317 1.54659677
v 0.716655791 -1.0763725 1.52461934
v 0.743008077 -0.0287217516 0.236423895
v 0.855723441 -0.0701642558 0.255448252
v 1.11887932 -0.564231694 0.979193807
v 1.08401012 -0.673200428 1.13658845
v 1.01217449 -0.755898535 1.41537011
v 0.95131278 -0.823944211 1.46945989
v 0.85031426 -0.874766707 1.61722934
v 0.788492739 -0.953257918 1.60983109
v 0.740430236 -1.01453769 1.59399629
v 0.676071346 -1.05447352 1.6276834
v 0.85403657 -0.149059489 0.341212094
v 1.01308525 -0.387851924 0.600787461
v 1.09660447 -0.364088595 0.672241449
v 1.11590827 -0.420510679 0.760971129
v 1.12761033 -0.465099812 0.837889135
v 1.1278429 -0.586473644 1.08989286
v 1.08242059 -0.679621816 1.25031495
v 1.07173491 -0.676832259 1.36473167
v 0.989295006 -0.740804076 1.52421284
v 0.924059808 -0.805866659 1.57352674
v 0.829340398 -0.838065863 1.70202124
v 0.780850589 -0.902886748 1.69169617
v 0.723871112 -0.978736639 1.67180479
v 0.641819239 -1.01463223 1.7258184
v 0.959247887 -0.23520942 0.443724066
v 1.17028689 -0.500072002 1.04772139
v 1.12932551 -0.59818095 1.20076525
v 0.88735044 -0.7880795 1.67072332
v 0.778005183 -0.841691017 1.76842153
v 0.702522516 -0.920192838 1.77111864
v 0.945491612 -0.115754858 0.318923563
v 0.930694163 -0.176978067 0.380722463
v 0.985754967 -0.310423762 0.519749582
v 1.1744808 -0.391868144 0.842062414
v 1.16376567 -0.464491308 0.934262395
v 1.2081461 -0.424803138 1.01851535
v 1.17337477 -0.516148746 1.1550113
v 1.05012715 -0.671007216 1.47618306
v 0.960613847 -0.71165359 1.63538361
v 0.841438651 -0.776397645 1.7555213
v 0.717332959 -0.835571885 1.84558427
v 0.653056026 -0.889965832 1.85662138
v 0.606627166 -0.962632298 1.82290018
v 1.07488334 -0.299398899 0.584320128
v 1.21479797 -0.435487449 1.11078477
v 1.11288846 -0.581428349 1.43068385
v 0.904989243 -0.712537766 1.73210895
v 0.652931631 -0.826404691 1.91684639
v 1.05349469 -0.230125144 0.49684757
v 1.15322495 -0.278722495 0.656106651
v 1.16710424 -0.335350662 0.748282969
v 1.21325433 -0.44282946 1.21931982
v 1.16848719 -0.524602771 1.26131296
v 0.979154944 -0.577421904 1.75512993
v 0.916650712 -0.638100386 1.79084027
v 0.85244751 -0.702074707 1.81610739
v 0.785449326 -0.768097222 1.8349216
v 0.72009486 -0.756874382 1.91373992
v 0.593556225 -0.818667054 1.97220063
v 0.576741815 -0.896065772 1.91651487
v 1.22951663 -0.356860489 0.943416297
v 1.19818509 -0.4542813 1.32633042
v 1.15709078 -0.52756542 1.35375619
v 0.929415703 -0.556233287 1.84302437
v 0.862137198 -0.621819317 1.87336862
v 0.791486502 -0.686897874 1.8992033
v 0.645833492 -0.751120925 1.98380136
v 1.02804267 -0.155687302 0.398052156
v 1.25000191 -0.359745711 1.05760193
v 1.12173831 -0.51807785 1.51896584
v 0.869826198 -0.539722204 1.92456329
v 0.800092459 -0.599467456 1.95476425
v 0.714898884 -0.662650049 1.98888397
v 0.563089609 -0.764131546 2.03464413
v 0.472171485 -0.790064692 2.0696795
v 1.13939023 -0.219156638 0.56604296
v 1.22807479 -0.299925625 0.83164221
v 1.25669575 -0.359562576 1.16653347
v 1.08765817 -0.503441274 1.62442029
v 1.03366709 -0.52365768 1.71389139
v 0.814279258 -0.52197665 1.99081373
v 0.677678883 -0.609761 2.05312467
v 0.617656648 -0.666327238 2.06126451
v 0.516143262 -0.698586345 2.10489345
v 0.956377387 -0.0645451471 0.244096383
v 1.22100282 -0.248521358 0.731525064
v 1.27833104 -0.291143984 1.00665116
v 1.21619701 -0.395003468 1.38962245
v 1.20203185 -0.37269485 1.47978401
v 1.15063179 -0.434193313 1.55001736
v 1.06660175 -0.443165272 1.72426426
v 0.999866307 -0.481270075 1.80306315
v 0.933016241 -0.470294803 1.89804649
v 0.735481441 -0.554462016 2.0391047
v 0.555899143 -0.614875674 2.12955284
v 0.415907294 -0.724601209 2.137954
v 0.916145384 -0.0275135301 0.168504447
v 1.21048439 -0.199071482 0.638694525
v 1.28116548 -0.252886266 0.917155147
v 1.24913096 -0.356816441 1.29407847
v 1.18047512 -0.336991787 1.58041489
v 1.042992 -0.397212863 1.79742849
v 0.867004395 -0.460645288 1.97495794
v 0.701284587 -0.477320015 2.10339189
v 0.541186213 -0.533122897 2.17636108
v 0.460101604 -0.618153214 2.17657948
v 1.20614707 -0.143787414 0.551999331
v 1.27972853 -0.205003649 0.810921848
v 1.29278111 -0.279670626 1.10062551
v 1.29492223 -0.269792587 1.21534085
v 1.24705398 -0.313202202 1.40702689
v 1.15110517 -0.295921504 1.67788851
v 1.09414649 -0.351114899 1.74459672
v 0.991522133 -0.390185088 1.87263513
v 0.923310995 -0.385317028 1.95473194
v 0.858652234 -0.390190482 2.01710272
v 0.789185345 -0.448763549 2.05015349
v 0.616628706 -0.442173183 2.17152834
v 0.450305223 -0.512193024 2.22876573
v 0.379224211 -0.571464002 2.23204255
v 1.12788785 -0.0936389267 0.381426454
v 1.25807214 -0.131755129 0.623597741
v 1.28835797 -0.249219105 1.32955122
v 1.2305001 -0.278214663 1.50804186
v 1.11260784 -0.253753752 1.77198291
v 1.05046952 -0.31555602 1.83337295
v 0.892620862 -0.309772938 2.01655245
v 0.8104707 -0.341133177 2.07676864
v 0.720095098 -0.384340823 2.12806869
v 0.519286275 -0.452472687 2.22022343
v 0.438590199 -0.403390676 2.27229738
v 0.354507565 -0.484629512 2.27553535
v 1.27157807 -0.163261324 0.708336949
v 1.328511 -0.155359894 0.897502184
v 1.31561935 -0.153930321 1.3645786
v 1.2752465 -0.218557984 1.43495262
v 1.20547462 -0.238593698 1.60610795
v 1.06202972 -0.210689306 1.86540949
v 0.981429875 -0.284390509 1.93366647
v 0.642755985 -0.322976053 2.19659305
v 0.247185409 -0.462957293 2.31198764
v 0.975008726 -0.00699570868 0.0862137824
v 1.14247441 -0.0455457419 0.302399784
v 1.20700288 -0.0848851576 0.460336208
v 1.3232733 -0.198508725 1.01565909
v 1.33131754 -0.188294351 1.1418016
v 1.32763875 -0.174262136 1.25685406
v 1.29740703 -0.127518773 1.46196377
v 1.25479233 -0.182543546 1.53255296
v 1.17219496 -0.194042921 1.7023766
v 1.00347126 -0.162666559 1.95336568
v 0.925100565 -0.209428206 2.01904202
v 0.842800081 -0.242891416 2.08203697
v 0.745732963 -0.263759345 2.14816713
v 0.565772235 -0.261900336 2.25457692
v 0.50670445 -0.208214462 2.29405332
v 0.32785362 -0.371287793 2.32017255
v 1.01671016 -0.0319190659 0.182655483
v 1.36132753 -0.10676913 0.973789811
v 0.869925916 -0.14746657 2.08522153
v 0.801605999 -0.181269407 2.13078928
v 0.654636025 -0.213427588 2.2180295
v 0.428089589 -0.194485992 2.3271029
v 0.209929004 -0.36163798 2.35179067
v 1.11768556 -0.019655671 0.212115452
v 1.20872056 -0.0344947353 0.363389105
v 1.28197026 -0.0631166324 0.554558456
v 1.31125867 -0.0842711627 0.666985273
v 1.3330034 -0.101950467 0.782135367
v 1.37528932 -0.0583270267 0.8875615
v 1.36599946 -0.103909358 1.07335722
v 1.36354208 -0.0945199281 1.18816507
v 1.27640748 -0.0884962976 1.55005074
v 1.22772908 -0.138595089 1.62693477
v 1.12893879 -0.150139496 1.79636025
v 0.575812399 -0.164367735 2.26996851
v 0.495067447 -0.124831714 2.31205034
v 0.400607854 -0.0919746533 2.34914398
v 1.35287845 -0.00721405027 0.62322998
v 1.35953557 -0.0329406932 0.712076902
v 1.38736594 -0.00266277511 1.23576641
v 1.33410251 -0.0654632077 1.40059519
v 1.19073784 -0.0825600326 1.72455049
v 1.07704604 -0.0924540013 1.88825905
v 1.01228523 -0.0694993585 1.96998227
v 0.946705818 -0.105163246 2.02757716
v 0.807781696 -0.0962448567 2.14395642
v 0.734642506 -0.153183773 2.18284631
v 0.655023992 -0.109397598 2.23787355
v 0.571698785 -0.0651549473 2.28518939
v 0.482136548 -0.0230240114 2.32577205
v 0.115439452 -0.0771471113 2.40291572
v 0.429500669 0.682281673 0.0464912876
v 0.441911191 0.74589324 -0.0582952425
v 0.138196066 0.102949113 0.395900577
v 0.32002598 0.354760915 0.285799474
v 0.382313699 0.532873631 0.175539613
v 0.233965918 0.0414496362 0.385374159
v 0.422479004 0.591365099 0.0458585881
v 0.416335315 0.527467489 0.0986431092
v 0.39825654 0.373535454 0.208552703
v 0.409274399 0.455658019 0.154535413
v 0.417353034 0.761720002 -0.170886889
v 0.310052872 0.244374976 0.320067525
v 0.393611103 0.280582547 0.253734559
v 0.421901226 0.617443144 -0.0549710281
v 0.407620549 0.680939436 -0.136220962
v 0.305315107 0.124450229 0.351273328
v 0.380429596 0.589384198 -0.175443619
v 0.439836711 0.453923643 0.074921526
v 0.449783117 0.302517653 0.183145314
v 0.434764355 0.508193016 -0.00283349864
v 0.48850286 0.12676689 0.258547187
v 0.399442911 0.180101916 0.290417314
v 0.45714882 0.369268477 0.112030484
v 0.449869514 -0.0275056921 0.345363259
v 0.417489648 0.0754216164 0.321638346
v 0.469078481 0.220732927 0.215817988
v 0.464581668 0.404153079 0.00807690527
v 0.417247802 0.524829328 -0.102023028
v 0.39034301 0.472110033 -0.181059256
v 0.322534531 0.517210305 -0.256143928
v 0.440938026 0.434417754 -0.0905042887
v 0.514259875 0.260000736 0.113617569
v 0.511903405 0.0360798575 0.29597041
v 0.499339223 0.324649602 0.0314705372
v 0.333709568 0.397915721 -0.266248137
v 0.571793795 0.0765110627 0.233780503
v 0.549268246 0.161319032 0.176336408
v 0.545255721 0.251032472 -0.00191684894
v 0.42298311 0.36396277 -0.180487722
v 0.253477365 0.461181194 -0.31511566
v 0.383198619 0.285801828 -0.261272162
v 0.632912517 0.0962234214 0.155809492
v 0.289953768 0.30127418 -0.320116043
v 0.252426028 0.377758086 -0.326069266
v 0.652071655 0.0227225572 0.22737585
v 0.595486701 0.184736356 -0.0379968993
v 0.4714261 0.257063866 -0.1874035
v 0.690926194 0.0917954072 0.0672098547
v 0.545242548 0.221082419 -0.107261978
v 0.195986092 0.316902161 -0.35932827
v 0.106048197 0.351032883 -0.380494446
v 0.720573187 0.0382635295 0.154493004
v 0.332200944 0.202657878 -0.321898758
v 0.6109761 0.140061289 -0.117570393
v 0.228656277 0.221159637 -0.361611545
v 0.781250179 0.0392063484 0.0711885542
v 0.742023587 0.0659652129 -0.0213345494
v 0.657719851 0.124338292 -0.026490856
v 0.531418979 0.147749409 -0.208872557
v 0.430809706 0.183259577 -0.269939154
v 0.692381859 0.0749549046 -0.113463446
v 0.471166939 0.100686051 -0.285351247
v 0.379400611 0.0947884992 -0.332508504
v 0.270718038 0.123819627 -0.365465105
v 0.165289208 0.140244618 -0.390065104
v 0.876242042 0.00532707293 0.077564612
v 0.545023263 0.046628125 -0.273814768
v 0.815920532 -0.00589293661 0.161257237
v 0.213813454 0.0560448915 -0.390717506
v 0.835075378 0.0246001985 -0.0154725779
v 0.625032902 0.0677726492 -0.200475827
v 0.123042516 0.0374478996 -0.40521735
v 0.786795914 0.0261157528 -0.110083237
v 0.932581544 0.00251637702 -0.00765199354
v 0.887972653 -0.00199884013 -0.1023314
v 0.460309893 0.0230386686 -0.326725811
v 0.835431218 -0.0320240892 -0.204612091
v 0.721657395 0.0100212116 -0.198531285
v 0.298477113 0.0240846276 -0.376018524
v 0.638734341 -0.0257249214 -0.2792404
v 0.382746905 -0.00128613156 -0.359751284
v 0.74596417 -0.0629534647 -0.275321633
v 1.00026906 -0.0086385794 -0.0978143141
v 0.535138309 -0.0435623564 -0.327789694
v 0.207983807 -0.0473149344 -0.398693055
v -0.937450826 0.00208622403 -0.0201978441
v -0.577173769 0.0902277529 0.217610344
v -0.698934853 0.0712144077 0.104549065
v -0.0492159761 0.0925463438 0.405922621
v -0.122591726 0.138180777 0.395543277
v -0.263523489 0.051053673 0.377668262
v -0.493979633 0.0628636032 0.290929258
v -0.831076145 0.0207950193 -0.0542012379
v -0.43181625 0.161114097 0.279221237
v -0.340571344 0.187926918 0.321216792
v -0.507546902 0.144213855 0.234320015
v -0.627299786 0.113889962 0.132992744
v -0.748614907 0.0597126037 0.0216804296
v -0.735140026 0.0563928634 -0.0857446864
v -0.796183169 0.00513161579 -0.154103458
v -0.474070132 0.224195167 0.207935214
v -0.549669087 0.173718244 0.162877083
v -0.586621881 0.185515672 0.0672487468
v -0.660382271 0.118160777 0.0420387983
v -0.682490289 0.102535084 -0.0354979374
v -0.251586735 0.206187874 0.355162561
v -0.300130844 0.285045266 0.31595546
v -0.609950304 0.166419253 -0.0403966531
v -0.651984572 0.10394115 -0.113922879
v -0.696315348 0.0391548648 -0.176365376
v -0.391562819 0.261179686 0.263689876
v -0.59372884 0.0895864069 -0.206101045
v -0.248079851 0.38067621 0.324837327
v -0.54477042 0.254436463 -0.0051219454
v -0.437191159 0.322587907 0.186284661
v -0.58430934 0.157347515 -0.133425161
v -0.648367405 -0.000500443857 -0.255200177
v -0.462264657 0.368299276 0.107384153
v -0.544677258 0.0186034143 -0.29201436
v -0.506829262 0.301514983 -0.0709727407
v -0.542678237 0.228122666 -0.101335227
v -0.35121122 0.378935426 0.254010677
v -0.413955748 0.422211081 0.163374066
v -0.510900199 0.187481061 -0.197904155
v -0.507819533 0.107889019 -0.2601704
v -0.362802565 0.49278295 0.214301899
v -0.44960928 0.0715983361 -0.312559009
v -0.407193691 0.504530072 0.141296715
v -0.480138481 0.288229942 -0.151999488
v -0.456629008 -0.0176750273 -0.342482805
v -0.431398213 0.164702743 -0.280138254
v -0.387007087 0.034332633 -0.349860191
v -0.419689506 0.565264344 0.0858406276
v -0.448167205 0.453519523 -0.0455482341
v -0.361985892 0.115611166 -0.334733903
v -0.294934422 0.0428066961 -0.374315619
v -0.383705139 0.580227613 0.172305986
v -0.46387589 0.371750325 -0.100392103
v -0.44227922 0.460263848 0.0651241541
v -0.277783334 0.145413518 -0.359053165
v -0.418191314 0.455579162 -0.14130266
v -0.416934669 0.364973813 -0.191216558
v -0.198298901 0.10772296 -0.38717407
v -0.428645879 0.739278436 0.11215391
v -0.433229864 0.545680404 -0.00866447855
v -0.430145591 0.655036271 0.0216951575
v -0.201496959 0.225314185 -0.365302712
v -0.452784419 0.76474911 0.00668218732
v -0.342609376 0.348894686 -0.272411287
v -0.431590199 0.714587271 -0.0796000063
v -0.422836065 0.525803745 -0.0928842202
v -0.467891753 0.816045284 0.0727452114
v -0.418772578 0.612520576 -0.0852594003
v -0.358049572 0.453374237 -0.229196578
v -0.247621983 0.332799733 -0.334561199
v -0.107049197 0.16405952 -0.397249281
v -0.106051981 0.0614675395 -0.405716151
v -0.302909464 0.547139347 -0.273458093
v -0.272397697 0.4409343 -0.304319501
v -0.157435268 0.326392204 -0.370335668
v -0.0888179913 0.268465281 -0.390003145
v -0.393863082 0.675019979 -0.167717531
v -0.380874902 0.559726655 -0.178690866
v -0.0319470838 0.114729255 -0.408208221
v -0.3357355 0.64812094 -0.250206709
v -0.173269615 0.420413584 -0.35631901
v 0.101623066 -0.330988824 0.352878124
v 0.203786105 -0.32822451 0.35833475
v 0.270516872 -0.54789257 0.238623261
v 0.375837207 -0.668285787 0.166022211
v 0.180541754 -0.488680482 0.265664786
v 0.493797332 -0.854943991 -0.0143291811
v 0.398928344 -0.729248822 0.0593655035
v 0.0187419727 -0.288093209 0.366410911
v 0.134416312 -0.403699458 0.318873554
v 0.444045573 -0.780325651 -0.0433603227
v 0.194072589 -0.563163579 0.187831238
v 0.27978906 -0.607956111 0.167099178
v -0.0656865239 -0.114667624 0.403140217
v 0.356905311 -0.698511422 -0.0399747044
v -0.0948144794 -0.23190558 0.382891148
v 0.213404492 -0.607072651 0.117616743
v 0.411948174 -0.725132346 -0.118577696
v 0.0340609066 -0.381733835 0.325490415
v 0.348676592 -0.662074387 -0.141231269
v -0.0477648154 -0.448051512 0.28238675
v 0.0680706501 -0.462467104 0.272909611
v 0.126485363 -0.582416058 0.123753026
v -0.0700839683 -0.347720444 0.342707723
v 0.178391919 -0.615723133 0.0403031036
v 0.0978506356 -0.531117737 0.205003157
v 0.250140309 -0.632004142 -0.0614701845
v 0.36398229 -0.610687315 -0.232350096
v 0.274535537 -0.598743498 -0.178109586
v 0.0105446521 -0.508790314 0.224845976
v -0.153089494 -0.408459961 0.317889184
v -0.149660632 -0.487162828 0.262610465
v 0.0099353157 -0.562907636 0.141550303
v 0.0684632808 -0.596195221 0.0434083119
v -0.0750247836 -0.524700344 0.210065186
v -0.236365616 -0.457115293 0.301262975
v 0.217530578 -0.538254499 -0.230734229
v 0.300535381 -0.55438447 -0.249327689
v -0.117337167 -0.579758942 0.129411668
v 0.124026977 -0.601789236 -0.0498223193
v 0.273142129 -0.48995775 -0.291610479
v -0.15797849 -0.542602718 0.204930335
v 0.185520485 -0.476198077 -0.279854834
v 0.0153509025 -0.594727337 -0.0427490175
v 0.104264714 -0.515884161 -0.225330919
v -0.230522677 -0.528527319 0.243541673
v -0.219762564 -0.583110452 0.171754375
v -0.041322127 -0.594728887 0.044473134
v -0.0949683413 -0.600494981 -0.0483136885
v 0.0623109937 -0.572840989 -0.130058259
v -0.0129854763 -0.53810823 -0.189368159
v -0.13131465 -0.607744396 0.0399355069
v -0.0264388379 -0.57872963 -0.112917364
v 0.108216822 -0.41710937 -0.309919745
v -0.30617705 -0.581198812 0.222884059
v -0.210254401 -0.619160891 0.0835731253
v -0.196751401 -0.626435816 -0.0114219729
v 0.000773662468 -0.46528554 -0.269139528
v 0.170143217 -0.325495422 -0.360212296
v -0.116687834 -0.506809652 -0.237339124
v -0.102755904 -0.569871187 -0.147228628
v 0.114504769 -0.243130922 -0.384142905
v 0.00789028034 -0.387381196 -0.324498147
v 0.0637720376 -0.323648006 -0.356328756
v -0.0862653777 -0.4115237 -0.310798019
v -0.391037166 -0.707627237 0.115728155
v -0.262335062 -0.642838299 -0.0677414089
v -0.185773388 -0.605971158 -0.103740498
v -0.183288485 -0.56840992 -0.180391461
v -0.046932254 -0.310526103 -0.360507548
v 0.0290238932 -0.251118898 -0.381283581
v -0.387029737 -0.727814496 0.0113170501
v -0.354303479 -0.690211475 -0.0874709636
v 0.0540973023 -0.170603707 -0.399147153
v -0.277834058 -0.612138093 -0.162522256
v -0.236251384 -0.532832265 -0.242378771
v -0.164659962 -0.34446159 -0.351921111
v -0.44618246 -0.781239152 -0.0600212216
v -0.138403803 -0.243070766 -0.383718371
v -0.0202020705 -0.101634584 -0.407620788
v -0.386456639 -0.653179228 -0.20101884
v -0.432388842 -0.727795124 -0.155276388
v -0.199361652 -0.443600416 -0.303544104
v -0.0403079614 -0.203864932 -0.392666876
v -0.337330401 -0.569948971 -0.253106058
v -0.306453556 -0.483016402 -0.305241346
v 0.00125712156 0.0182557628 -0.411318362
v -0.494724452 -0.79952985 -0.169169709
v -0.511916876 -0.87332052 -0.0909511
v -0.229215831 -0.278344303 -0.377433211
v -0.00787725672 0.187868491 -2.40248775
v 0.216259152 0.452414989 -2.32276535
v 0.286654979 0.526066959 -2.28065324
v 0.349197507 0.595724761 -2.23357081
v 0.419575453 0.647018373 -2.18549371
v 0.407525659 0.722667456 -2.14296293
v 0.443177551 0.784428895 -2.08659744
v 0.479478687 0.854105473 -2.01580501
v 0.646421015 1.09037626 -1.6241852
v 0.657264471 1.19618726 -1.32748091
v 0.670472085 1.21989202 -1.16530454
v 0.771374881 1.20646715 -1.02376747
v 0.714679301 1.20971799 -0.832407832
v -0.00898533128 0.292423934 -2.38474178
v 0.13848038 0.363122225 -2.36074281
v 0.491419762 0.986415982 -1.8714273
v 0.554384291 1.02434623 -1.7927382
v 0.519584179 1.07703209 -1.72769749
v 0.546275198 1.11087549 -1.65042472
v 0.583635986 1.14201283 -1.55921602
v 0.616241813 1.16345394 -1.47966313
v 0.596250892 1.19253886 -1.40387321
v 0.662779808 1.22694886 -1.06304049
v 0.692999125 1.22038937 -0.946311831
v 0.64451921 1.18020093 -0.65650785
v 0.647474945 1.15069366 -0.543045461
v -0.120784521 0.233951807 -2.39164233
v 0.0157200508 0.40428108 -2.35340309
v 0.110181995 0.481471717 -2.3219552
v 0.187886491 0.549877226 -2.28553653
v 0.251682818 0.61877507 -2.24117351
v 0.320233881 0.693992972 -2.18381023
v 0.41563648 0.935747683 -1.95661044
v 0.456288218 1.0566169 -1.78837347
v 0.622856259 1.22055042 -1.2391504
v 0.587873816 1.23629916 -1.14680803
v 0.606940508 1.23258638 -0.976057768
v 0.609810293 1.10714734 -0.441023529
v 0.574366868 1.05573094 -0.351571649
v -0.103586107 0.358321071 -2.36516953
v 0.00682305638 0.526022971 -2.30570579
v 0.095140487 0.582447767 -2.27684498
v 0.165716678 0.627820849 -2.24773407
v 0.263902694 0.768083096 -2.14429903
v 0.347230405 0.781239688 -2.11707711
v 0.377437413 0.856983602 -2.04587913
v 0.387550056 1.01785922 -1.86785972
v 0.485343754 1.15834916 -1.58295
v 0.522999108 1.18704522 -1.48094153
v 0.516826808 1.21465445 -1.3899976
v 0.566009223 1.21928251 -1.31891656
v 0.527360857 1.23983383 -1.23040092
v 0.553762257 1.24246728 -1.04930282
v 0.631870627 1.20204377 -0.758920074
v 0.572097003 0.989955783 -0.170702398
v -0.198404312 0.423294961 -2.3359797
v -0.0938963741 0.47189799 -2.32653928
v 0.00470767869 0.62762177 -2.25499129
v 0.0953682512 0.672644138 -2.22661471
v 0.19780305 0.707923651 -2.19516659
v 0.267277837 0.84736973 -2.08009982
v 0.307389647 0.922989726 -2.00057435
v 0.328034043 0.981287122 -1.93187594
v 0.434402376 1.19422746 -1.51909602
v 0.472224981 1.23776889 -1.31870723
v 0.600810111 1.22194028 -0.87187165
v 0.566336751 1.18481767 -0.698045492
v 0.555301011 1.15589917 -0.612239718
v -0.290397316 0.478363723 -2.30015135
v -0.191331163 0.530403733 -2.29339862
v -0.0904461667 0.57875061 -2.27843499
v 0.00794007629 0.720116973 -2.19930387
v 0.100648753 0.760024846 -2.16913509
v 0.185168669 0.800295234 -2.13183451
v 0.285003304 1.03590977 -1.87310219
v 0.38944006 1.17530966 -1.59325576
v 0.424427032 1.224015 -1.42315102
v 0.522391975 1.23839569 -0.950285673
v 0.501389563 1.22546852 -0.862787127
v 0.533408523 1.20520711 -0.778939426
v 0.532585502 0.990828872 -0.271527499
v -0.181531325 0.630331695 -2.24383378
v -0.0860608518 0.675977349 -2.22489142
v 0.0139116822 0.806872368 -2.13781047
v 0.103208542 0.841017842 -2.10789585
v 0.176857784 0.866151333 -2.07954621
v 0.243023515 0.98195231 -1.95123458
v 0.306832105 1.15435672 -1.66860521
v 0.308230013 1.19412315 -1.58059633
v 0.351137489 1.21237218 -1.50911462
v 0.370516211 1.25324309 -1.32117701
v 0.486860484 1.25188065 -1.13204086
v 0.453109503 1.25165164 -1.02754939
v 0.543443084 1.11554432 -0.517253101
v 0.468883187 0.839805901 -0.129322961
v -0.253691703 0.676074028 -2.20752454
v -0.175167069 0.721292734 -2.18838024
v -0.0804923996 0.766529322 -2.16522622
v 0.0245809145 0.888062418 -2.07020092
v 0.117569439 0.912236452 -2.04392266
v 0.209962517 0.92046833 -2.02360654
v 0.195705295 1.16044915 -1.68734634
v 0.517101765 1.06708324 -0.43548131
v 0.496852964 0.918215692 -0.198400259
v 0.427414805 0.84388572 -0.22760275
v -0.276962072 0.758349299 -2.1471982
v -0.170099244 0.809347272 -2.12419248
v -0.0591318309 0.935391486 -2.02186418
v 0.0443106964 0.964168668 -1.9944284
v 0.145602629 0.977705002 -1.97258735
v 0.2554847 1.2226423 -1.51610518
v 0.299065918 1.2444526 -1.41476655
v 0.280067474 1.26387548 -1.31444573
v 0.425130665 1.25654793 -1.2241143
v 0.467974633 1.08226383 -0.499623835
v 0.481022775 1.00410926 -0.363114595
v 0.446523309 0.926255703 -0.293921143
v -0.348852426 0.820567846 -2.08401799
v -0.254239827 0.850738227 -2.0768137
v -0.159356371 0.893713653 -2.05228424
v 0.0220765136 1.07188082 -1.8603586
v 0.137705535 1.19281888 -1.62768507
v 0.205418184 1.24523962 -1.44983411
v 0.319402248 1.2675128 -1.22651517
v 0.370852381 1.26302981 -1.11315966
v 0.433000594 1.20872653 -0.799914241
v 0.428486675 1.03007782 -0.445480615
v -0.320366055 0.884751499 -2.03254223
v -0.247125179 0.925971925 -2.0060339
v -0.151168525 0.973533928 -1.97054243
v -0.0452169664 1.1406467 -1.74665618
v 0.074172847 1.1572392 -1.71296799
v 0.147496209 1.22649431 -1.53030109
v 0.203913972 1.26270497 -1.36094046
v 0.366128594 1.25447011 -1.00582981
v 0.466668546 1.17115355 -0.686649799
v 0.464276791 1.12196696 -0.576527297
v 0.375627339 0.773684442 -0.249617159
v -0.34669894 0.944605768 -1.9637202
v -0.248338565 0.995999277 -1.92735779
v -0.135596022 1.11575902 -1.7807914
v -0.131701395 1.16250694 -1.69420564
v -0.0398659222 1.18646598 -1.65171218
v 0.0510135219 1.2089504 -1.59505796
v 0.261322916 1.27130032 -1.13882542
v 0.416489154 1.23768222 -0.916051567
v -0.427725554 0.979888737 -1.89913082
v -0.335306793 1.01702547 -1.88023853
v -0.25583899 1.04900777 -1.8578285
v -0.201893553 1.13729191 -1.73000503
v -0.134415552 1.20191479 -1.60181677
v -0.0491803214 1.22433889 -1.54885101
v 0.0381838828 1.24237144 -1.48764062
v 0.206409484 1.27410913 -1.24554503
v 0.349844038 1.17496681 -0.727815032
v 0.366481185 1.12383962 -0.622713327
v -0.412447125 1.04426301 -1.81828427
v -0.224959701 1.09498394 -1.79683566
v -0.0628898591 1.25186396 -1.4435401
v 0.0234364569 1.26480126 -1.37927878
v 0.0991426036 1.27889574 -1.20860577
v 0.168741152 1.27646112 -1.15227842
v 0.184490949 1.26792991 -1.06385243
v 0.307693958 1.24243426 -0.936781168
v 0.330761105 1.21447968 -0.834709048
v 0.387974471 1.0709163 -0.527757764
v -0.317448139 1.07523906 -1.8035177
v -0.143847138 1.23321867 -1.50558221
v -0.078242287 1.26969397 -1.3334924
v 0.0122415842 1.27691352 -1.27045059
v 0.272650898 1.05867553 -0.56220901
v 0.387902498 0.952465177 -0.383596569
v -0.387625456 1.10489297 -1.73104405
v -0.229484022 1.1746726 -1.64535284
v -0.165568724 1.25610483 -1.40115917
v -0.085956648 1.27773273 -1.22169602
v 0.00445260014 1.27816176 -1.16284537
v 0.0916405991 1.27396977 -1.10478973
v 0.207560822 1.24972379 -0.965056479
v -0.467613757 1.13456476 -1.63704097
v -0.344982684 1.15851271 -1.64190376
v -0.239284426 1.23395002 -1.47463429
v 0.0954153612 1.25447619 -0.987136006
v 0.147920415 1.23215497 -0.900360465
v 0.243605822 1.1826576 -0.766711652
v 0.260181427 1.12975717 -0.66542089
v -0.492250472 1.17187893 -1.53476644
v -0.400447905 1.18693221 -1.54569244
v -0.189460739 1.27163613 -1.28196144
v -0.0876041725 1.27478516 -1.11606872
v 0.23423183 1.22250783 -0.867010891
v 0.330912977 0.998398066 -0.468823671
v -0.569496155 1.13778615 -1.57362175
v -0.456605494 1.20970583 -1.43795609
v -0.00268424605 1.26754534 -1.05584991
v 0.143513307 1.19805706 -0.811477244
v 0.143999428 1.13932657 -0.702312291
v 0.222925007 0.966727614 -0.487753004
v 0.24564141 0.805452526 -0.374992341
v 0.368989557 0.691712439 -0.219116211
v -0.563683748 1.17655492 -1.4735359
v -0.176500782 1.27604997 -1.1644702
v -0.164809689 1.26995325 -1.07525921
v -0.100028306 1.26111996 -1.017465
v -0.0201867577 1.24482048 -0.94935298
v 0.0589292757 1.22122121 -0.875826478
v 0.287059158 0.906854272 -0.412467927
v -0.651429296 1.17320299 -1.41271293
v -0.351622909 1.25897169 -1.27023411
v -0.268548518 1.27133846 -1.20593894
v -0.261599988 1.26780879 -1.08604145
v -0.127046347 1.23663962 -0.917626143
v 0.185989276 1.08620906 -0.619844854
v 0.111831784 0.938224494 -0.49583146
v -0.654645562 1.19926083 -1.30204964
v -0.445851713 1.25321174 -1.20409119
v -0.358070612 1.26480651 -1.15171099
v -0.196290419 1.25601447 -0.994192243
v -0.046053905 1.21037793 -0.846942544
v 0.0328753442 1.17124391 -0.765802443
v 0.156707108 1.02238047 -0.555462539
v 0.17945677 0.87135011 -0.439035952
v 0.313958079 0.621413052 -0.267901182
v -0.55582124 1.23175955 -1.23304522
v -0.284993201 1.25305295 -0.982551575
v 0.04569906 1.11734414 -0.677870631
v 0.303267777 0.726941884 -0.304468691
v -0.508447826 1.24784756 -1.14090812
v -0.439658463 1.25701118 -1.11326659
v -0.0727626458 1.17237163 -0.763868749
v -0.0434586853 1.12626839 -0.690239131
v 0.096807681 1.07448077 -0.619725645
v -0.667988658 1.21472025 -1.18948424
v -0.378831357 1.25651515 -1.03075778
v -0.239018366 1.22958708 -0.889881968
v -0.148703575 1.19960821 -0.815915108
v -0.592954338 1.23452258 -1.1144278
v -0.347360313 1.23849618 -0.915300965
v 0.140823245 0.77483952 -0.405163109
v 0.204380497 0.708727181 -0.360988498
v 0.247634396 0.559748352 -0.316006154
v -0.505389571 1.24616647 -1.03920388
v -0.45317623 1.23814678 -0.92980516
v -0.318780839 1.21447027 -0.832175612
v -0.249009058 1.18834639 -0.77818197
v -0.00213443651 1.0681417 -0.617008567
v 0.0506328046 1.0052706 -0.554064989
v 0.248079285 0.645101011 -0.324383438
v -0.616069615 1.23125172 -1.00598335
v -0.546397388 1.23345292 -0.939622045
v -0.409687936 1.21635664 -0.830486655
v -0.159076899 1.14374113 -0.706385016
v 0.120160289 0.691214919 -0.386945158
v -0.724327803 1.21570289 -0.966396511
v -0.350177854 1.18547356 -0.750826299
v -0.106335416 1.07508171 -0.617651403
v -0.625842035 1.22189224 -0.897622049
v -0.52757448 1.21548879 -0.834014356
v -0.0565282516 1.00305617 -0.550148726
v -0.458718717 1.18734491 -0.732834816
v -0.279874742 1.14253104 -0.680496693
v -0.21527493 1.08476567 -0.609386086
v 0.163617238 0.61053741 -0.361170411
v -0.626495898 1.20887077 -0.803371191
v 0.172383741 0.503520191 -0.35338676
v -0.32060954 1.09416759 -0.588776648
v -0.387407571 1.14733732 -0.655790448
v -0.163332373 1.01345921 -0.542546332
v -0.0658397973 0.820851088 -0.435956985
v -0.419057012 1.10575116 -0.562551498
v -0.11622978 0.928920031 -0.485284507
v -0.499851316 1.15220177 -0.625352621
v -0.222981393 0.952709198 -0.471670598
v -0.264828742 1.02971447 -0.528394759
v -0.684073329 1.15087354 -0.517007768
v -0.621146441 1.12008953 -0.463210702
v -0.583206415 1.14015388 -0.551798999
v -0.498722434 1.11386037 -0.535320759
v -0.360227525 1.04514539 -0.502730012
v -0.0814996734 0.703095376 -0.397551507
v 0.0615966432 0.630127609 -0.387857974
v 0.180952698 0.409263968 -0.355098635
v -0.542286038 1.09474576 -0.46543175
v -0.398059458 0.986253023 -0.406086147
v -0.308791578 0.98315376 -0.459893763
v -0.0082351556 0.563333392 -0.38575381
v 0.0831909031 0.53669703 -0.377749711
v 0.097942248 0.443522155 -0.376308084
v -0.0189969186 0.646093369 -0.393995881
v -0.503556013 1.03781879 -0.387639105
v -0.452759326 1.06589258 -0.475402206
v -0.187125102 0.859006643 -0.424075276
v -0.0949323252 0.601539433 -0.379314572
v -0.597737312 1.08207512 -0.382638603
v -0.165036485 0.758478582 -0.391095549
v -0.471271157 0.96740067 -0.308370709
v -0.56224817 1.02544284 -0.290604144
v 0.00860533118 0.469015241 -0.384925485
v -0.252971917 0.795195758 -0.364102095
v -0.450433373 0.90257138 -0.248422548
v -0.171533823 0.659538388 -0.364901006
v 0.032585863 0.390729874 -0.387612939
v 0.109883219 0.238193318 -0.389299959
v -0.393842459 0.900294185 -0.319088787
v -0.229540095 0.715242445 -0.350545555
v -0.257122874 0.639241874 -0.316891253
v 0.0603741892 0.125635862 -0.405256271
v -0.521473527 0.950008988 -0.199576214
v -0.297303081 0.725961387 -0.30726099
v -0.336835086 0.815617621 -0.312668532
v -0.405488938 0.832541764 -0.243666545
v -0.0891688019 0.496450752 -0.376281589
v 0.0145798344 0.306070596 -0.393586248
v -0.512095153 0.897523761 -0.0941475704
v -0.462575525 0.860772371 -0.172830969
v -0.0653633699 0.382790416 -0.384585798
v -0.421885937 0.772363842 -0.165802538
v -0.463833004 0.810002148 -0.0848588347
v -0.366798997 0.744318783 -0.242508426
v -0.00729128066 0.203197017 -0.401585579
v -0.75673157 -0.0389305204 -2.19056869
v -0.931269407 -0.0057783532 -2.06076407
v -1.17096508 -0.0153181907 -1.78637385
v -1.22822237 -0.0466232598 -1.67841828
v -1.28513503 -0.0214879643 -1.57000029
v -1.40570796 -0.00989324041 -1.06129754
v -1.41715515 0.0441317484 -0.816655695
v -1.39695168 0.036168173 -0.694545388
v -1.28914249 0.00503664836 -0.414701074
v -1.04217005 0.00132104603 0.0202498343
v -0.417017996 -0.0885558501 -2.34810185
v -0.507012784 -0.0824567601 -2.31661534
v -0.581821263 -0.0239546113 -2.28735948
v -1.01289272 -0.00150760403 -1.98519063
v -1.29710937 -0.0985242799 -1.49338794
v -1.33375156 -0.0823201463 -1.38821173
v -1.36204767 -0.0749302655 -1.26437819
v -1.39364481 -0.0394823998 -0.981406212
v -1.36110294 -0.0447136909 -0.754849732
v -1.33850765 -0.0372599401 -0.649030268
v -1.31692886 -0.0267285369 -0.562533915
v -1.11519277 -0.00292621041 -0.155429721
v -0.478357852 -0.184233114 -2.31291246
v -0.580061018 -0.134504452 -2.27682209
v -0.669916332 -0.0814606249 -2.23762751
v -0.812992871 -0.0942583382 -2.14467645
v -0.965836108 -0.096030809 -2.01390266
v -1.11697459 -0.101456933 -1.8385781
v -1.17296755 -0.107493535 -1.75293064
v -1.25353408 -0.121564731 -1.58922315
v -1.35546434 -0.131666988 -1.15562189
v -1.37536585 -0.0880441517 -1.06332839
v -1.37273312 -0.0636408255 -0.872843802
v -1.02646077 -0.0047258283 -0.0903833136
v -0.572158575 -0.241530523 -2.2596128
v -0.660659194 -0.189600646 -2.22433972
v -0.745501339 -0.140129998 -2.18294263
v -0.884530544 -0.0966067761 -2.08735776
v -0.992104292 -0.186657578 -1.96230626
v -1.04455137 -0.0947840959 -1.93147647
v -1.20048273 -0.162285194 -1.6768285
v -1.32615352 -0.153132096 -1.32854521
v -1.35289848 -0.129495248 -0.969968677
v -1.32932425 -0.117543004 -0.796658814
v -1.27448714 -0.091730237 -0.59446466
v -0.20937252 -0.317915708 -2.3634851
v -0.315147877 -0.338996083 -2.33590317
v -0.487355113 -0.298200965 -2.28496599
v -0.650786877 -0.293158263 -2.2042675
v -0.735442281 -0.242873609 -2.16538191
v -0.825300753 -0.189617217 -2.1144166
v -0.914949775 -0.187061787 -2.0390718
v -1.06253099 -0.190827549 -1.87842786
v -1.13132012 -0.207432255 -1.77274895
v -1.22527862 -0.217864215 -1.58805561
v -1.26571333 -0.1776786 -1.51868296
v -1.33729267 -0.179383084 -1.06235921
v -1.32111132 -0.164992526 -0.873600602
v -1.29653263 -0.121901385 -0.701882541
v -1.25742328 -0.0528172106 -0.489265412
v -1.21643758 -0.0354383476 -0.384792209
v -1.1115135 -0.0323929712 -0.254622132
v -0.266493142 -0.513893723 -2.29149008
v -0.340558171 -0.438581795 -2.29859138
v -0.412628978 -0.364390254 -2.29711604
v -0.566271186 -0.345402122 -2.23489714
v -0.720259845 -0.34228611 -2.14586592
v -0.799941182 -0.298261642 -2.10317636
v -0.869641423 -0.263078004 -2.05752444
v -1.17160583 -0.266856581 -1.66758323
v -1.29347026 -0.186397061 -1.42140555
v -1.31914783 -0.225282535 -1.15021086
v -0.363990724 -0.534142435 -2.25483608
v -0.437912911 -0.456325054 -2.25669193
v -0.49139607 -0.384931326 -2.2586112
v -0.778696895 -0.396240145 -2.08362627
v -0.858910978 -0.350538135 -2.03527689
v -0.939407945 -0.286141127 -1.98287475
v -1.01199484 -0.260807812 -1.91363823
v -1.06142378 -0.288632274 -1.83696318
v -1.19763732 -0.313243777 -1.57186115
v -1.2458353 -0.260031521 -1.49535275
v -1.26262867 -0.291004151 -1.39535773
v -1.2991848 -0.234558001 -1.32224035
v -1.32878387 -0.183371231 -1.24282551
v -1.30182993 -0.260050654 -1.06782794
v -1.28442478 -0.186830163 -0.782218575
v -1.16459334 -0.10020899 -0.441081524
v -0.463888049 -0.55338335 -2.20535874
v -0.546059787 -0.457092226 -2.20563769
v -0.834642351 -0.452806175 -2.0108006
v -0.917266488 -0.400218457 -1.95623183
v -0.993190706 -0.347609401 -1.89644313
v -1.10946679 -0.326773703 -1.74082506
v -1.21049607 -0.366737336 -1.4687835
v -1.29429054 -0.275124192 -1.23298383
v -1.24732053 -0.198325425 -0.708538532
v -1.22849953 -0.169321626 -0.631084323
v -1.02187562 -0.0312501304 -0.196256563
v -0.486198246 -0.653632641 -2.14502716
v -0.565327644 -0.568974793 -2.14523339
v -0.644486129 -0.489756703 -2.13566184
v -0.739601791 -0.501443624 -2.06440163
v -0.969655395 -0.450735688 -1.86750722
v -1.04237878 -0.391767949 -1.80547762
v -1.1451472 -0.366363734 -1.64307714
v -1.16886437 -0.394401044 -1.55931711
v -1.27849448 -0.314692497 -1.13808441
v -1.3019644 -0.234846368 -0.966883183
v -0.506964028 -0.743998289 -2.08053637
v -0.582238972 -0.666530907 -2.08143377
v -0.658452272 -0.585455358 -2.07743287
v -0.732131362 -0.595896065 -2.016716
v -0.806381345 -0.553791583 -1.97874963
v -0.890448749 -0.505072415 -1.92609751
v -0.939352512 -0.553499877 -1.83317745
v -1.01550984 -0.496044159 -1.77011538
v -1.08488476 -0.431764871 -1.70560706
v -1.15632761 -0.461778939 -1.50307596
v -1.18571603 -0.458874881 -1.39829946
v -1.23397827 -0.378074616 -1.35002303
v -1.27092242 -0.311653554 -1.30762172
v -1.25597429 -0.338573694 -1.02199984
v -1.2514044 -0.310188353 -0.919689178
v -1.2693758 -0.24963595 -0.85543859
v -1.15324116 -0.213823184 -0.579909682
v -1.19990909 -0.135104403 -0.536746681
v -1.12800872 -0.0670720488 -0.347819209
v -0.523086011 -0.81247282 -2.02333879
v -0.58978337 -0.756133318 -2.01826549
v -0.676454365 -0.682122946 -2.00360942
v -0.770379424 -0.649475932 -1.94588578
v -0.856123686 -0.607823849 -1.89030361
v -1.12150335 -0.457989454 -1.60354984
v -1.20375526 -0.457433611 -1.29055119
v -1.24926472 -0.373082459 -1.23424733
v -1.22795653 -0.25982815 -0.761458218
v -0.942436159 -0.0550692417 -0.234024808
v -0.915308416 -0.0143091362 -0.140150949
v -0.495272577 -0.885276258 -1.98137403
v -0.580261409 -0.840308547 -1.96053088
v -0.659584045 -0.781722367 -1.94371617
v -0.729993224 -0.728762209 -1.92299891
v -0.903852642 -0.653839648 -1.79225636
v -0.981106162 -0.595375836 -1.73604393
v -1.05437946 -0.54172802 -1.65748763
v -1.15623057 -0.537865222 -1.33309615
v -1.2092241 -0.456791282 -1.1972152
v -1.23116529 -0.406986564 -1.1206044
v -1.20513785 -0.389658064 -0.923507452
v -1.11271238 -0.174308643 -0.490248054
v -1.06879044 -0.131107762 -0.400926918
v -1.02042866 -0.0817897618 -0.301665545
v -0.645175874 -0.869217038 -1.8802886
v -0.72537154 -0.803838015 -1.86232436
v -0.809116066 -0.718808174 -1.84818387
v -0.947798193 -0.684337556 -1.69442677
v -1.00571048 -0.630255699 -1.65446639
v -1.0448513 -0.623688996 -1.57456815
v -1.101735 -0.543157756 -1.54352129
v -1.16925406 -0.530443013 -1.22712934
v -1.19937515 -0.441903085 -1.01968884
v -1.21065867 -0.330477417 -0.833420217
v -1.15237963 -0.337081373 -0.724691868
v -1.18904042 -0.246858209 -0.670365512
v -0.707757831 -0.890048981 -1.79566216
v -0.788516343 -0.823399365 -1.7697475
v -0.986895442 -0.69754374 -1.60156214
v -1.10528994 -0.617519379 -1.37248409
v -1.1772964 -0.508174121 -1.11262691
v -1.15442955 -0.480375677 -0.929224133
v -0.627526045 -0.960961163 -1.80373144
v -0.691742361 -0.947939873 -1.74902117
v -0.845786095 -0.84141016 -1.66627288
v -0.921618044 -0.767403364 -1.63473892
v -1.02375185 -0.697947085 -1.50703692
v -1.12168813 -0.611499727 -1.26772404
v -0.904129624 -0.101707384 -0.302610934
v -0.897267818 -0.846484423 -1.56320202
v -0.963859439 -0.771967351 -1.53629529
v -1.05297112 -0.694368482 -1.40854418
v -1.07235241 -0.689632058 -1.30790412
v -1.12874198 -0.600679696 -1.15991521
v -1.14321291 -0.427380651 -0.820924699
v -1.11343861 -0.293850958 -0.623221517
v -1.01805639 -0.204473212 -0.453125954
v -0.850355923 -0.0475549512 -0.228806123
v -0.743873835 -1.00230646 -1.59634817
v -0.822296977 -0.923469782 -1.58526218
v -0.93944937 -0.842465401 -1.4641161
v -0.99866277 -0.76860851 -1.43946767
v -1.0346179 -0.760347009 -1.24764729
v -1.08165741 -0.683217227 -1.20354569
v -1.12356842 -0.588508427 -1.05264115
v -1.15596569 -0.518934071 -1.012375
v -0.965581596 -0.152767673 -0.376144111
v -0.801575899 -0.995110154 -1.49667203
v -0.873478353 -0.9182446 -1.4830842
v -0.972741246 -0.831997812 -1.37042487
v -1.02381277 -0.762274742 -1.3447777
v -1.0360837 -0.755984426 -1.14141798
v -1.08145416 -0.672124326 -1.09575605
v -1.11051857 -0.567513406 -0.950219095
v -1.08112073 -0.364734024 -0.655201018
v -0.729016185 -1.07004273 -1.50517082
v -0.849205375 -0.982793808 -1.39609241
v -0.995204449 -0.818094194 -1.29080224
v -1.07068121 -0.653909147 -0.987073839
v -1.01745665 -0.423396498 -0.635815859
v -1.06597424 -0.254078895 -0.535478115
v -0.931711793 -0.219457954 -0.426261842
v -0.777784109 -1.06101823 -1.40690172
v -0.890532792 -0.96031332 -1.30209219
v -0.94910723 -0.884049058 -1.29321456
v -0.983473063 -0.843350351 -1.19583535
v -1.0309732 -0.740340114 -1.03129208
v -1.09692979 -0.528082728 -0.853098333
v -1.07920754 -0.489507049 -0.773283839
v -1.08495986 -0.424885929 -0.717388511
v -0.795869052 -0.0978565365 -0.300412804
v -0.747132599 -0.0286397077 -0.237076089
v -0.921761155 -0.933236241 -1.21135521
v -0.987066031 -0.825820684 -1.07481611
v -1.01532328 -0.719365895 -0.925021112
v -1.04654408 -0.626447856 -0.871091545
v -1.02382183 -0.498635501 -0.702851951
v -0.822881818 -1.0443871 -1.29690313
v -0.870865762 -1.00023484 -1.22574425
v -0.93707937 -0.910250008 -1.11064076
v -0.97842592 -0.804798603 -0.966353536
v -0.990230143 -0.701252043 -0.837014735
v -0.988042116 -0.64305824 -0.77393049
v -0.863109708 -0.269269854 -0.438156456
v -0.77896601 -1.10807574 -1.24252141
v -0.883493543 -0.989398599 -1.13898039
v -1.03622735 -0.561707854 -0.778415084
v -0.960323691 -0.289983124 -0.494897157
v -0.823729813 -1.06399071 -1.1775279
v -0.938054919 -0.888702929 -1.00502169
v -0.973984003 -0.579218626 -0.701274157
v -0.693400443 -0.0768923908 -0.302012086
v -0.762851954 -1.13867652 -1.16792631
v -0.792293847 -1.10745049 -1.09898853
v -0.8394683 -1.0467521 -1.06985497
v -0.891887426 -0.969613492 -1.03828776
v -0.92585516 -0.865841389 -0.903023958
v -0.958171725 -0.779776037 -0.862475574
v -0.933838308 -0.399412602 -0.549515128
v -0.87750119 -0.341755509 -0.484613657
v -0.850310504 -0.178238779 -0.372191191
v -0.729247272 -0.160900012 -0.352765828
v -0.89095211 -0.945257366 -0.939718962
v -0.938215911 -0.652277827 -0.704488635
v -0.941616118 -0.506924868 -0.618368983
v -0.743451893 -1.16919231 -1.08070862
v -0.84460634 -1.02507699 -0.967116714
v -0.882222116 -0.920336723 -0.857410491
v -0.932124615 -0.731535912 -0.75754118
v -0.83354032 -0.412935227 -0.495427996
v -0.61080426 -0.0521283895 -0.309364557
v -0.784836054 -1.11256111 -0.998629808
v -0.845785081 -0.991140962 -0.871108472
v -0.883167803 -0.69641 -0.658044398
v -0.906466901 -0.607416153 -0.636888087
v -0.870916069 -0.4774445 -0.544631839
v -0.795356989 -0.335621119 -0.44813028
v -0.763563156 -0.250619024 -0.402940184
v -0.797690809 -1.07303834 -0.887598872
v -0.843186855 -0.944567204 -0.785862803
v -0.892551541 -0.847827137 -0.791604996
v -0.856456161 -0.557789326 -0.566486895
v -0.626362145 -0.129856482 -0.345787674
v -0.742731988 -1.15748107 -0.897812426
v -0.829183698 -0.891501248 -0.699274063
v -0.859714866 -0.792607844 -0.683653653
v -0.753389359 -1.1133436 -0.800611198
v -0.800921202 -1.02911758 -0.793011665
v -0.795344472 -0.980669856 -0.70795691
v -0.702820241 -1.19950247 -0.807991743
v -0.755965769 -1.06371784 -0.709362984
v -0.814851582 -0.742151797 -0.593351901
v -0.836310446 -0.647446215 -0.581114709
v -0.79291141 -0.59728682 -0.525487959
v -0.698144913 -0.324815542 -0.417581052
v -0.64609766 -0.236858234 -0.384894639
v -0.538127184 -0.0780636072 -0.341336519
v -0.755078495 -1.01321471 -0.640885592
v -0.775192082 -0.936057031 -0.624617577
v -0.79569751 -0.841685653 -0.608883977
v -0.78540194 -0.507802665 -0.498905957
v -0.736075282 -0.413868189 -0.451488286
v -0.710752964 -1.15123403 -0.71023035
v -0.539135814 -0.179533273 -0.372180104
v -0.746967018 -0.790484607 -0.523484528
v -0.75729394 -0.681043863 -0.51338774
v -0.626582623 -0.314918965 -0.402300358
v -0.709594309 -1.08903003 -0.607183039
v -0.737047255 -0.893816769 -0.536492109
v -0.680693567 -0.503171921 -0.440542519
v -0.726436019 -0.991237402 -0.56093359
v -0.691133916 -0.738729239 -0.452612966
v -0.724585176 -0.590929151 -0.473583162
v -0.680204928 -0.844415128 -0.441150963
v -0.622532606 -0.398240179 -0.411452085
v -0.687117517 -0.956774592 -0.466984779
v -0.688967526 -0.659153402 -0.450370669
v -0.367639244 -0.0439318568 -0.372477591
v -0.680743158 -1.0543437 -0.496495813
v -0.629729271 -0.688463032 -0.398198694
v -0.447596788 -0.113856457 -0.369671822
v -0.639775336 -0.596883059 -0.416931599
v -0.540509641 -0.300712079 -0.390099704
v -0.34609139 -0.145686164 -0.38674736
v -0.647953749 -1.02678382 -0.399980873
v -0.612434626 -1.00198305 -0.305787683
v -0.638613284 -0.768858492 -0.394285798
v -0.435220301 -0.221608877 -0.383796424
v -0.639360249 -0.92849952 -0.373237371
v -0.577320755 -0.739800453 -0.333073735
v -0.575523198 -0.511542439 -0.391995758
v -0.26983133 -0.0665834323 -0.392318636
v -0.193323314 0.00372834736 -0.398752511
v -0.590859234 -0.907637537 -0.281336188
v -0.613532245 -0.833475709 -0.347212702
v -0.502334893 -0.419089705 -0.380619347
v -0.579524219 -0.980493248 -0.21227172
v -0.413866967 -0.335694969 -0.377454877
v -0.323938042 -0.25490737 -0.383527786
v -0.471914738 -0.522400796 -0.345527947
v -0.552522182 -0.81253022 -0.261853278
v -0.488719285 -0.708201349 -0.251493365
v -0.230245158 -0.17387566 -0.394287854
v -0.183591008 -0.0838932618 -0.402591944
v -0.552748322 -0.961417973 -0.117601372
v -0.547060966 -0.889111996 -0.188754275
v -0.394572943 -0.443664491 -0.348325163
v -0.387834787 -0.525608182 -0.310303867
v -0.119480327 -0.141603261 -0.401852578
v -0.498720378 -0.861762941 0.0126953311
v -0.434118748 -0.602669537 -0.286984682
v -0.2896308 -0.370671511 -0.354078203
v -0.103719316 -0.0406671651 -0.408392906
v 0.194847152 -0.11141406 -2.39714694
v 0.173910886 -0.228125855 -2.38637233
v 0.194526896 -0.340373784 -2.36165619
v 0.253145605 -0.434312493 -2.32355952
v 0.393887639 -0.537533343 -2.24259806
v 0.505626321 -0.841363788 -2.01284146
v 0.70601964 -1.2000891 -1.20166683
v 0.715022981 -1.20460153 -1.09355175
v 0.704086542 -1.20687425 -0.850362897
v 0.713865697 -1.11411464 -0.651214778
v 0.680677235 -1.19528782 -0.669641316
v 0.67781961 -1.14777291 -0.574327111
v 0.279115587 -0.179105431 -2.37598276
v 0.263592362 -0.269298673 -2.36506176
v 0.310817152 -0.346171528 -2.33485532
v 0.509808362 -0.75632143 -2.07204247
v 0.583663583 -0.872391105 -1.93468153
v 0.608678043 -0.941071272 -1.85030723
v 0.626710355 -0.9957816 -1.77152681
v 0.642796516 -1.04824376 -1.6821543
v 0.716661274 -1.09211242 -1.49044776
v 0.703627169 -1.14578176 -1.39821601
v 0.728701532 -1.18822396 -0.973009884
v 0.380669892 -0.145511061 -2.35381603
v 0.354703188 -0.250021189 -2.34381557
v 0.358953178 -0.439611614 -2.29204798
v 0.418838918 -0.634859025 -2.18726683
v 0.520327151 -0.656733513 -2.12591529
v 0.584354997 -0.780628085 -2.00728035
v 0.667294621 -1.08736145 -0.483586371
v 0.57808578 -1.01229417 -0.182765961
v 0.530451715 -0.923743665 -0.042158775
v 0.455720574 -0.218468532 -2.31546474
v 0.431776524 -0.338477373 -2.29575849
v 0.46365729 -0.452679306 -2.24749184
v 0.579725266 -0.70615083 -2.0622623
v 0.664279938 -0.789511919 -1.93770802
v 0.672876298 -0.867921531 -1.8611598
v 0.674386501 -0.930354059 -1.79609549
v 0.704984903 -0.965040088 -1.7150681
v 0.734878838 -1.01610184 -1.59641159
v 0.751870036 -1.11982536 -1.33075058
v 0.762004018 -1.12972856 -1.24730206
v 0.768034935 -1.13795364 -1.14810014
v 0.769590795 -1.14030206 -1.05824518
v 0.730020463 -1.13632059 -0.752601147
v 0.755391121 -1.0455668 -0.683869302
v 0.47927925 -0.114010699 -2.32441735
v 0.548019528 -0.181016371 -2.28436208
v 0.532792091 -0.278412104 -2.26958036
v 0.535724223 -0.37783435 -2.2398355
v 0.547530651 -0.463695079 -2.2038393
v 0.504634917 -0.55194062 -2.18811464
v 0.622974753 -0.622085392 -2.08377671
v 0.652597308 -0.707226455 -2.00947666
v 0.744398475 -0.789504468 -1.86153555
v 0.749143422 -0.871172488 -1.77328408
v 0.770323753 -1.07673132 -1.39915156
v 0.768002212 -1.1157006 -0.872766256
v 0.573385 -0.0826631561 -2.28771472
v 0.604928732 -0.234651208 -2.24500704
v 0.613338947 -0.316190988 -2.21869302
v 0.617032588 -0.412665874 -2.18484402
v 0.609793305 -0.518848181 -2.14515185
v 0.71629405 -0.62701726 -2.01305509
v 0.735771477 -0.707540751 -1.93905854
v 0.806868076 -0.78766197 -1.79256952
v 0.829231381 -0.940351605 -1.550722
v 0.828357697 -1.01554048 -1.38980591
v 0.814356208 -1.05746377 -1.30308461
v 0.819210291 -1.07149899 -1.19397402
v 0.802030742 -1.09007478 -0.984180629
v 0.792691469 -1.03961945 -0.785523951
v 0.642056286 -1.03385639 -0.393323839
v 0.66324693 -0.0591968894 -2.24463439
v 0.635023117 -0.155112863 -2.24554014
v 0.690017462 -0.240148365 -2.19427371
v 0.691463947 -0.349440634 -2.16201138
v 0.695347667 -0.445027798 -2.12325168
v 0.702477813 -0.539776504 -2.07403159
v 0.824710429 -0.700584054 -1.85372567
v 0.865645111 -0.95098418 -1.44157505
v 0.822420657 -1.07199323 -1.09227061
v 0.832778573 -1.02025843 -0.894402385
v 0.715666354 -1.04049087 -0.578418911
v 0.545019388 -0.932570994 -0.135086969
v 0.50225544 -0.856248319 -0.0964827836
v 0.745948672 -0.0331773944 -2.19762659
v 0.722237647 -0.130264789 -2.19879818
v 0.767639101 -0.296065032 -2.12660909
v 0.7548877 -0.381928474 -2.10692263
v 0.78421098 -0.461051196 -2.04941297
v 0.871859848 -0.741187751 -1.75434268
v 0.870325267 -0.854874074 -1.61174369
v 0.905126452 -0.871982574 -1.5056957
v 0.864859998 -1.01007402 -1.23452961
v 0.683751047 -0.98190707 -0.475703597
v 0.604153275 -0.993068814 -0.291530401
v 0.804814696 -0.0959842876 -2.1491437
v 0.82582742 -0.353996903 -2.06017256
v 0.842740178 -0.52320224 -1.96446383
v 0.79831785 -0.619449019 -1.94605672
v 0.913901925 -0.651190341 -1.78551292
v 0.905826688 -0.7714293 -1.66443408
v 0.933731437 -0.880384862 -1.39509153
v 0.886267126 -0.964571774 -1.323066
v 0.873821795 -1.00383043 -1.14137805
v 0.873309553 -0.991380751 -1.01644206
v 0.848850548 -0.947169662 -0.805476844
v 0.803652227 -0.961960793 -0.709338248
v 0.763170362 -0.973653555 -0.630769253
v 0.736582279 -0.928157926 -0.553731203
v 0.639902771 -0.927822769 -0.38326475
v 0.567948282 -0.933296382 -0.218185559
v 0.87094748 -0.0697625056 -2.10323668
v 0.86232245 -0.152479455 -2.09221101
v 0.847797036 -0.251792729 -2.07646155
v 0.877814591 -0.418900579 -1.98475504
v 0.882126629 -0.590676963 -1.8794874
v 0.933124602 -0.698741138 -1.70728171
v 0.94099468 -0.789439499 -1.56649005
v 0.956256449 -0.876492918 -1.28318453
v 0.916590571 -0.941899121 -1.20985198
v 0.892766774 -0.92486763 -0.906571507
v 0.929516494 -0.0991235301 -2.04579329
v 0.926027119 -0.200180635 -2.02088594
v 0.908550024 -0.309199303 -2.00034928
v 0.925204277 -0.484229565 -1.89922535
v 0.971333861 -0.706547976 -1.62515223
v 0.972262561 -0.800235689 -1.46056831
v 0.996694684 -0.802363753 -1.35140669
v 0.692005336 -0.871512175 -0.465506822
v 0.581455469 -0.868905485 -0.290805608
v 0.531213582 -0.859344065 -0.190099835
v 0.989579201 -0.0291457176 -2.00076962
v 0.997955322 -0.133134648 -1.96778929
v 0.997109294 -0.251467228 -1.92738819
v 0.961371481 -0.373697042 -1.91569495
v 1.00318396 -0.439612031 -1.82565367
v 0.963707149 -0.549107134 -1.80634892
v 1.03506708 -0.634970903 -1.58197844
v 1.01345313 -0.795391321 -1.24318933
v 0.972348392 -0.860613406 -1.17471766
v 0.92786324 -0.922235727 -1.10179412
v 0.935692966 -0.888433158 -0.998413026
v 0.850795925 -0.869594693 -0.724404454
v 0.794020474 -0.887525916 -0.633161783
v 1.06734705 -0.0517976545 -1.9103384
v 1.06181324 -0.162640601 -1.88435519
v 1.06715178 -0.24338679 -1.8446362
v 1.03826237 -0.331550628 -1.83917034
v 1.07386994 -0.391756505 -1.74869502
v 1.03779495 -0.49826768 -1.72750151
v 1.06616712 -0.544209123 -1.62714386
v 1.00568449 -0.718933702 -1.52254426
v 0.980421722 -0.836325705 -1.07176161
v 0.979989409 -0.811731279 -0.986804307
v 0.945456088 -0.834066749 -0.910682261
v 0.901215672 -0.855607986 -0.819671333
v 1.13922751 -0.0291729067 -1.82310474
v 1.11130357 -0.10764049 -1.83917892
v 1.11529613 -0.183816016 -1.8029747
v 1.11109364 -0.282712966 -1.75843501
v 1.12847435 -0.350395918 -1.6838094
v 1.10795009 -0.440095872 -1.64393508
v 1.11433828 -0.499435246 -1.56826866
v 1.09209847 -0.568407118 -1.53103805
v 1.06509376 -0.64615643 -1.4770968
v 1.03312349 -0.724829793 -1.41567636
v 1.02297151 -0.779396236 -1.13945031
v 0.757578433 -0.809734702 -0.545796096
v 0.520080149 -0.779529214 -0.245861471
v 0.473306239 -0.784075618 -0.152235508
v 1.16067266 -0.107460305 -1.76489067
v 1.16597569 -0.194185719 -1.71563101
v 1.16925681 -0.275742233 -1.65963137
v 1.16646695 -0.355181187 -1.5989219
v 1.1547507 -0.434206009 -1.54230928
v 1.11778545 -0.572766125 -1.43383551
v 1.08918428 -0.646314681 -1.37006724
v 1.05262256 -0.723673105 -1.30740941
v 1.20622444 -0.201222122 -1.63434947
v 1.2022208 -0.359523088 -1.49864829
v 1.18283117 -0.439329624 -1.44672918
v 1.15955174 -0.506467581 -1.40716326
v 1.10314298 -0.644024611 -1.25959933
v 1.06236827 -0.717745125 -1.20257068
v 1.02896512 -0.74524188 -1.03220785
v 0.951792955 -0.768249571 -0.833202124
v 0.901502192 -0.780487657 -0.744898975
v 0.631858051 -0.817073464 -0.384072363
v 0.573152363 -0.772112072 -0.322424233
v 1.21872509 -0.263339579 -1.55601585
v 1.14653087 -0.556528509 -1.32327366
v 1.10309219 -0.644396961 -1.15195501
v 1.06327152 -0.709506273 -1.11442161
v 0.99895221 -0.747517228 -0.92433846
v 1.26003253 0.00343028759 -1.63178396
v 1.26552224 -0.0790424421 -1.58186734
v 1.24692738 -0.159822717 -1.57046819
v 1.22593701 -0.37089926 -1.39827454
v 1.19902921 -0.453005463 -1.33939528
v 1.14888787 -0.565849483 -1.2017076
v 1.08578277 -0.652270198 -1.04826355
v 0.838336885 -0.77648133 -0.642808199
v 0.744568169 -0.717368245 -0.51050657
v 0.690111101 -0.762485981 -0.457810432
v 0.521579027 -0.69521457 -0.304095894
v 0.439921141 -0.697236121 -0.214175701
v 1.30017328 -0.020717809 -1.53382242
v 1.28930032 -0.105868399 -1.50311267
v 1.26963639 -0.196155846 -1.47743845
v 1.24084413 -0.374025911 -1.31203473
v 1.18689466 -0.49555108 -1.24838901
v 0.905635059 -0.695079029 -0.689816892
v 0.795242131 -0.721021533 -0.565288424
v 1.28837311 -0.222466454 -1.37869287
v 1.22772264 -0.417022526 -1.23628891
v 1.05093932 -0.666918278 -0.94602263
v 0.611300349 -0.699368834 -0.386024594
v 1.32794285 -0.0422899425 -1.44172883
v 1.31113672 -0.132904127 -1.4077127
v 1.2956928 -0.247276515 -1.29613495
v 1.26447237 -0.304410398 -1.34508979
v 1.17465734 -0.486563295 -1.02046037
v 1.11210573 -0.569716215 -0.962473094
v 1.06179202 -0.604092717 -0.876524329
v 1.0342015 -0.577497482 -0.790286779
v 0.849809051 -0.666002333 -0.605774343
v 1.32613051 -0.161366254 -1.29875016
v 1.31401742 -0.224797472 -1.21691513
v 1.27271771 -0.318383783 -1.23928308
v 1.24904013 -0.373803675 -1.13730586
v 0.918808341 -0.598907173 -0.647786796
v 0.779468358 -0.633309543 -0.52676785
v 0.451535642 -0.613454282 -0.29379347
v 1.34870839 -0.0639754683 -1.34172952
v 1.15486825 -0.472522914 -0.914981008
v 1.09711158 -0.525776207 -0.851211548
v 0.539071321 -0.606258154 -0.355241746
v 1.29485583 -0.277401268 -1.12992013
v 1.20787597 -0.407093734 -0.965162039
v 0.854047537 -0.567868531 -0.568687797
v 0.695676744 -0.659076452 -0.460887998
v 1.36590052 -0.100180469 -1.14367747
v 1.34286797 -0.151314408 -1.20612979
v 1.26215458 -0.32756564 -1.02208471
v 1.3342663 -0.185938135 -1.12987018
v 1.18643892 -0.399624318 -0.878350973
v 1.13668644 -0.437381119 -0.818133354
v 0.792128503 -0.541060209 -0.512516379
v 1.39224505 -0.0381792784 -1.06591904
v 1.35542297 -0.131074786 -1.0477457
v 1.31513226 -0.223769933 -1.0347147
v 1.28794014 -0.249633774 -0.932388365
v 1.23453856 -0.332288414 -0.902577341
v 0.718762457 -0.558752716 -0.469754785
v 0.628073156 -0.58282876 -0.415508121
v 0.550753415 -0.506275415 -0.385188341
v 1.33462286 -0.160976768 -0.948393226
v 1.1875174 -0.342219085 -0.795558214
v 0.93259728 -0.490140945 -0.599355876
v 0.473537594 -0.539185107 -0.341714054
v 1.37636161 -0.0717348978 -0.964492977
v 1.30606365 -0.186749652 -0.862618506
v 1.15466166 -0.315088302 -0.701127887
v 1.11265302 -0.391377509 -0.723465919
v 0.914206088 -0.402604848 -0.53513509
v 0.846006632 -0.475104868 -0.525839567
v 0.759822071 -0.469269246 -0.474590182
v 0.377332449 -0.526422679 -0.30487597
v 1.255849 -0.256259918 -0.828258514
v 1.02580655 -0.429017991 -0.64763552
v 0.656392097 -0.4668293 -0.428452969
v 1.09112263 -0.332077116 -0.634059489
v 0.725394011 -0.396270394 -0.441852927
v 1.21516466 -0.252585888 -0.725652933
v 1.28733361 -0.16407612 -0.757044852
v 1.15958381 -0.251819342 -0.631931186
v 1.08490753 -0.255573869 -0.550556242
v 1.29126859 -0.109039135 -0.663473964
v 1.23253763 -0.176734626 -0.647077739
v 0.913864732 -0.31058687 -0.479557633
v 0.818506241 -0.377000481 -0.471313924
v 0.559851646 -0.399787724 -0.395763129
v 0.451357961 -0.441647619 -0.363402933
v 0.39054504 -0.357711643 -0.371106863
v 0.334747255 -0.425253928 -0.341510117
v 1.257411 -0.10042239 -0.572210014
v 1.16953516 -0.170822695 -0.540315747
v 0.47739318 -0.332824856 -0.384069264
v 0.22700195 -0.410304964 -0.328950197
v 1.00318038 -0.169022471 -0.402698129
v 1.00083041 -0.247438028 -0.478217065
v 0.739353299 -0.313263655 -0.421704054
v 1.30130649 -0.0153293507 -0.497101903
v 1.14371896 -0.128591731 -0.450151712
v 0.917375267 -0.220389217 -0.416080654
v 0.828811765 -0.270842046 -0.423773229
v 0.652344406 -0.355050623 -0.413523763
v 1.21371472 -0.0866535231 -0.472937047
v 0.397841722 -0.268224418 -0.382885635
v 0.292972535 -0.318107307 -0.369434357
v 1.08182871 -0.182863027 -0.467603683
v 0.572030544 -0.296378762 -0.393019468
v 1.2416575 -0.0243709255 -0.394933343
v 0.215650648 -0.231290892 -0.386351168
v 1.0849911 -0.120997302 -0.38835007
v 0.662246048 -0.259407997 -0.392559111
v 1.16348112 -0.0750710815 -0.386397541
v 0.587180793 -0.200493112 -0.375047773
v 0.316506237 -0.202184945 -0.387642086
v 1.01183724 -0.101973228 -0.320464432
v 0.834701836 -0.182572052 -0.36822471
v 0.49408704 -0.232750401 -0.383211136
v 0.415892035 -0.164851949 -0.381580532
v 1.19039679 -0.0217474625 -0.30818668
v 0.748829782 -0.222215325 -0.384907722
v 1.13617301 -0.0152878165 -0.221441433
v 0.922064185 -0.141450226 -0.345311522
v 0.673924327 -0.171663687 -0.359781146
v 0.154244229 -0.151245922 -0.399095744
v 1.10267639 -0.0628510043 -0.307180166
v 0.754212558 -0.139946699 -0.335700214
v 0.245248184 -0.143653393 -0.395239949
v 0.606071353 -0.111687377 -0.340650886
v 1.02927661 -0.0432307422 -0.218109995
v 1.08845687 -0.00758013409 -0.142311156
v 0.928718925 -0.0755198002 -0.260897279
v 0.684124291 -0.101306587 -0.319716722
v 0.513744414 -0.135680705 -0.365458161
v 0.440533012 -0.0670410916 -0.361427605
v 0.837004483 -0.104037449 -0.299798369
v 0.330340326 -0.0855738595 -0.384832442
v 0.93641156 -0.0310608745 -0.177168533
v 0.086943306 -0.0693434477 -0.407803535
v -0.0105742216 0.0826844051 2.40603733
v 0.00208380446 -0.0475435555 2.40684438
v 0.0906062722 0.0369322337 2.40455794
v -0.00101947272 0.0905875266 -2.40911198
v 0.0991430506 -0.0549762212 -2.40741777
v 0.00224031648 -0.133598581 -2.40618205
v 0.0934022516 0.055203326 -2.40772223
v -0.110394806 0.130442306 2.40054727
v -0.160336271 -1.08878684 -1.92123735
v 1.13606477 0.395626396 -1.79922593
v 1.352494 -0.0815054625 1.29884267
v -1.47834456 0.248406991 0.629894793
v 1.23954248 0.969958067 0.954225957
v -0.536310673 -1.3180387 -0.191001788
v 0.789861262 -0.914967835 -1.66160131
v 0.91258806 -0.894825578 1.42958152
v 1.40190578 0.760859191 0.927226186
v -0.914911449 -0.905322134 -1.38566685
v 0.98622036 1.14722717 -0.859262228
v 1.50444424 0.376063347 -0.517210424
v 1.13981855 -0.567711592 -1.08700192
v -0.512706757 -1.39687014 0.414913386
v 0.266274899 -0.267841458 2.36122251
v 1.32004297 0.974850535 0.00819534995
v -0.327840567 -1.55962074 0.558323979
v -1.5061847 0.387760401 0.319204003
v -0.843184531 -0.00330771646 -2.13295364
v -0.813650548 -0.21447517 0.388424069
v 0.281533837 1.26098502 -1.03750837
v -1.34438241 0.122309737 -0.111775793
v -0.567490101 -1.10508144 -0.0308767017
v -1.5196104 0.540656924 -0.148921311
v 1.3699342 0.918200374 -0.308779597
v 1.17186177 1.07109225 0.601703525
v 1.30395985 0.903261185 0.949010551
v -0.210835397 0.315666735 -2.36549926
v 1.00592756 1.14342177 -0.662084222
v 0.111081578 1.27227747 -1.31490946
v 1.12476897 -0.395337552 1.65188873
v -0.420548558 0.265556663 -0.238209054
v -0.838111579 1.14596915 1.27626956
v 0.121411629 1.25556147 -1.42145109
v 1.19603431 -0.476568639 -1.14077425
v -1.43038869 0.722062171 -0.873063266
v 0.226997331 1.19441903 -1.60398614
v 1.09261298 0.16323559 1.89622486
v -1.45655811 0.61694175 -0.927695692
v 0.927073956 1.14074838 0.333817482
v 0.171361744 -0.580673754 -0.147500634
v -0.336928934 -1.49795246 1.06024253
v -0.486771345 0.356312782 0.00822536461
v -0.414838254 -1.01675951 1.90288651
v -0.700411916 -1.22317302 0.951486528
v -0.586629689 -1.30587041 -1.21762836
v 1.50372982 0.632179797 0.377820402
v -0.848069072 0.700161994 -1.91942918
v -0.498462528 0.632742107 2.16004205
v -0.208924279 1.2119354 -1.55761409
v -1.36856806 0.727111757 1.12097144
v 1.22019482 -0.415576041 -1.05673993
v 0.221343547 0.117914498 0.378957152
v -0.341685563 1.22449327 -1.45873225
v -1.07972157 -0.621303797 -1.47511613
v 1.13913608 -0.504522741 -1.48924839
v -0.40839684 1.25827801 1.19379354
v 1.44924486 0.803368092 0.175472334
v 0.784294903 -0.195039943 -2.14253974
v 0.0486540273 -1.60347164 0.863883793
v -0.773320735 0.0464644916 -2.18278766
v -0.755266249 -0.922300696 -1.69573116
v -0.368850499 0.873869836 2.02979398
v -0.539996266 0.229018033 2.28504968
v -0.424569547 -0.255201429 2.31584907
v 1.12349033 -0.59980464 1.31076944
v -0.4146384 -1.49252069 0.841448665
v 1.12832808 -0.155904397 0.474737763
v -0.756229222 1.19869721 1.14987314
v 0.292193264 -0.653847218 0.064758569
v 1.48935711 0.33620891 -0.359116316
v 0.977131307 0.879821599 -1.63387573
v -0.668204963 -1.26326704 -0.986553013
v 1.33704412 0.708361089 1.2408762
v -0.652307808 1.22450328 1.11409092
v -1.42821455 0.154670835 -1.19667041
v -1.44863868 0.263290584 -1.14726174
v -0.442415655 -0.154353753 2.32886028
v -0.327533036 -1.08473682 -1.87111723
v 0.275724292 -0.840884149 2.10766006
v -0.918933749 -0.367373973 0.519946635
v -1.13372612 -0.541647792 -1.43854976
v 1.12913465 0.696149647 1.63846576
v 1.37650692 0.473216385 -1.35551226
v 0.430213064 -0.727533698 -2.13025165
v -0.245769829 0.518240154 2.2865293
v -1.26689374 0.431444943 -1.59581947
v 0.771323025 -0.555551052 -2.01173449
v -0.839549124 0.436367244 -2.06728578
v 0.958625853 -0.650496721 1.71489799
v 1.36858642 0.42220521 1.39941478
v -0.852940381 1.17868686 1.07073367
v -1.16221857 0.701316655 1.5880748
v 0.169346973 -1.49194336 -1.25651896
v -0.640630722 -0.393065542 -2.17807841
v 1.21801388 -0.108744822 -1.66365945
v 0.606655598 0.70798558 2.06957817
v 0.0389456525 -1.41059673 1.48753142
v 1.2477237 -0.28720507 -1.44321632
v 0.222679317 -0.890276134 -2.08482742
v -0.0720263198 0.852605879 -2.09833813
v 1.02127528 -0.666047633 1.56846571
v -0.419235259 -1.46839154 0.998697162
v 0.0232186522 -1.49327219 1.30016673
v 0.209985554 0.392582834 2.34169769
v 0.18001771 0.488519967 2.31053448
v -0.4179326 -1.48142004 0.924278438
v 0.0564554147 1.22198439 1.5550487
v -1.30428326 0.695626199 1.33495533
v -0.244756192 -1.5152415 1.12591779
v -0.207350045 0.297993898 2.36304784
v -1.39172101 -0.032639645 -1.14826262
v -0.70616281 -0.425375342 -2.12395811
v -0.536824107 -1.21253955 -1.54131567
v 0.152841032 -0.269072056 2.38064766
v -0.697450817 0.815935135 -1.93307269
v 0.184219003 -1.45137739 -1.35634851
v -1.21296084 1.03946126 -0.649064541
v -0.377645075 1.23996794 -1.36943221
v -0.75934875 -0.562708735 2.01436925
v 1.19063735 0.827703536 1.39452374
v -1.28212559 0.976012886 -0.713080406
v -0.294864923 1.20202315 -1.55539763
v -1.27035391 -0.332630664 1.19701457
v 0.192754149 -1.40658438 -1.45230317
v -1.22354984 1.03679669 -0.548464835
v 0.834524274 -0.825817585 -1.71141231
v 1.22436452 0.844676256 1.30265403
v -1.29221284 -0.285830706 1.12503576
v 0.353990704 0.847474396 -0.321251571
v -0.228842199 -1.34182787 1.56208074
v -1.09030068 1.08850265 0.952653944
v 0.0769726858 1.03052449 -1.91385388
v -0.899971247 0.835546255 -1.75861073
v -0.0394115634 1.02048683 -1.92681634
v -0.285039276 1.12706089 -1.72643268
v -0.208054423 0.12857382 0.38033551
v -1.16364539 0.816387415 1.46004951
v 1.51109362 0.537120759 0.545464516
v -0.465585053 -0.700706005 2.12604094
v -1.26959848 0.799560845 1.27496803
v -0.277267754 1.25388455 -1.36313117
v -1.14280784 0.775665402 1.54174435
v -0.0552927218 1.08883679 -1.83277619
v -0.0321974903 -1.3891474 1.52996659
v 1.23692131 0.299692839 -1.6822722
v -0.0666360557 -1.65125239 0.334609509
v 0.519134343 -0.856953323 0.157940283
v 1.07218158 -0.592662513 1.54668915
v -0.561673224 1.23041534 0.927216232
v 0.770789385 0.655364752 -2.00766444
v 0.123716436 -0.706951082 2.21704459
v 0.180511028 1.03758061 -1.89300096
v 1.29817975 0.325496823 -1.57259965
v -0.325843781 0.430044532 2.30358505
v -0.371319652 0.0781295449 0.338924885
v -0.288003206 0.130916283 0.35742867
v -1.44211352 0.149684519 0.616493881
v 1.0196836 -0.605565667 1.65314662
v -0.0424109772 0.214169487 0.396586448
v 0.934451222 0.780171394 -1.78488243
v 0.334603965 0.0515745096 -2.37642288
v 0.0237667914 -1.65300536 0.371363491
v -0.920761526 0.89114666 1.67768228
v 0.257919163 0.0973919556 -2.38974524
v 0.877031505 0.826014042 -1.79392564
v -0.165325791 -1.63200057 0.279586554
v 0.489342064 -1.3554436 1.27072859
v 0.505372584 -0.778853297 0.219136372
v -0.0805115104 -1.65164721 0.260940641
v 1.06856096 -0.484246075 -0.752734303
v -1.50784039 0.465912223 0.68324697
v -1.25773811 0.534394443 -1.5611589
v -0.203030005 0.41026786 2.33398199
v 0.0337840244 -1.65033257 0.445013463
v 0.105562277 1.05582571 1.87438536
v -1.02986789 -0.338671952 -0.580994189
v -1.22963858 0.503269672 -1.62567317
v -1.40150702 0.0446372889 -1.23137414
v -0.290150255 -0.144257054 0.388930649
v -0.115654916 -1.20394409 1.80042827
v 1.16835177 -0.470391899 1.43649423
v 1.28373325 0.781164706 1.27251029
v -0.191137373 -1.23706055 1.73830438
v -0.297127366 -0.226057827 0.384163946
v 0.020518953 1.11324799 -1.79683411
v 1.24758351 0.78060919 1.35138178
v -0.0922088176 -0.278518528 2.38284874
v 0.944395959 0.605821013 1.90212703
v 0.992638707 -0.536232054 -0.694716692
v 0.968934655 -0.633122444 -0.736732721
v -1.05268383 0.696205497 -1.73323536
v 0.992058396 -0.614086926 -1.69709885
v -0.980784535 0.836200714 -1.67889071
v 1.2721175 0.802770257 -1.26707816
v -0.509655297 0.271514982 0.106418453
v -1.49477196 0.353660911 0.833051622
v -1.02184272 1.12058973 0.981752098
v -0.660372674 1.17391682 -0.627615988
v 0.489567995 0.325083792 -0.0770350471
v -1.50201714 0.407724082 0.756780863
v -0.950792432 1.1434176 1.05332911
v -0.579557657 1.16505718 -0.629497766
v 0.650747895 -1.27793562 -1.02974701
v -0.871857643 -0.750134468 -1.73625219
v -0.272006124 1.2660836 -1.28059042
v 1.00086272 -0.342810124 -0.5573228
v -0.688363552 -0.518800557 2.09019923
v 0.549291849 -1.23931313 -1.46142399
v 0.565501511 -0.588175476 -2.13753319
v -0.176364198 0.14297846 -2.39788604
v -0.678854287 1.03612077 -1.68985987
v -0.0904690921 0.124923818 -2.40625
v -0.622753024 1.02949786 -0.176380068
v 1.38765132 0.881910741 -0.512065232
v -0.275602281 0.344603688 2.34025908
v -0.264834106 0.0915603489 -2.38831592
v 0.030378677 -0.679408848 2.23814869
v -0.159755588 0.0538095161 -2.40361714
v 0.793087959 -1.01743615 -1.47891271
v 0.369747788 -0.273279488 2.33118558
v 0.0363427326 -1.41134977 -1.48264372
v 0.968383431 -0.416100979 -0.584839344
v 0.937451124 0.693017781 -1.85159433
v 1.07298553 0.617319405 -1.76695752
v -0.30005011 0.898767531 -0.394053787
v 0.0564737357 0.352959037 2.36543298
v 0.643744171 -1.10981357 -1.58233953
v 1.1946547 0.497735113 -1.67681992
v 1.4848876 0.425927132 -0.970371664
v -0.986455977 -0.701192439 1.5887959
v 0.11850743 -1.39836991 -1.49616086
v -0.35055986 -0.0912970006 2.36250401
v 1.35029042 -0.0952738225 -0.850849211
v -0.0951802209 0.0169719979 2.40497303
v -1.10592246 -0.638250172 1.19572747
v -0.360459685 -0.196684718 2.34683776
v -0.250093549 0.206267089 -2.37832475
v 0.542451143 -0.363698095 2.23714304
v -0.0712340027 0.0206235964 -2.40853906
v -0.205327466 -0.131862015 -2.39275861
v -0.138815925 -0.0506044403 -2.40448523
v 1.48048341 0.659677207 -0.667848468
v -0.0644046664 -0.230996475 -2.39548874
v -0.107194602 -0.0820865035 2.40348363
v -0.154435724 -0.0208782069 2.40095806
v 0.0619819909 0.325357884 -2.37537813
v -0.458233982 1.23756373 -1.31369257
v -0.313000202 -0.108029008 -2.37612128
v -0.119983822 -0.299742788 -2.37793112
v -0.28496176 -0.224174917 -2.36675954
v -0.166999131 -0.226937547 -2.38638878
v -0.394327372 -0.26474753 -2.32776237
v -0.492943764 1.06933022 -1.74630892
v -0.444421232 0.272169381 2.31257915
v -0.104208924 -0.14425534 -2.40197039
v -0.378609657 -0.174409702 -2.3488133
v -0.23519823 -0.0246044435 -2.39504361
v 0.211909264 -1.60921979 -0.555297256
v -0.311632872 0.154747665 -2.37213516
v 0.199044988 -0.0721373633 2.39447117
v 0.326546103 -0.173469394 2.36162138
v 1.00360346 -0.673612177 -0.838315785
v 0.946968675 -0.710565686 -0.768078327
v 0.222791389 1.0868659 -1.81066644
v 1.43534911 0.0912038162 0.780923724
v 0.25069955 1.12401593 -1.74038088
v 0.417128205 1.18942297 0.748587251
v 1.42912579 0.0782287866 1.06411541
v 0.109953731 0.418656677 2.34180522
v 1.4362365 0.0858836472 0.965984344
v -0.862164259 1.17031038 -1.11097729
v -0.356294155 -1.54336226 0.45365119
v 0.0775350183 -0.361528307 -2.36470914
v 0.124649301 -0.293539077 -2.37681985
v -0.237741113 -0.417287886 -2.33074379
v 0.292448193 0.458486736 2.30326533
v -0.557644904 1.20893967 -1.36320984
v 0.109381065 1.09273565 -1.82288492
v 0.238831908 0.29337579 2.36253333
v 0.297423959 0.358687431 2.33301687
v 0.464868784 -0.292238355 2.29055238
v 0.400291055 -0.336843699 2.30348039
v -0.285242528 0.262517154 2.35586524
v 0.168922544 1.1259681 -1.75570965
v 0.457770675 -1.25365424 -1.54667985
v -0.158976093 1.05057001 -1.87205446
v 0.578500867 -0.945533991 0.237943962
v 0.0493435673 -1.6231004 0.727972448
v -1.1069777 0.584485948 1.74428523
v 0.43260628 1.12068141 -1.68411016
v 0.601178646 0.170686543 0.065300867
v 0.0683798715 0.518905818 2.30433917
v -0.577438474 1.18750322 -0.711895347
v -0.578798711 -1.18314195 0.205862045
v 1.30202317 0.974928737 0.528368235
v 0.205127463 -0.156325057 2.38834357
v 0.0648214146 0.843024075 -0.447058439
v 0.00593009032 0.56503576 2.28231525
v 0.0436371975 -0.122287072 2.40232539
v -0.3695153 0.686863959 0.207764879
v 0.167682156 -1.63051093 -0.362924516
v 0.0300508849 0.731021404 -0.409315228
v -0.43832624 -1.47815657 0.429127127
v 1.44960845 0.163051412 -0.678741276
v 1.0480814 -0.0773640499 0.291707456
v -0.0022270882 0.922715545 -0.493604422
v -0.300087392 -0.667045712 0.027962843
v -0.1971277 0.542764664 -0.342204332
v -1.48894739 0.286929697 0.75420469
v 0.337192923 1.08828044 -1.77796733
v 0.169141501 0.690393329 2.20795131
v 0.117664807 -0.663596392 -2.24034023
v -0.0739559755 -1.64022636 -0.487684727
v -0.222938508 0.185090661 2.38227963
v -1.37821424 0.232128888 -1.39167345
v -0.0278170481 -0.171812117 2.4004209
v 0.0936665311 0.245961905 -2.38862348
v -0.543653488 -0.626377583 -0.343604177
v -0.220509022 -0.0712886527 2.3906436
v -1.47428715 0.544146001 0.904041767
v -0.325586855 0.228940591 -0.315341949
v -1.32388771 0.827911139 1.07122028
v 0.63644588 -0.557834983 2.10791779
v 0.563696802 -1.36780357 -0.73496902
v 0.33320573 -0.86460501 -2.07163906
v -0.0575979128 -0.0631820112 -2.40745044
g 
f 16 15 4717
f 2 16 4717
f 3714 17 4
f 3715 17 3714
f 18 17 3715
f 3716 18 3715
f 19 18 3716
f 3717 19 3716
f 3720 20 3719
f 21 20 3720
f 5 21 3720
f 3729 22 6
f 7 22 3729
f 8 3721 3732
f 3722 23 9
f 24 3722 3747
f 3723 24 3747
f 25 24 3723
f 3735 25 3723
f 3724 25 3735
f 26 3725 3766
f 3737 26 3766
f 11 26 3737
f 12 3738 3750
f 3751 27 53
f 13 68 3767
f 14 68 13
f 4880 28 15
f 3 29 16
f 30 29 3
f 4 30 3
f 17 30 4
f 18 31 17
f 3717 32 19
f 33 32 3717
f 3718 33 3717
f 33 3718 3719
f 35 34 22
f 7 35 22
f 3721 35 7
f 24 23 3722
f 3725 36 10
f 26 36 3725
f 11 37 26
f 4880 38 28
f 29 39 4880
f 40 39 29
f 30 40 29
f 41 40 30
f 17 41 30
f 31 41 17
f 18 42 31
f 19 42 18
f 32 42 19
f 21 43 20
f 44 43 21
f 5 44 21
f 6 44 5
f 45 44 6
f 22 45 6
f 34 45 22
f 3721 46 35
f 8 46 3721
f 23 47 9
f 48 47 23
f 24 48 23
f 25 49 24
f 3724 50 25
f 37 36 26
f 11 51 37
f 3738 52 11
f 12 52 3738
f 3767 54 27
f 55 70 38
f 4880 55 38
f 39 55 4880
f 40 56 39
f 57 56 40
f 41 57 40
f 58 57 41
f 31 58 41
f 42 58 31
f 60 59 32
f 32 59 42
f 33 60 32
f 61 60 33
f 20 61 33
f 43 61 20
f 44 62 43
f 35 63 34
f 46 63 35
f 79 63 46
f 65 64 46
f 8 65 46
f 47 65 9
f 9 65 8
f 24 49 48
f 25 50 49
f 3724 66 50
f 10 66 3724
f 36 67 10
f 11 52 51
f 68 54 3767
f 55 71 70
f 39 71 55
f 56 71 39
f 85 71 56
f 72 85 56
f 57 72 56
f 73 72 57
f 58 73 57
f 74 73 58
f 42 74 58
f 59 74 42
f 76 75 61
f 61 75 60
f 43 76 61
f 62 76 43
f 44 77 62
f 78 77 45
f 45 77 44
f 34 78 45
f 63 92 34
f 80 65 47
f 81 80 47
f 82 81 48
f 48 81 47
f 49 82 48
f 10 67 66
f 12 53 83
f 12 83 52
f 71 84 70
f 85 84 71
f 72 86 85
f 87 86 72
f 73 87 72
f 88 87 73
f 74 88 73
f 89 88 74
f 59 89 74
f 90 89 59
f 60 90 59
f 75 90 60
f 76 4869 75
f 91 4869 76
f 62 91 76
f 77 91 62
f 34 92 78
f 79 92 63
f 81 93 80
f 82 93 81
f 49 94 82
f 50 94 49
f 95 94 50
f 66 95 50
f 36 96 67
f 97 36 37
f 51 98 37
f 52 99 51
f 83 99 52
f 68 14 69
f 102 101 84
f 85 102 84
f 86 102 85
f 87 103 86
f 104 103 87
f 88 104 87
f 89 104 88
f 105 104 89
f 90 105 89
f 106 105 90
f 75 106 90
f 4869 106 75
f 108 107 91
f 77 108 91
f 78 108 77
f 92 109 78
f 110 109 92
f 79 110 92
f 111 110 79
f 64 111 79
f 112 111 64
f 80 112 64
f 65 80 64
f 82 113 93
f 94 113 82
f 95 114 94
f 66 115 95
f 67 115 66
f 96 4729 67
f 36 97 96
f 37 98 97
f 51 99 98
f 99 83 116
f 117 116 83
f 83 53 117
f 118 53 27
f 54 118 27
f 100 69 14
f 102 119 101
f 120 119 102
f 86 120 102
f 103 120 86
f 104 121 103
f 122 121 104
f 105 122 104
f 123 122 105
f 106 123 105
f 124 123 106
f 4869 124 106
f 109 4879 4884
f 78 109 4884
f 111 4790 110
f 93 112 80
f 113 125 93
f 114 125 113
f 94 114 113
f 95 126 114
f 115 126 95
f 97 127 96
f 54 128 118
f 129 128 54
f 68 129 54
f 130 69 100
f 120 132 119
f 133 132 120
f 103 133 120
f 121 133 103
f 122 134 121
f 135 134 122
f 123 135 122
f 150 135 123
f 124 150 123
f 136 150 124
f 107 136 124
f 4942 136 107
f 109 137 4879
f 138 137 4790
f 4790 139 138
f 111 139 4790
f 140 139 111
f 112 140 111
f 93 141 112
f 125 141 93
f 114 156 125
f 126 142 114
f 4729 96 127
f 97 4747 127
f 117 143 116
f 53 118 117
f 129 144 128
f 68 69 129
f 146 145 131
f 119 132 131
f 133 147 132
f 148 147 133
f 121 148 133
f 134 148 121
f 135 149 134
f 150 149 135
f 152 151 136
f 4942 152 136
f 137 153 4879
f 154 196 139
f 140 154 139
f 141 154 140
f 112 141 140
f 155 141 125
f 156 155 125
f 142 156 114
f 115 157 126
f 99 158 98
f 116 158 99
f 159 143 117
f 118 159 117
f 128 159 118
f 69 174 129
f 2431 2436 100
f 160 4509 145
f 146 160 145
f 161 160 146
f 147 161 146
f 162 161 148
f 134 149 162
f 163 150 151
f 150 163 149
f 164 4943 165
f 4943 164 152
f 166 165 4943
f 167 166 153
f 137 167 153
f 138 167 137
f 154 168 196
f 169 168 154
f 141 169 154
f 155 169 141
f 126 170 142
f 157 170 126
f 158 171 98
f 173 172 158
f 116 173 158
f 143 173 116
f 144 189 128
f 69 130 174
f 2436 130 100
f 160 175 4509
f 176 175 160
f 161 176 160
f 177 176 161
f 162 177 161
f 162 178 177
f 163 178 149
f 180 179 164
f 165 180 164
f 166 181 165
f 182 181 166
f 167 182 166
f 183 182 167
f 138 183 167
f 196 183 139
f 139 183 138
f 168 197 196
f 184 197 168
f 169 184 168
f 185 184 169
f 155 185 169
f 156 185 155
f 142 186 156
f 170 186 142
f 157 187 170
f 188 187 157
f 4729 188 157
f 127 188 4729
f 158 172 171
f 189 159 128
f 129 174 144
f 176 191 175
f 177 191 176
f 192 191 177
f 193 192 178
f 163 193 178
f 165 4947 180
f 181 4947 165
f 182 194 181
f 195 194 182
f 183 195 182
f 196 195 183
f 198 4913 184
f 185 198 184
f 199 198 185
f 156 199 185
f 186 199 156
f 170 200 186
f 187 200 170
f 188 201 187
f 202 201 188
f 127 202 188
f 4747 202 127
f 173 203 172
f 204 173 143
f 159 205 143
f 174 206 144
f 208 190 191
f 191 190 175
f 209 208 191
f 192 209 191
f 193 210 209
f 4720 210 193
f 4947 225 180
f 194 211 181
f 212 211 194
f 213 212 194
f 195 213 194
f 197 213 195
f 196 197 195
f 198 243 4913
f 214 243 198
f 199 214 198
f 215 214 199
f 186 215 199
f 200 215 186
f 201 216 187
f 217 216 201
f 202 217 201
f 218 217 202
f 4747 218 202
f 171 218 4747
f 143 205 204
f 159 189 205
f 144 219 189
f 206 219 144
f 130 220 174
f 130 2444 207
f 208 222 190
f 223 222 208
f 223 208 209
f 4864 224 210
f 210 224 209
f 225 4864 210
f 4720 225 210
f 4947 226 225
f 212 227 211
f 213 228 212
f 229 228 213
f 197 229 213
f 215 230 214
f 231 230 215
f 200 231 215
f 232 231 200
f 187 232 200
f 216 232 187
f 217 233 216
f 234 233 217
f 218 234 217
f 235 234 218
f 171 235 218
f 172 235 171
f 203 236 172
f 173 204 203
f 174 220 206
f 238 4572 221
f 222 238 221
f 223 238 222
f 239 238 223
f 224 239 223
f 4864 239 224
f 211 240 226
f 227 240 211
f 212 228 227
f 229 241 228
f 242 241 229
f 4913 242 229
f 243 242 4913
f 231 244 230
f 245 244 231
f 232 245 231
f 216 245 232
f 172 236 235
f 203 246 236
f 274 246 203
f 204 274 203
f 189 247 205
f 219 247 189
f 206 248 219
f 130 207 220
f 237 207 2444
f 238 249 4572
f 239 249 238
f 250 249 239
f 4864 250 239
f 240 4872 226
f 227 251 240
f 228 252 4802
f 241 252 228
f 242 253 241
f 254 253 242
f 243 254 242
f 255 254 243
f 214 255 243
f 230 255 214
f 216 256 245
f 233 256 216
f 234 257 233
f 258 257 234
f 235 258 234
f 236 258 235
f 259 274 204
f 260 259 205
f 205 259 204
f 247 260 205
f 219 261 247
f 248 261 219
f 206 262 248
f 220 262 206
f 207 263 220
f 237 264 207
f 249 265 4572
f 250 279 249
f 266 279 250
f 4872 266 250
f 267 266 4872
f 240 267 4872
f 268 267 251
f 251 267 240
f 4802 268 251
f 241 269 252
f 253 269 241
f 254 285 253
f 270 285 254
f 255 270 254
f 271 270 255
f 230 271 255
f 244 271 230
f 245 272 244
f 256 272 245
f 236 273 258
f 246 273 236
f 259 260 274
f 247 275 260
f 261 275 247
f 277 276 248
f 262 277 248
f 263 262 220
f 207 264 263
f 237 2459 264
f 279 278 265
f 249 279 265
f 266 280 279
f 281 280 266
f 267 281 266
f 268 281 267
f 4802 282 268
f 283 282 4802
f 252 283 4802
f 269 283 252
f 285 284 253
f 253 284 269
f 271 286 270
f 287 286 271
f 244 287 271
f 272 287 244
f 233 288 256
f 257 288 233
f 258 289 257
f 273 289 258
f 246 302 273
f 274 302 246
f 248 276 261
f 262 290 277
f 263 290 262
f 279 291 278
f 280 291 279
f 292 291 280
f 281 292 280
f 293 292 281
f 268 293 281
f 282 293 268
f 283 294 282
f 295 294 283
f 269 295 283
f 284 295 269
f 285 296 284
f 297 296 285
f 270 297 285
f 286 297 270
f 287 298 286
f 299 298 287
f 272 299 287
f 300 299 272
f 256 300 272
f 288 300 256
f 257 301 288
f 289 301 257
f 316 302 274
f 260 316 274
f 304 303 275
f 261 304 275
f 276 304 261
f 277 305 276
f 264 290 263
f 306 4611 4595
f 278 306 4595
f 291 306 278
f 292 307 291
f 282 308 293
f 294 308 282
f 284 309 295
f 296 309 284
f 297 310 296
f 298 310 297
f 286 298 297
f 299 311 298
f 312 311 299
f 300 312 299
f 313 312 300
f 288 313 300
f 301 313 288
f 289 314 301
f 273 314 289
f 315 314 273
f 302 315 273
f 275 317 260
f 4758 277 290
f 319 318 290
f 264 319 290
f 264 320 319
f 306 329 4611
f 291 307 306
f 293 321 292
f 308 321 293
f 294 322 308
f 323 322 294
f 4948 323 309
f 295 323 294
f 309 323 295
f 296 324 309
f 298 325 310
f 301 326 4933
f 314 326 301
f 315 4743 314
f 302 327 315
f 316 327 302
f 260 317 316
f 275 303 317
f 304 338 303
f 276 338 304
f 277 4758 305
f 319 328 318
f 307 329 306
f 321 330 307
f 292 321 307
f 308 331 321
f 322 331 308
f 323 345 322
f 309 324 4948
f 296 310 324
f 325 347 310
f 298 311 325
f 312 332 311
f 313 333 312
f 326 333 4933
f 334 4743 315
f 327 334 315
f 336 335 327
f 316 336 327
f 317 336 316
f 303 337 317
f 276 339 338
f 305 339 276
f 318 340 4758
f 341 340 318
f 328 341 318
f 342 328 319
f 320 342 319
f 330 329 307
f 322 344 331
f 345 344 322
f 4948 345 323
f 346 345 4948
f 310 347 324
f 325 348 347
f 358 348 4961
f 4961 332 358
f 332 4961 311
f 312 333 332
f 326 349 333
f 327 335 334
f 317 337 336
f 339 350 338
f 305 351 339
f 340 351 305
f 342 352 328
f 2477 342 320
f 2461 2477 320
f 329 353 343
f 330 353 329
f 321 354 330
f 331 354 321
f 344 355 331
f 345 356 344
f 347 357 324
f 332 359 358
f 333 359 332
f 326 360 349
f 361 360 4743
f 334 361 4743
f 336 4734 335
f 337 4734 336
f 303 362 337
f 338 362 303
f 340 363 351
f 341 363 340
f 328 364 341
f 352 364 328
f 342 365 352
f 2477 365 342
f 354 366 330
f 355 366 354
f 331 355 354
f 344 356 355
f 345 346 356
f 357 367 379
f 367 357 347
f 348 367 347
f 358 368 348
f 349 359 333
f 361 397 360
f 334 369 361
f 370 369 335
f 335 369 334
f 4734 370 335
f 372 371 337
f 362 372 337
f 350 372 362
f 338 350 362
f 351 373 350
f 339 351 350
f 341 374 363
f 364 374 341
f 352 375 364
f 376 375 352
f 365 376 352
f 330 366 353
f 356 393 392
f 346 378 356
f 379 378 346
f 357 379 346
f 367 380 394
f 348 380 367
f 381 380 368
f 380 348 368
f 395 381 368
f 382 395 359
f 395 368 358
f 349 382 359
f 383 382 349
f 397 383 360
f 361 384 397
f 370 384 369
f 369 384 361
f 372 385 371
f 386 385 372
f 350 386 372
f 373 386 350
f 351 387 373
f 351 363 387
f 388 387 363
f 364 389 374
f 375 389 364
f 365 390 376
f 391 377 392
f 392 377 366
f 356 378 393
f 379 404 378
f 417 395 382
f 396 417 382
f 383 396 382
f 397 396 383
f 384 398 397
f 370 399 384
f 4734 400 370
f 374 388 363
f 376 401 375
f 390 401 376
f 391 402 377
f 392 393 391
f 403 393 378
f 404 403 378
f 394 404 379
f 380 405 394
f 395 406 381
f 406 395 417
f 370 407 399
f 400 407 370
f 408 407 400
f 371 408 400
f 385 408 371
f 386 409 385
f 410 409 386
f 373 410 386
f 387 410 373
f 388 411 387
f 374 412 388
f 389 412 374
f 375 413 389
f 401 413 375
f 390 414 401
f 391 415 402
f 393 416 391
f 403 416 393
f 380 4730 405
f 381 4730 380
f 381 426 4730
f 397 418 396
f 398 418 397
f 399 427 398
f 410 419 409
f 387 411 410
f 412 420 4744
f 389 421 412
f 413 421 389
f 423 422 413
f 401 423 413
f 414 423 401
f 390 2498 414
f 391 416 415
f 403 5023 416
f 404 5023 403
f 424 5023 404
f 394 424 404
f 405 424 394
f 425 424 405
f 4730 425 405
f 406 426 381
f 396 437 417
f 398 427 418
f 408 4776 407
f 428 4776 408
f 429 428 408
f 385 429 408
f 409 429 385
f 419 430 409
f 420 431 4744
f 421 432 420
f 412 421 420
f 413 422 421
f 2498 433 414
f 424 434 5023
f 425 434 424
f 406 435 426
f 417 436 406
f 437 436 417
f 418 437 396
f 399 438 427
f 407 438 399
f 429 430 428
f 409 430 429
f 419 439 430
f 5014 439 419
f 411 431 5014
f 420 440 431
f 432 440 420
f 421 441 432
f 421 422 441
f 442 441 422
f 443 442 422
f 423 443 422
f 444 443 423
f 414 444 423
f 433 444 414
f 2509 433 2498
f 415 446 445
f 416 446 415
f 434 447 5023
f 425 448 434
f 426 4789 449
f 451 450 437
f 418 451 437
f 427 451 418
f 438 452 427
f 428 454 4776
f 455 454 428
f 430 455 428
f 439 456 430
f 5014 457 439
f 458 457 5014
f 431 458 5014
f 440 458 431
f 441 465 432
f 442 459 441
f 443 460 442
f 444 461 443
f 462 461 444
f 433 462 444
f 469 462 433
f 2509 469 433
f 446 488 445
f 434 463 447
f 448 463 434
f 425 449 448
f 406 436 435
f 437 450 436
f 427 452 451
f 438 464 452
f 4776 454 453
f 430 456 455
f 432 465 440
f 459 465 441
f 467 466 459
f 442 467 459
f 460 467 442
f 443 461 460
f 462 468 461
f 487 468 462
f 469 487 462
f 447 470 446
f 463 471 447
f 472 471 463
f 448 472 463
f 474 473 4789
f 435 474 4789
f 436 475 435
f 451 476 450
f 452 476 451
f 477 476 452
f 464 477 452
f 438 453 464
f 478 453 454
f 455 478 454
f 439 479 456
f 480 479 457
f 457 479 439
f 481 480 457
f 482 481 458
f 458 481 457
f 483 482 440
f 440 482 458
f 465 483 440
f 459 4723 465
f 466 4723 459
f 467 484 466
f 460 485 467
f 486 485 460
f 461 486 460
f 468 486 461
f 446 470 488
f 471 470 447
f 473 472 448
f 449 473 448
f 435 475 474
f 436 450 475
f 477 510 476
f 464 489 477
f 490 489 464
f 453 490 464
f 478 490 453
f 455 491 478
f 456 491 455
f 480 501 479
f 479 501 456
f 482 492 481
f 483 492 482
f 465 4723 483
f 467 485 484
f 486 493 485
f 494 493 486
f 468 494 486
f 495 494 468
f 487 495 468
f 496 495 487
f 470 4670 488
f 473 497 472
f 474 498 473
f 499 498 474
f 475 499 474
f 450 500 475
f 476 500 450
f 491 4765 478
f 501 491 456
f 481 502 480
f 492 502 481
f 466 503 4723
f 484 504 466
f 505 504 484
f 485 505 484
f 493 505 485
f 507 506 493
f 494 507 493
f 495 507 494
f 508 507 495
f 496 508 495
f 470 471 4670
f 472 509 471
f 473 498 497
f 500 499 475
f 476 510 500
f 489 536 477
f 490 536 489
f 480 511 501
f 502 511 480
f 492 512 502
f 513 512 492
f 483 513 492
f 515 514 504
f 466 514 503
f 504 514 466
f 505 516 504
f 517 516 505
f 493 517 505
f 506 517 493
f 507 518 506
f 519 518 507
f 508 519 507
f 508 531 519
f 496 532 508
f 509 520 471
f 497 509 472
f 498 521 497
f 500 522 499
f 510 522 500
f 477 523 510
f 490 524 536
f 491 525 4765
f 501 525 491
f 502 526 511
f 512 526 502
f 527 4727 513
f 4745 527 513
f 503 527 4745
f 516 515 504
f 517 528 516
f 506 528 517
f 519 529 518
f 530 529 519
f 531 530 519
f 532 531 508
f 471 520 4670
f 509 547 520
f 499 533 498
f 534 533 499
f 522 534 499
f 510 535 522
f 523 535 510
f 477 536 523
f 4765 537 524
f 525 537 4765
f 538 4857 525
f 501 538 525
f 511 538 501
f 551 526 512
f 540 539 527
f 503 540 527
f 514 540 503
f 515 541 514
f 515 4846 541
f 528 542 516
f 516 542 515
f 529 543 518
f 506 543 528
f 518 543 506
f 530 544 529
f 531 545 530
f 546 545 531
f 532 546 531
f 4670 520 4680
f 497 547 509
f 521 547 497
f 533 560 521
f 498 533 521
f 536 548 523
f 537 549 524
f 4857 537 525
f 550 575 538
f 511 550 538
f 526 550 511
f 551 550 526
f 552 4727 527
f 540 553 539
f 541 553 540
f 514 541 540
f 528 554 542
f 555 554 528
f 543 555 528
f 556 555 543
f 529 556 543
f 544 556 529
f 530 557 544
f 545 557 530
f 558 557 545
f 546 558 545
f 598 559 547
f 547 559 520
f 561 560 533
f 534 561 533
f 535 534 522
f 562 585 535
f 523 562 535
f 548 562 523
f 563 548 536
f 524 563 536
f 549 563 524
f 4857 564 549
f 537 4857 549
f 550 565 575
f 551 565 550
f 539 566 552
f 553 566 539
f 541 4901 553
f 555 567 554
f 568 567 555
f 556 568 555
f 544 569 556
f 557 569 544
f 558 570 557
f 559 4680 520
f 547 571 598
f 521 571 547
f 572 561 534
f 535 572 534
f 573 585 562
f 548 573 562
f 563 574 548
f 551 576 565
f 577 576 551
f 4727 577 551
f 552 577 4727
f 553 4792 566
f 4901 4792 553
f 579 578 4839
f 554 579 4839
f 567 579 554
f 568 580 567
f 581 580 568
f 556 581 568
f 569 581 556
f 582 569 583
f 557 583 569
f 570 583 557
f 560 571 521
f 535 585 572
f 574 573 548
f 586 574 563
f 549 586 563
f 564 586 549
f 4857 587 564
f 565 588 575
f 576 588 565
f 590 589 576
f 577 590 576
f 591 590 577
f 552 591 577
f 566 591 552
f 631 592 578
f 594 593 578
f 579 594 578
f 595 594 579
f 567 595 579
f 580 595 567
f 581 596 580
f 582 596 581
f 569 582 581
f 583 610 582
f 597 610 583
f 570 597 583
f 584 597 570
f 559 598 4691
f 560 599 571
f 586 600 574
f 564 616 586
f 587 601 564
f 575 602 587
f 588 602 575
f 576 603 588
f 590 604 589
f 605 604 590
f 591 605 590
f 606 605 591
f 566 606 591
f 4792 606 566
f 607 4801 595
f 580 607 595
f 596 607 580
f 609 608 596
f 582 609 596
f 610 609 582
f 612 611 610
f 597 612 610
f 613 612 597
f 584 613 597
f 571 614 598
f 561 599 560
f 572 639 561
f 585 639 572
f 573 627 585
f 574 615 573
f 600 615 574
f 586 616 600
f 601 616 564
f 587 617 601
f 602 617 587
f 588 603 602
f 576 589 603
f 605 653 604
f 618 653 605
f 606 618 605
f 619 618 606
f 4792 619 606
f 594 620 593
f 607 621 4801
f 622 621 607
f 596 622 607
f 608 622 596
f 609 623 608
f 611 623 609
f 610 611 609
f 612 624 611
f 625 624 612
f 613 625 612
f 2617 625 613
f 584 2617 613
f 571 599 614
f 561 626 599
f 573 615 627
f 602 628 617
f 603 628 602
f 618 629 653
f 630 629 618
f 619 630 618
f 631 630 619
f 592 631 619
f 4801 632 620
f 621 632 4801
f 622 633 621
f 634 633 622
f 608 634 622
f 623 634 608
f 611 635 623
f 624 635 611
f 625 636 624
f 2627 636 625
f 2617 2627 625
f 598 637 4693
f 599 638 614
f 639 626 561
f 616 640 600
f 601 640 616
f 603 641 628
f 642 641 603
f 589 642 603
f 604 642 589
f 644 4809 630
f 631 644 630
f 645 644 631
f 593 645 631
f 620 645 593
f 621 646 632
f 658 646 633
f 633 646 621
f 4907 658 633
f 634 4907 633
f 647 4907 634
f 623 647 634
f 635 647 623
f 624 648 635
f 649 648 624
f 636 649 624
f 2650 636 2627
f 614 637 598
f 585 650 639
f 627 650 585
f 642 651 641
f 604 652 642
f 653 652 604
f 643 653 629
f 655 654 4809
f 644 655 4809
f 656 655 644
f 645 656 644
f 657 656 645
f 620 657 645
f 632 657 620
f 4907 659 658
f 661 660 647
f 635 661 647
f 648 661 635
f 662 4815 649
f 636 662 649
f 2650 662 636
f 638 637 614
f 639 663 626
f 650 663 639
f 615 664 627
f 600 665 615
f 640 665 600
f 666 696 601
f 617 666 601
f 628 666 617
f 642 652 651
f 653 667 652
f 643 667 653
f 629 668 643
f 655 669 654
f 670 669 655
f 656 670 655
f 671 670 656
f 657 671 656
f 672 671 657
f 632 672 657
f 646 672 632
f 659 703 658
f 660 673 659
f 674 673 660
f 675 674 660
f 661 675 660
f 676 675 661
f 648 676 661
f 662 677 4815
f 678 677 662
f 599 679 638
f 626 679 599
f 650 746 663
f 627 680 650
f 664 680 627
f 665 664 615
f 681 696 666
f 682 681 666
f 628 682 666
f 641 682 628
f 643 683 667
f 668 683 643
f 4809 654 668
f 670 684 669
f 685 684 670
f 671 685 670
f 686 685 671
f 672 686 671
f 687 686 672
f 646 687 672
f 658 687 646
f 703 687 658
f 674 688 673
f 689 688 674
f 675 689 674
f 690 689 675
f 676 690 675
f 691 690 676
f 4815 691 676
f 677 691 4815
f 692 4702 637
f 626 663 679
f 680 746 650
f 665 694 664
f 695 694 665
f 640 695 665
f 696 695 640
f 601 696 640
f 697 681 682
f 698 697 682
f 641 698 682
f 651 698 641
f 699 698 651
f 652 699 651
f 667 699 652
f 685 700 684
f 701 700 685
f 686 701 685
f 702 701 686
f 687 702 686
f 703 702 687
f 673 704 659
f 659 704 703
f 689 705 688
f 706 705 689
f 690 706 689
f 707 706 690
f 691 707 690
f 708 707 691
f 677 708 691
f 709 708 677
f 678 709 677
f 638 692 637
f 693 692 638
f 638 679 693
f 664 710 680
f 694 710 664
f 698 711 697
f 699 711 698
f 713 712 699
f 667 713 699
f 683 713 667
f 668 714 683
f 654 714 668
f 716 715 701
f 701 715 700
f 717 716 701
f 702 717 701
f 718 717 702
f 703 718 702
f 704 718 703
f 673 719 704
f 688 719 673
f 706 720 705
f 721 720 706
f 707 721 706
f 722 721 707
f 708 722 707
f 723 722 708
f 709 723 708
f 724 723 709
f 679 725 693
f 663 725 679
f 694 761 710
f 696 726 695
f 681 726 696
f 712 711 699
f 713 727 712
f 683 727 713
f 654 728 714
f 669 728 654
f 717 4756 716
f 729 4756 717
f 718 729 717
f 730 729 718
f 704 730 718
f 719 730 704
f 688 731 719
f 705 731 688
f 721 732 720
f 733 732 721
f 722 733 721
f 734 733 722
f 723 734 722
f 2707 734 723
f 724 2707 723
f 694 735 761
f 695 735 694
f 726 735 695
f 683 736 727
f 714 736 683
f 728 736 714
f 669 737 728
f 684 737 669
f 700 738 684
f 715 738 700
f 729 739 4756
f 740 739 729
f 730 740 729
f 741 740 730
f 719 741 730
f 731 741 719
f 705 742 731
f 720 743 742
f 732 743 720
f 733 744 732
f 745 744 733
f 734 745 733
f 680 760 746
f 710 760 680
f 726 747 735
f 4984 747 726
f 681 4984 726
f 4984 681 697
f 4989 748 697
f 736 749 727
f 750 749 736
f 728 750 736
f 738 751 737
f 684 738 737
f 716 752 715
f 740 753 739
f 754 753 740
f 741 754 740
f 755 754 741
f 731 755 741
f 742 755 731
f 743 756 769
f 757 756 743
f 732 757 743
f 744 757 732
f 745 772 744
f 4995 745 734
f 692 758 3540
f 746 725 663
f 727 762 712
f 749 762 727
f 728 763 750
f 737 763 728
f 738 764 751
f 765 764 738
f 715 765 738
f 4756 766 752
f 739 766 4756
f 767 803 753
f 754 767 753
f 768 767 754
f 755 768 754
f 769 768 755
f 742 769 755
f 757 770 756
f 771 770 757
f 744 771 757
f 772 771 744
f 4998 773 772
f 774 773 4998
f 2742 774 4998
f 4823 2742 4998
f 693 759 692
f 725 759 693
f 746 775 725
f 710 776 760
f 735 3444 761
f 712 4987 711
f 762 4987 712
f 750 777 749
f 737 751 763
f 715 752 765
f 803 739 753
f 778 767 768
f 779 778 768
f 769 779 768
f 780 779 769
f 756 780 769
f 770 780 756
f 772 781 771
f 773 781 772
f 774 782 773
f 760 775 746
f 761 776 710
f 4984 783 747
f 762 785 4987
f 749 3446 762
f 763 786 750
f 787 786 763
f 751 787 763
f 788 787 764
f 789 788 764
f 765 789 764
f 790 789 765
f 752 790 765
f 791 790 752
f 766 791 752
f 767 792 803
f 779 793 778
f 794 793 779
f 780 794 779
f 795 794 780
f 770 795 780
f 796 795 770
f 771 796 770
f 781 796 771
f 773 797 781
f 798 797 782
f 782 797 773
f 774 799 782
f 759 758 692
f 747 3444 735
f 783 3445 747
f 786 777 750
f 787 800 786
f 791 801 790
f 802 791 766
f 739 802 766
f 803 802 739
f 778 792 767
f 804 796 781
f 797 804 781
f 805 804 797
f 798 805 797
f 4931 4714 4958
f 819 4935 806
f 807 819 806
f 4045 820 807
f 808 820 4045
f 4779 821 808
f 4779 843 821
f 823 811 4035
f 824 823 4035
f 4036 824 4035
f 825 824 4036
f 4037 825 4036
f 826 825 4037
f 812 826 4037
f 4830 827 4897
f 4038 827 4830
f 828 827 4038
f 4050 828 4038
f 814 828 4050
f 816 815 4053
f 4092 4041 816
f 4093 829 4041
f 817 829 4093
f 818 829 817
f 4066 840 4054
f 4929 3739 4931
f 819 830 4978
f 831 830 819
f 807 831 819
f 820 831 807
f 808 832 820
f 821 832 808
f 809 843 4737
f 822 833 809
f 810 822 4046
f 825 834 824
f 814 835 828
f 4040 836 4039
f 829 837 4041
f 4054 839 818
f 4956 3739 4929
f 820 842 831
f 832 842 820
f 4737 843 4779
f 833 843 809
f 811 844 810
f 823 844 811
f 824 845 823
f 834 845 824
f 825 826 834
f 812 846 826
f 813 846 812
f 4897 847 813
f 827 4794 4897
f 828 848 827
f 835 848 828
f 814 4039 835
f 816 849 815
f 818 839 838
f 840 839 4054
f 4042 840 4066
f 851 850 841
f 830 851 841
f 852 851 830
f 831 852 830
f 842 852 831
f 832 853 842
f 854 853 832
f 821 854 832
f 855 854 821
f 843 855 821
f 833 855 843
f 822 856 833
f 857 856 822
f 810 857 822
f 844 857 810
f 826 846 858
f 847 846 813
f 4897 4794 847
f 827 859 4794
f 848 859 827
f 4039 860 835
f 836 860 4039
f 4040 861 836
f 815 861 4040
f 816 837 849
f 4041 837 816
f 862 837 829
f 818 838 829
f 863 3781 850
f 851 863 850
f 864 863 851
f 852 864 851
f 865 864 852
f 842 865 852
f 853 865 842
f 879 853 854
f 867 866 854
f 855 867 854
f 868 867 855
f 833 868 855
f 856 868 833
f 844 869 857
f 870 869 844
f 823 870 844
f 845 870 823
f 872 871 834
f 834 871 845
f 826 872 834
f 858 872 826
f 846 5034 858
f 847 5034 846
f 835 873 848
f 860 873 835
f 836 874 860
f 861 874 836
f 849 861 815
f 840 875 839
f 4042 876 840
f 864 877 863
f 878 877 864
f 865 878 864
f 879 878 865
f 853 879 865
f 867 880 866
f 881 880 867
f 868 881 867
f 882 881 868
f 856 882 868
f 883 882 856
f 857 883 856
f 869 883 857
f 870 884 869
f 845 885 870
f 871 885 845
f 872 886 871
f 887 886 872
f 858 887 872
f 5034 887 858
f 4794 888 847
f 848 889 859
f 873 889 848
f 874 890 860
f 849 891 861
f 892 891 849
f 837 892 849
f 838 862 829
f 839 893 838
f 3781 895 894
f 895 3781 863
f 877 895 863
f 897 896 878
f 878 896 877
f 879 897 878
f 898 897 879
f 866 898 879
f 880 898 866
f 881 4807 880
f 899 4807 881
f 882 899 881
f 900 899 882
f 883 900 882
f 901 900 883
f 869 901 883
f 884 901 869
f 870 885 884
f 902 885 871
f 886 902 871
f 859 889 4795
f 873 904 889
f 860 905 873
f 890 905 860
f 906 890 874
f 907 906 874
f 861 907 874
f 891 907 861
f 837 908 892
f 862 908 837
f 875 893 839
f 840 876 875
f 910 909 894
f 911 910 895
f 895 910 894
f 877 911 895
f 896 911 877
f 897 912 896
f 913 912 897
f 898 913 897
f 914 913 898
f 880 914 898
f 4807 914 880
f 916 915 899
f 900 916 899
f 917 916 900
f 901 917 900
f 884 917 901
f 918 917 884
f 885 918 884
f 902 918 885
f 919 4805 886
f 887 919 886
f 920 919 887
f 5034 920 887
f 921 920 5034
f 903 921 888
f 4795 922 903
f 923 922 4795
f 889 923 4795
f 904 923 889
f 873 905 904
f 891 924 907
f 908 943 892
f 862 925 908
f 926 925 862
f 838 926 862
f 4740 926 838
f 927 876 2783
f 4042 2783 876
f 929 928 909
f 910 929 909
f 929 910 911
f 930 929 911
f 896 930 911
f 912 930 896
f 931 930 912
f 913 931 912
f 932 931 913
f 914 932 913
f 933 932 914
f 4807 933 914
f 934 933 915
f 935 934 915
f 916 935 915
f 936 935 916
f 917 936 916
f 937 936 917
f 918 937 917
f 902 938 918
f 920 939 919
f 921 939 920
f 904 940 923
f 905 940 904
f 890 941 905
f 906 941 890
f 907 924 906
f 892 942 891
f 945 944 928
f 929 945 928
f 946 945 929
f 930 946 929
f 931 946 930
f 933 947 932
f 934 947 933
f 935 948 934
f 949 948 935
f 936 949 935
f 950 949 936
f 937 950 936
f 938 950 937
f 918 938 937
f 919 951 4805
f 952 951 939
f 939 951 919
f 953 952 939
f 921 953 939
f 903 953 921
f 922 954 903
f 923 954 922
f 905 955 940
f 941 955 905
f 891 942 924
f 943 942 892
f 943 908 925
f 893 4740 838
f 876 956 875
f 958 944 945
f 958 945 946
f 959 958 946
f 931 959 946
f 960 959 931
f 932 947 960
f 948 4766 934
f 977 949 950
f 961 977 950
f 938 961 950
f 962 4891 951
f 951 4891 4805
f 952 962 951
f 953 963 952
f 964 963 953
f 903 964 953
f 954 964 903
f 923 965 954
f 940 965 923
f 941 966 955
f 942 967 924
f 926 968 925
f 875 969 893
f 956 969 875
f 876 927 956
f 972 971 957
f 944 972 957
f 958 972 944
f 973 972 958
f 959 973 958
f 974 973 959
f 960 975 974
f 949 977 4910
f 961 978 977
f 979 978 961
f 4891 979 961
f 962 979 4891
f 952 1011 962
f 963 1011 952
f 964 994 963
f 954 980 964
f 965 980 954
f 940 981 965
f 955 981 940
f 924 982 906
f 967 982 924
f 942 983 967
f 943 983 942
f 925 984 943
f 968 984 925
f 926 4740 968
f 1017 956 927
f 972 985 971
f 986 985 972
f 4834 986 973
f 973 986 972
f 974 4834 973
f 4766 987 975
f 988 987 4766
f 977 989 4910
f 990 989 978
f 978 989 977
f 991 990 978
f 979 991 978
f 992 991 979
f 962 992 979
f 1011 992 962
f 963 993 1011
f 994 993 963
f 980 994 964
f 965 995 980
f 966 996 981
f 955 966 981
f 941 997 966
f 906 997 941
f 983 998 967
f 999 998 983
f 943 999 983
f 4740 1000 968
f 956 1001 969
f 1017 1001 956
f 1003 1002 985
f 986 1003 985
f 1004 1003 986
f 4834 1004 986
f 1005 1004 4834
f 1006 1005 987
f 1006 988 4852
f 989 990 1007
f 991 1008 990
f 1009 1008 991
f 1010 1009 992
f 992 1009 991
f 1011 1010 992
f 994 1012 993
f 980 1012 994
f 965 1013 995
f 981 1013 965
f 996 1013 981
f 966 1014 996
f 997 1014 966
f 906 982 997
f 943 984 999
f 968 1015 984
f 1000 1015 968
f 1003 1019 1002
f 1020 1019 1003
f 1004 1020 1003
f 1005 1020 1004
f 1021 1020 1005
f 1006 1021 1005
f 4912 1023 1022
f 1007 1023 4912
f 989 1007 4912
f 1025 1024 1007
f 990 1025 1007
f 1008 1025 990
f 1009 1026 1008
f 1010 1026 1009
f 1011 1027 1010
f 993 1027 1011
f 980 1028 1012
f 995 1028 980
f 4757 1028 995
f 1013 4757 995
f 997 1029 1014
f 982 1029 997
f 967 1030 982
f 998 1030 967
f 984 1031 999
f 1000 1016 1015
f 1000 1032 1016
f 969 1032 1000
f 1001 1032 969
f 1033 1047 1017
f 970 1033 1017
f 2796 1018 970
f 4930 1048 1019
f 1021 1034 1020
f 1022 1034 1021
f 1006 4852 1021
f 1023 1035 1022
f 1024 1035 1023
f 1007 1024 1023
f 1025 1036 1024
f 1037 1036 1025
f 1008 1037 1025
f 1026 1037 1008
f 1010 1038 1026
f 1039 1038 1010
f 1027 1039 1010
f 1040 1039 1027
f 993 1040 1027
f 1056 1040 1012
f 1028 1056 1012
f 1041 1056 1028
f 4757 1041 1028
f 1043 1042 996
f 1014 1043 996
f 1029 1044 1014
f 982 1030 1029
f 984 1015 1031
f 1016 1045 1015
f 1001 1046 1032
f 1047 1001 1017
f 970 1018 1033
f 4930 1049 1048
f 1050 1049 4930
f 1034 1050 4930
f 1051 1050 1034
f 1022 1051 1034
f 1035 1051 1022
f 1024 1052 1035
f 1036 1052 1024
f 1037 1053 1036
f 1054 1053 1037
f 1026 1054 1037
f 1038 1054 1026
f 1039 1069 1038
f 1055 1069 1039
f 1040 1055 1039
f 1056 1055 1040
f 1042 4754 4757
f 1043 1044 1057
f 1044 1043 1014
f 1029 1058 1044
f 1030 1058 1029
f 998 1059 1030
f 1060 1059 998
f 1061 1060 998
f 999 1061 998
f 1031 1061 999
f 1062 1061 1031
f 1063 1062 1031
f 1015 1063 1031
f 1045 1063 1015
f 1001 1047 1046
f 1076 1033 1018
f 1049 3905 1048
f 1065 1064 1050
f 1051 1065 1050
f 1066 1065 1051
f 1035 1066 1051
f 1052 1066 1035
f 1036 1067 1052
f 1053 1067 1036
f 1038 1068 1054
f 1069 1068 1038
f 1055 1070 1069
f 1071 1070 1055
f 1056 1071 1055
f 1041 1071 1056
f 1042 1072 4754
f 1057 1072 1042
f 1043 1057 1042
f 1044 1073 1057
f 1058 1073 1044
f 1030 1059 1058
f 1016 1090 1045
f 1032 1074 1016
f 1047 1091 1046
f 1047 1075 1091
f 1033 1075 1047
f 1018 1077 1076
f 1049 1078 3905
f 1064 1078 1049
f 1050 1064 1049
f 1065 1079 1064
f 1080 1079 1065
f 1066 1080 1065
f 1081 1080 1066
f 1052 1081 1066
f 1067 1081 1052
f 1053 1082 1067
f 1083 1082 1053
f 1068 1083 1054
f 1069 1084 1068
f 1070 1084 1069
f 1071 1085 1070
f 1086 1085 1071
f 1041 1086 1071
f 1058 1087 1073
f 1059 1087 1058
f 1061 1088 1060
f 1045 1089 1063
f 1090 1089 1045
f 1074 1090 1016
f 1046 1074 1032
f 1079 3920 1078
f 1064 1079 1078
f 1081 1092 1080
f 1093 1092 1081
f 1067 1093 1081
f 1082 1093 1067
f 1083 1094 1082
f 1095 1094 1083
f 1068 1095 1083
f 1084 1095 1068
f 1070 1096 1084
f 1085 1096 1070
f 1086 1097 1085
f 1098 1097 1086
f 4754 1098 1086
f 1072 1098 4754
f 1057 1099 1072
f 1073 1099 1057
f 1059 1100 1087
f 1060 1100 1059
f 4742 1088 1062
f 1062 1088 1061
f 1074 1101 1090
f 1102 1101 1074
f 1046 1102 1074
f 1091 1102 1046
f 1076 1075 1033
f 1079 1104 3920
f 1080 1104 1079
f 1092 1105 1080
f 1093 1106 1092
f 1107 1106 1093
f 1082 1107 1093
f 1094 1107 1082
f 1095 1108 1094
f 1109 1108 1095
f 1084 1109 1095
f 1096 1109 1084
f 1085 1110 1096
f 1097 1110 1085
f 1098 1111 1097
f 1112 1111 1098
f 1072 1112 1098
f 1099 1112 1072
f 1073 1113 1099
f 1087 1113 1073
f 1100 1114 1087
f 1060 1115 1100
f 1088 1115 1060
f 4742 1115 1088
f 1063 1116 1062
f 1089 1116 1063
f 1090 1117 1089
f 1101 1117 1090
f 1076 1118 1075
f 1103 1118 1076
f 1076 1077 1103
f 1105 1131 1104
f 1080 1105 1104
f 1092 1106 1105
f 1107 1119 1106
f 1120 1119 1107
f 1094 1120 1107
f 1108 1120 1094
f 1109 1121 1108
f 1122 1121 1109
f 1096 1122 1109
f 1110 1122 1096
f 1097 1123 1110
f 1111 1123 1097
f 1112 1124 1111
f 1125 1124 1112
f 1099 1125 1112
f 1113 1125 1099
f 1087 1126 1113
f 1114 1126 1087
f 1100 1127 1114
f 1115 1127 1100
f 1089 1129 1116
f 1117 1129 1089
f 1101 1138 1117
f 1091 1130 1102
f 1075 1130 1091
f 1105 1132 1131
f 1106 1132 1105
f 1120 1133 1119
f 1121 1133 1108
f 1108 1133 1120
f 1122 1134 1121
f 1123 1134 1122
f 1110 1123 1122
f 1124 4840 1111
f 1113 1135 1125
f 1126 1135 1113
f 1115 1136 1127
f 4742 1136 1115
f 1128 1136 4742
f 1116 1137 1128
f 1129 1137 1116
f 1102 1138 1101
f 1139 1138 1102
f 1130 1139 1102
f 1075 1140 1130
f 1141 1140 1118
f 1118 1140 1075
f 1103 1141 1118
f 1132 1143 1131
f 1133 1144 1119
f 1145 1168 1133
f 1121 1145 1133
f 1134 1145 1121
f 1126 1146 1135
f 1156 1146 1126
f 1127 1156 1114
f 1114 1156 1126
f 1128 1147 1136
f 1137 1148 1128
f 1129 1149 1137
f 1150 1149 1129
f 1117 1150 1129
f 1139 4736 1138
f 1160 1139 1130
f 1140 1160 1130
f 1103 1142 1141
f 1103 1164 1142
f 1143 1165 3945
f 1131 1143 3945
f 1132 4990 1143
f 1144 1177 4990
f 1119 1144 4990
f 1133 1168 1144
f 1145 1151 1168
f 1152 1151 1145
f 1134 1152 1145
f 1153 1152 1134
f 1123 1153 1134
f 1124 1154 4840
f 1155 1154 1124
f 1125 1155 1124
f 1135 1155 1125
f 1156 1171 1146
f 1157 1156 1127
f 1136 1157 1127
f 1147 1157 1136
f 1128 1148 1147
f 1117 1158 1150
f 1138 1158 1117
f 4736 1158 1138
f 1160 1159 1139
f 1161 1160 1140
f 1141 1161 1140
f 1142 4876 1141
f 1164 1163 1142
f 4990 1166 1143
f 1177 1166 4990
f 1144 1167 1177
f 1168 1167 1144
f 4840 4836 1153
f 1154 4836 4840
f 1155 1169 1154
f 1170 1169 1155
f 1135 1170 1155
f 1146 1170 1135
f 1148 1172 1147
f 1149 1148 1137
f 1158 1173 1150
f 1174 1173 1158
f 4736 1174 1158
f 1160 1175 1159
f 1161 1175 1160
f 4876 4722 1161
f 1162 1176 4876
f 1142 1163 1162
f 1166 3966 1165
f 1143 1166 1165
f 1153 1178 1152
f 4836 1178 1153
f 1169 1179 4844
f 1146 1171 1170
f 1156 1180 1171
f 1157 1180 1156
f 1181 1180 1157
f 1147 1181 1157
f 1172 1181 1147
f 1149 1182 1148
f 1183 1182 1149
f 1150 1183 1149
f 1173 1183 1150
f 1175 4722 1184
f 1176 5028 4722
f 1185 1176 1162
f 1163 1185 1162
f 1177 3966 1166
f 1186 3966 1177
f 1167 1186 1177
f 1151 1187 1168
f 1188 1187 1151
f 1189 1188 1151
f 1152 1189 1151
f 1178 1189 1152
f 4836 1190 1178
f 1192 1191 1169
f 1170 1192 1169
f 1171 1192 1170
f 1180 1193 1171
f 1181 1194 1180
f 1172 1195 1181
f 1148 1182 1172
f 1173 1196 1183
f 1174 1196 1173
f 1197 1196 1174
f 1198 1197 1174
f 1159 1198 1174
f 1175 1199 1159
f 1185 1200 1176
f 1201 1185 1163
f 1167 1202 1186
f 1187 1202 1167
f 1168 1187 1167
f 1189 1203 1188
f 1190 1203 1178
f 1178 1203 1189
f 1191 1204 1179
f 1169 1191 1179
f 1171 1205 1192
f 1193 1205 1171
f 1194 1193 1180
f 1206 1194 1181
f 1195 1227 1206
f 1195 1206 1181
f 1207 1195 1172
f 1208 1207 1182
f 1182 1207 1172
f 1209 1208 1182
f 1183 1209 1182
f 1196 1209 1183
f 1159 1199 1198
f 1175 1184 1199
f 1176 1200 5028
f 1185 1210 1200
f 1211 1210 1185
f 1201 1211 1185
f 1186 1223 3966
f 1202 1212 1186
f 1179 1213 1190
f 1204 1213 1179
f 1191 1214 1204
f 1215 1214 1191
f 1192 1215 1191
f 1205 1215 1192
f 1193 1216 1205
f 1194 1216 1193
f 1195 1217 1227
f 1208 1217 1207
f 1196 1218 1209
f 1197 1218 1196
f 1198 1219 1197
f 1220 1219 1198
f 1199 1220 1198
f 1184 1220 1199
f 1200 1221 5028
f 1210 1222 1200
f 1211 2839 2848
f 1186 1212 1223
f 1187 1188 1202
f 1203 1224 1188
f 1236 1224 1203
f 1190 1236 1203
f 1215 1225 1214
f 1226 1225 1215
f 1205 1226 1215
f 1216 1226 1205
f 1217 1195 1207
f 1208 1228 1217
f 1242 1228 1208
f 1209 1242 1208
f 1218 1242 1209
f 1230 1229 1218
f 1197 1230 1218
f 1219 1230 1197
f 1220 1231 1219
f 4890 1231 1220
f 1184 4890 1220
f 1221 4915 5028
f 1200 1222 1221
f 1233 1232 1210
f 1210 1232 1222
f 1211 1233 1210
f 2848 1233 1211
f 1212 1234 1223
f 1235 1212 1202
f 1188 1235 1202
f 1224 1235 1188
f 1190 1213 1236
f 1204 1237 1213
f 1214 1238 1204
f 1225 1238 1214
f 1216 1239 1226
f 1194 1240 1216
f 1206 1240 1194
f 1227 1240 1206
f 1217 1241 1227
f 1228 1241 1217
f 1229 1242 1218
f 1230 1243 1229
f 1244 1243 1230
f 1219 1244 1230
f 1231 1244 1219
f 1245 1255 1231
f 4890 1245 1231
f 1221 1246 4915
f 1247 1246 1221
f 1222 1247 1221
f 1232 1247 1222
f 2848 2860 1233
f 1224 1248 1235
f 1236 1249 1224
f 1238 1237 1204
f 1225 1250 1238
f 1226 1251 1225
f 1239 1251 1226
f 1239 1240 1252
f 1240 1239 1216
f 1253 1252 1240
f 1241 1253 1227
f 1227 1253 1240
f 1242 1254 1228
f 1229 1254 1242
f 1231 1255 1244
f 1246 1256 4915
f 1247 1257 1246
f 1258 1257 1247
f 1232 1259 1247
f 1260 1259 1232
f 1233 1260 1232
f 2860 1260 1233
f 1212 1261 1234
f 1235 1261 1212
f 1248 1261 1235
f 1249 1248 1224
f 1236 1262 1249
f 1213 1262 1236
f 1237 1262 1213
f 1238 1263 1237
f 1251 1250 1225
f 1239 1284 1251
f 1241 1273 1253
f 1265 1264 1254
f 1229 1265 1254
f 1243 1265 1229
f 1244 1266 1243
f 1255 1266 1244
f 1255 1245 1288
f 1246 1267 1256
f 1257 1267 1246
f 1247 1259 1258
f 1260 1268 1259
f 1269 1268 1260
f 2860 1280 1260
f 1261 4917 1234
f 1249 1270 1248
f 1271 1270 1249
f 1262 1271 1249
f 1250 1263 1238
f 1253 1272 1252
f 1241 1274 1273
f 1228 1274 1241
f 1254 1275 1228
f 1264 1275 1254
f 1267 1276 5039
f 1256 1267 5039
f 1257 1277 1267
f 1258 1277 1257
f 1259 1278 1258
f 1268 1278 1259
f 1269 1279 1268
f 1280 1269 1260
f 1281 3987 4917
f 1261 1281 4917
f 1248 1281 1261
f 1270 1281 1248
f 1262 1282 1271
f 1237 1282 1262
f 1263 1282 1237
f 1251 1283 1250
f 1284 1283 1251
f 1252 1284 1239
f 1253 1273 1272
f 1228 1275 1274
f 1243 1285 1265
f 1266 1285 1243
f 1287 1286 1266
f 1255 1287 1266
f 1288 1287 1255
f 1267 1289 1276
f 1277 1289 1267
f 1277 1306 1289
f 1258 1290 1277
f 1278 1290 1258
f 1292 1291 1278
f 1268 1292 1278
f 1279 1292 1268
f 2879 1279 1269
f 1269 2872 2879
f 1270 3987 1281
f 1271 1320 1270
f 1263 1294 1282
f 1295 1294 1263
f 1250 1295 1263
f 1296 1295 1250
f 1283 1296 1250
f 1284 1311 1283
f 1252 1272 1284
f 1273 1297 1272
f 1299 1298 1273
f 1274 1299 1273
f 1300 1299 1274
f 1275 1300 1274
f 1264 1300 1275
f 1265 1301 1264
f 1285 1301 1265
f 1286 1285 1266
f 1287 1302 1286
f 1303 1302 1287
f 1288 1303 1287
f 1304 1303 1288
f 5039 1304 1288
f 1276 1304 5039
f 1289 1305 1276
f 1306 1305 1289
f 1290 1306 1277
f 1291 1307 1290
f 1278 1291 1290
f 1292 1308 1291
f 1309 1308 1292
f 1279 1309 1292
f 1319 1309 1279
f 2879 1319 1279
f 1282 1293 1271
f 1294 1293 1282
f 1296 1310 1295
f 1272 1311 1284
f 1297 1311 1272
f 1298 1297 1273
f 1264 1312 1300
f 1301 1312 1264
f 1285 1313 1301
f 1313 1285 1286
f 1303 1314 1302
f 1315 1314 1303
f 1304 1315 1303
f 1316 1315 1304
f 1276 1316 1304
f 1305 1316 1276
f 1318 1317 1306
f 1290 1318 1306
f 1307 1318 1290
f 1291 1308 1307
f 1293 1320 1271
f 1294 1336 1293
f 1295 1321 1294
f 1322 1310 1296
f 1283 1322 1296
f 1311 1322 1283
f 1298 1353 1297
f 1299 1324 1298
f 1300 1324 1299
f 1312 1324 1300
f 1313 1325 1301
f 1286 1326 1313
f 1302 1326 1286
f 1316 4769 1315
f 1327 4769 1316
f 1305 1327 1316
f 1317 1327 1305
f 1306 1317 1305
f 1307 1328 1318
f 1329 1328 1307
f 1308 1329 1307
f 1330 1329 1308
f 1331 1330 1308
f 1309 1331 1308
f 1332 1331 1309
f 1319 1332 1309
f 1333 1332 1319
f 1334 3988 3987
f 1270 1334 3987
f 1320 1334 1270
f 1335 1334 1320
f 1293 1335 1320
f 1336 1335 1293
f 1321 1336 1294
f 1295 1337 1321
f 1322 1338 1310
f 1323 1322 1311
f 1297 1323 1311
f 1298 1339 1353
f 1324 1339 1298
f 1312 1340 1324
f 1301 1325 1312
f 1313 1341 1325
f 1326 1341 1313
f 1302 1357 1326
f 1343 1342 1327
f 1317 1343 1327
f 1344 1343 1317
f 1344 1317 1318
f 1329 1345 1328
f 1330 1345 1329
f 1331 1346 1330
f 1347 1346 1331
f 1332 1347 1331
f 1348 1347 1332
f 1349 1348 1332
f 1333 1349 1332
f 3988 1334 4006
f 1336 1321 1351
f 1310 1337 1295
f 1352 1338 1322
f 1323 1352 1322
f 1297 1353 1323
f 1354 1387 1339
f 1324 1354 1339
f 1312 1325 1340
f 1341 1355 1325
f 1326 1356 1341
f 1357 1356 1326
f 1314 1357 1302
f 4769 5041 1315
f 1358 4827 1343
f 1343 4827 1342
f 1344 1358 1343
f 1359 1358 1344
f 1328 1359 1344
f 1345 1359 1328
f 1330 1360 1345
f 1361 1360 1346
f 1346 1360 1330
f 1362 1361 1346
f 1347 1362 1346
f 1348 1362 1347
f 1350 4006 1334
f 1335 1350 1334
f 1337 1351 1321
f 1338 1363 1337
f 1310 1338 1337
f 1352 1364 1338
f 1365 1352 1323
f 1353 1365 1323
f 1339 1366 1353
f 1387 1366 1339
f 1340 1354 1324
f 1341 1356 1355
f 1314 1378 1357
f 4769 1367 5041
f 1359 1368 1358
f 1369 1368 1359
f 1345 1369 1359
f 1360 1369 1345
f 1361 1370 1360
f 1362 1371 1361
f 1372 1371 1362
f 1348 1372 1362
f 1373 1372 1348
f 1349 1373 1348
f 1335 1374 1350
f 1336 1374 1335
f 1351 1374 1336
f 1337 1401 1351
f 1363 1401 1337
f 1354 1375 1387
f 1340 1375 1354
f 1376 1375 1340
f 1325 1376 1340
f 1355 1376 1325
f 1378 1377 1357
f 1357 1377 1356
f 1367 1379 5041
f 4859 1379 1367
f 1342 4859 1367
f 4827 4859 1342
f 1368 1380 1358
f 1369 1381 1368
f 1382 1381 1369
f 1360 1382 1369
f 1370 1382 1360
f 1361 1383 1370
f 1371 1383 1361
f 1372 1384 1371
f 1385 1384 1372
f 1373 1385 1372
f 4006 1350 4009
f 1351 1417 1374
f 1338 1364 1363
f 1352 1386 1364
f 1365 1386 1352
f 1366 1365 1353
f 1376 1388 1375
f 1389 1388 1376
f 1355 1389 1376
f 1390 1389 1355
f 1356 1390 1355
f 1377 1390 1356
f 1378 1391 1377
f 1392 1391 1378
f 5041 1392 1378
f 1379 1392 5041
f 1368 1394 1380
f 1381 1394 1368
f 1382 1395 1381
f 1397 1395 1382
f 1370 1397 1382
f 1398 1397 1383
f 1383 1397 1370
f 1399 1398 1383
f 1371 1399 1383
f 1384 1399 1371
f 1415 1399 1384
f 1400 1415 1384
f 1385 1400 1384
f 2955 1400 1385
f 1351 1401 1417
f 1365 1402 1386
f 1366 1402 1365
f 1375 1403 1387
f 1388 1403 1375
f 1389 1404 1388
f 1390 1405 1389
f 1406 1405 1390
f 1377 1406 1390
f 1391 1406 1377
f 1392 1407 1391
f 1408 1407 1392
f 1379 1408 1392
f 1409 1408 1379
f 4859 1409 1379
f 1410 1409 4859
f 1380 1411 1393
f 1412 4811 1394
f 1381 1412 1394
f 1395 1412 1381
f 1413 1396 1395
f 1397 1413 1395
f 1398 1413 1397
f 1398 1423 1413
f 1399 1414 1398
f 1415 1414 1399
f 1400 1416 1415
f 1350 4932 4009
f 1374 4932 1350
f 1417 4932 1374
f 1364 1418 1363
f 1386 1419 1364
f 1366 1387 1402
f 1389 1405 1404
f 1408 1420 1407
f 1409 1420 1408
f 1393 4856 1410
f 1411 4856 1393
f 4811 4861 1411
f 1412 1421 4811
f 5008 1421 1412
f 1423 1422 1396
f 1413 1423 1396
f 1424 1423 1414
f 1414 1423 1398
f 1425 1424 1414
f 1425 1414 1415
f 1426 1425 1415
f 1416 1426 1415
f 1401 1427 1417
f 1419 1418 1364
f 1402 1428 1386
f 1387 1429 1402
f 1403 1429 1387
f 1430 1406 1391
f 1409 1431 1420
f 1432 1431 1410
f 1410 1431 1409
f 4856 1432 1410
f 1421 1433 4811
f 5008 1434 1421
f 1396 1435 5008
f 1422 1435 1396
f 1423 1436 1422
f 1424 1436 1423
f 1425 1437 1424
f 1438 1437 1425
f 1426 1438 1425
f 1439 1438 1426
f 1416 1439 1426
f 1427 1441 1417
f 1419 1442 1418
f 1428 1419 1386
f 1402 1443 1428
f 1429 1443 1402
f 1403 1444 1429
f 1445 1444 1403
f 1388 1445 1403
f 1404 1445 1388
f 1405 1446 1404
f 1407 1447 1430
f 1420 1447 1407
f 1448 1447 1420
f 1431 1448 1420
f 4856 1449 1432
f 1450 1433 1421
f 1434 1450 1421
f 5008 1451 1434
f 1435 1451 5008
f 1422 1452 1435
f 1453 1452 1422
f 1436 1453 1422
f 1454 1453 1436
f 1424 1454 1436
f 1438 1455 1437
f 1456 1455 1438
f 1439 1456 1438
f 1441 4932 1417
f 1471 1427 1401
f 1363 1471 1401
f 1418 1471 1363
f 1428 1457 1419
f 1443 1485 1428
f 1458 1443 1444
f 1444 1443 1429
f 1445 1459 1444
f 1405 1460 1446
f 1406 1460 1405
f 4850 1460 1406
f 1447 1461 1430
f 1448 1462 1447
f 1431 1463 1448
f 1432 1463 1431
f 1433 1464 1449
f 1464 1433 1450
f 1434 1465 1450
f 1451 1465 1434
f 1435 1452 1451
f 1453 1466 1452
f 1467 1466 1453
f 1454 1467 1453
f 1468 1467 1454
f 1437 1468 1454
f 1455 1468 1437
f 1456 1469 1455
f 1470 1469 1456
f 1439 1470 1456
f 1441 1440 4932
f 1427 1484 1441
f 1471 1484 1427
f 1418 1472 1471
f 1442 1472 1418
f 1419 1457 1442
f 1428 1485 1457
f 1444 1473 1458
f 1459 1473 1444
f 1446 1459 1445
f 1404 1446 1445
f 1460 1474 1446
f 4916 1474 1460
f 4916 1460 4850
f 1461 4916 1430
f 1447 1462 1461
f 1448 1475 1462
f 1463 1475 1448
f 1432 1476 1463
f 1449 1476 1432
f 1450 1477 1464
f 1465 1477 1450
f 1451 1478 1465
f 1452 1478 1451
f 1480 1479 1467
f 1468 1480 1467
f 1481 1480 1468
f 1455 1481 1468
f 1482 1481 1455
f 1469 1482 1455
f 1483 1482 1469
f 3013 1483 1469
f 1470 3013 1469
f 1485 1537 1457
f 1443 1458 1485
f 1459 1486 1473
f 1487 1486 1459
f 1446 1487 1459
f 1474 1487 1446
f 4916 1488 1474
f 1462 1489 1461
f 1463 1490 1475
f 1476 1490 1463
f 1449 1491 1476
f 1464 1491 1449
f 4882 1464 1477
f 1493 1492 1477
f 1465 1493 1477
f 1478 1493 1465
f 1452 1494 1478
f 1466 1494 1452
f 1479 1495 1467
f 1496 1479 1480
f 1497 1496 1480
f 1481 1497 1480
f 1482 1497 1481
f 1498 1497 1482
f 1483 1498 1482
f 1499 1498 1483
f 3013 1499 1483
f 1442 1536 1472
f 1485 1500 1537
f 1474 1501 1487
f 1488 1501 1474
f 1476 1502 1490
f 1491 1502 1476
f 1464 4882 1491
f 1504 1503 1492
f 1493 1504 1492
f 1505 1504 1493
f 1478 1505 1493
f 1506 1505 1478
f 1494 1506 1478
f 1507 1506 1494
f 1466 1507 1494
f 1495 1507 1466
f 1508 1496 1497
f 1509 1508 1497
f 1498 1509 1497
f 1510 1509 1498
f 1499 1510 1498
f 1484 1511 1441
f 1442 1457 1512
f 1458 1500 1485
f 1487 1501 1486
f 1462 1513 1489
f 1475 1513 1462
f 1490 1514 1475
f 1502 1514 1490
f 1491 1515 1502
f 4882 1515 1491
f 1504 1516 1503
f 1505 1516 1504
f 1517 1516 1505
f 1506 1517 1505
f 1518 1517 1506
f 1507 1518 1506
f 1519 1518 1507
f 1495 1519 1507
f 1479 1519 1495
f 1496 1520 1532
f 1508 1520 1496
f 1521 1508 1509
f 1522 1521 1509
f 1510 1522 1509
f 1523 1522 1510
f 1524 1523 1510
f 1499 1524 1510
f 1511 4026 1440
f 1441 1511 1440
f 1471 1525 1484
f 1488 1562 1501
f 1475 1526 1513
f 1514 1526 1475
f 1502 1527 1514
f 1515 1527 1502
f 1528 1515 4882
f 1517 1529 1516
f 1530 1529 1517
f 1518 1530 1517
f 1531 1530 1518
f 1519 1531 1518
f 1532 1531 1519
f 1479 1532 1519
f 1508 1533 1520
f 1521 1533 1508
f 1522 1534 1521
f 1535 1534 1522
f 1523 1535 1522
f 1484 2757 1511
f 1525 2757 1484
f 1473 1538 1458
f 4810 1562 1488
f 1513 1539 1489
f 1514 1540 1526
f 1527 1540 1514
f 1542 1541 1527
f 1515 1542 1527
f 1542 1515 1528
f 1492 1543 1528
f 1503 1543 1492
f 1516 1544 1503
f 1529 1544 1516
f 1530 1545 1557
f 1546 1545 1530
f 1531 1546 1530
f 1547 1546 1531
f 1532 1547 1531
f 1548 1547 1532
f 1520 1548 1532
f 1533 1548 1520
f 1534 4782 1521
f 1535 1549 1534
f 1471 1472 1525
f 1512 1536 1442
f 1538 1500 1458
f 1473 1550 1538
f 1486 1550 1473
f 1501 1551 1486
f 1562 1551 1501
f 1539 4787 4810
f 4751 1526 1552
f 1526 4751 1513
f 1540 1552 1526
f 1591 1552 1540
f 1553 1591 1540
f 1527 1553 1540
f 1541 1553 1527
f 1542 1554 1541
f 1528 1554 1542
f 1543 1554 1528
f 1503 1555 1543
f 1544 1555 1503
f 1529 1556 1544
f 1557 1556 1529
f 1558 4767 1546
f 1547 1558 1546
f 1559 1558 1547
f 1548 1559 1547
f 1560 1559 1548
f 1533 1560 1548
f 1534 1561 4782
f 1549 1561 1534
f 4026 1511 1574
f 1536 1525 1472
f 1563 1562 4810
f 4787 1563 4810
f 1539 1564 4787
f 1552 1564 4751
f 1566 1565 1554
f 1543 1566 1554
f 1555 1566 1543
f 1544 1567 1555
f 1556 1567 1544
f 1557 1568 1556
f 1545 1568 1557
f 1558 1569 4767
f 1570 1569 1558
f 1559 1570 1558
f 1571 1570 1559
f 1560 1571 1559
f 4973 1571 1560
f 4782 4973 1560
f 1561 4973 4782
f 1549 1572 1561
f 1573 1572 1549
f 1536 1595 1525
f 1512 2758 1536
f 1500 1587 1537
f 1538 1575 1500
f 1486 1551 1550
f 1552 1576 1564
f 1591 1576 1552
f 1541 1577 1553
f 1578 1577 1541
f 1554 1578 1541
f 1565 1578 1554
f 1566 1599 1565
f 1555 1579 1566
f 1567 1579 1555
f 1545 1580 1568
f 1581 1580 1545
f 4767 1581 1545
f 1569 1581 4767
f 1570 1582 1569
f 4873 1582 1570
f 1571 4873 1570
f 1583 4873 1571
f 4973 1583 1571
f 1572 1584 1561
f 1585 1584 1572
f 1586 1585 1572
f 1573 1586 1572
f 1575 1587 1500
f 1588 1575 1538
f 1550 1588 1538
f 1551 1589 1550
f 1562 1590 1551
f 4787 4793 1563
f 1567 1592 1579
f 1593 1592 1567
f 1556 1593 1567
f 1568 1593 1556
f 5002 1584 5033
f 1585 5033 1584
f 1586 1594 1585
f 2757 2756 1511
f 1525 1595 2757
f 2758 1595 1536
f 1596 1588 1550
f 1589 1596 1550
f 1590 1589 1551
f 1563 1590 1562
f 1576 1597 1564
f 1553 2761 1591
f 1565 1598 1578
f 1599 1598 1565
f 1579 1599 1566
f 1568 1600 1593
f 1580 1600 1568
f 1569 1601 1581
f 1602 1601 1569
f 1582 1602 1569
f 4804 1602 1582
f 4873 4804 1582
f 1603 4892 4829
f 1604 1603 4829
f 5033 1604 4829
f 4718 1604 5033
f 1616 4962 4716
f 1605 1616 4716
f 4376 1616 1605
f 1617 4992 4377
f 4378 1617 4377
f 1618 1617 4378
f 1606 1618 4378
f 1619 1618 1606
f 1607 1619 1606
f 1620 1607 4401
f 4803 1620 4401
f 1621 1620 4803
f 1608 1621 4803
f 1622 1608 4380
f 1609 1622 4380
f 1623 1609 4391
f 4392 1623 4391
f 1610 1623 4392
f 4393 1624 1610
f 4394 1624 4393
f 1625 1624 4394
f 4946 1625 4394
f 4396 1626 1640
f 1611 1626 4396
f 1627 1626 1611
f 4381 1627 1611
f 4922 1612 4382
f 4383 1628 4397
f 1629 4383 4420
f 4385 1629 4420
f 4386 4385 4384
f 1630 4385 4386
f 1631 1630 4386
f 4404 1631 4386
f 1614 1613 4448
f 1633 4968 4962
f 1616 1633 4962
f 4992 1633 1616
f 1617 1634 4992
f 1635 1634 1617
f 1618 1635 1617
f 1619 1635 1618
f 1607 1636 1619
f 1620 1636 1607
f 1608 5044 1621
f 1622 5044 1608
f 1609 1637 1622
f 1638 1637 1609
f 1623 1638 1609
f 1610 1638 1623
f 4946 1639 1625
f 1640 1639 4946
f 4381 1612 1627
f 4383 1641 1628
f 1629 1641 4383
f 1613 1631 4404
f 1614 1642 1613
f 4405 1643 1615
f 1644 1643 4405
f 1633 1645 4968
f 1646 1645 1633
f 4992 1646 1633
f 1634 1646 4992
f 1620 1647 1636
f 1621 1647 1620
f 1622 1648 5044
f 1637 1648 1622
f 1610 1649 1638
f 1650 1649 1610
f 1624 1650 1610
f 1625 1650 1624
f 1625 1639 1651
f 4927 1639 1640
f 1626 4927 1640
f 1652 4927 1626
f 1627 1652 1626
f 1612 1653 1627
f 1654 1653 1612
f 4922 1654 1612
f 1629 1655 1641
f 4385 1655 1629
f 1630 1655 4385
f 1631 1656 1630
f 1657 1656 1631
f 1613 1657 1631
f 1615 1642 1614
f 4406 1632 1644
f 3128 1632 4406
f 1646 1659 1645
f 1660 1659 1646
f 1634 1660 1646
f 1635 1660 1634
f 1661 5031 1636
f 1647 1661 1636
f 1637 1662 1648
f 1638 1662 1637
f 1649 1662 1638
f 1650 1663 1649
f 1664 1663 1650
f 1625 1664 1650
f 1651 1664 1625
f 1639 5004 1651
f 1627 1665 1652
f 1653 1665 1627
f 4922 1666 1654
f 1667 1666 4922
f 1628 1667 4922
f 1613 1642 1657
f 1615 1709 1642
f 1668 4994 1645
f 1659 1668 1645
f 1669 1668 1659
f 1660 1669 1659
f 1670 1669 1660
f 1635 1670 1660
f 1672 1671 1661
f 1647 1672 1661
f 1673 4818 5044
f 1648 1673 5044
f 1674 1673 1648
f 1662 1674 1648
f 1649 1675 1662
f 1663 1675 1649
f 1651 1676 1664
f 5004 1676 1651
f 1653 1677 1665
f 1654 1677 1653
f 1628 1641 1667
f 1630 1678 1655
f 1657 1679 1656
f 1642 1680 1657
f 1658 1643 1644
f 1644 1632 1658
f 1681 4095 1668
f 1669 1681 1668
f 1682 1681 1669
f 1670 1682 1669
f 1683 1682 1670
f 5031 1683 1670
f 1685 1684 1672
f 4818 1685 1672
f 1686 1685 4818
f 1673 1686 4818
f 1674 1686 1673
f 1662 1687 1674
f 1675 1687 1662
f 1688 1675 1663
f 1664 1688 1663
f 1676 1688 1664
f 1690 1689 5004
f 1652 1690 4927
f 1667 1691 1666
f 1692 1691 1667
f 1641 1692 1667
f 1678 5043 1655
f 1630 1693 1678
f 1656 1693 1630
f 1643 1709 1615
f 1694 1658 1632
f 1695 1694 1632
f 3128 1695 1632
f 4095 1696 4105
f 1681 1696 4095
f 1711 1696 1681
f 1697 1711 1681
f 1682 1697 1681
f 1698 1697 1682
f 1683 1698 1682
f 1699 1698 1683
f 1671 1699 1683
f 1699 1671 1672
f 1685 1700 1684
f 1701 1700 1685
f 1686 1701 1685
f 1702 1701 1686
f 1674 1702 1686
f 1687 1702 1674
f 1675 1703 1687
f 1703 1675 1688
f 1676 1704 1688
f 5004 1719 1676
f 1689 1719 5004
f 1690 1705 1689
f 1706 1705 1690
f 1652 1706 1690
f 1665 1706 1652
f 1654 1707 1677
f 1691 1707 1666
f 1666 1707 1654
f 1678 1708 5043
f 1693 1708 1678
f 1642 1709 1680
f 1711 1710 1696
f 1697 1712 1711
f 1698 1712 1697
f 1699 1713 1698
f 1714 1713 1699
f 1684 1714 1699
f 1700 1714 1684
f 1701 1715 1700
f 1716 1715 1701
f 1702 1716 1701
f 1717 1716 1702
f 1687 1717 1702
f 1703 1717 1687
f 1688 1718 1703
f 1704 1718 1688
f 1676 1719 1704
f 1665 1720 1706
f 1677 1720 1665
f 1721 1720 1677
f 1707 1721 1677
f 1692 1752 1691
f 1722 1752 1692
f 5043 1722 1692
f 1656 1723 1693
f 1679 1723 1656
f 1657 1680 1679
f 1658 1739 1643
f 1695 3132 1694
f 1725 1724 1710
f 1711 1725 1710
f 1726 1725 1712
f 1712 1725 1711
f 1727 1726 1712
f 1698 1727 1712
f 1713 1727 1698
f 1714 1743 1713
f 1728 1743 1714
f 1700 1728 1714
f 1715 1728 1700
f 1716 1729 1715
f 1730 1729 1716
f 1717 1730 1716
f 1731 1730 1717
f 1703 1731 1717
f 1718 1731 1703
f 1704 1732 1718
f 1733 1732 1704
f 1719 1733 1704
f 1689 1734 1719
f 1705 1734 1689
f 1707 1735 1721
f 1691 1735 1707
f 1691 1752 1735
f 5043 1736 1722
f 1708 1736 5043
f 1680 1770 1679
f 1709 1737 1680
f 1739 1738 1643
f 1643 1738 1709
f 1658 1757 1739
f 1741 1740 1724
f 1725 1741 1724
f 1726 1741 1725
f 1727 1742 1726
f 1743 1742 1727
f 1713 1743 1727
f 1728 1744 1743
f 1745 1744 1728
f 1715 1745 1728
f 1760 1745 1729
f 1729 1745 1715
f 1746 1760 1729
f 1747 1746 1729
f 1730 1747 1729
f 1748 1747 1730
f 1731 1748 1730
f 1732 1748 1731
f 1718 1732 1731
f 1719 1734 1733
f 1706 1749 1705
f 1750 1749 1720
f 1720 1749 1706
f 1721 1750 1720
f 1735 1751 1721
f 1752 1751 1735
f 1708 1754 1736
f 1755 1754 1708
f 1693 1755 1708
f 1680 1756 1770
f 1737 1756 1680
f 1709 1738 1737
f 1694 1757 1658
f 3132 1787 1694
f 1758 1740 1741
f 1726 1758 1741
f 1742 1758 1726
f 1743 1759 1742
f 1760 4719 1745
f 1745 4719 1744
f 1747 1761 1746
f 1762 1761 1747
f 1748 1762 1747
f 1763 1762 1748
f 1732 1763 1748
f 1764 1763 1732
f 1733 1764 1732
f 1734 1765 1733
f 4843 1765 1734
f 1705 1766 1734
f 1780 1766 1749
f 1749 1766 1705
f 1750 1780 1749
f 1767 1750 1721
f 1751 1767 1721
f 1752 1768 1751
f 1753 1752 1722
f 1736 1769 1722
f 1754 1769 1736
f 1693 1723 1755
f 1679 1770 1723
f 1694 1787 1757
f 1772 4172 1740
f 1758 1772 1740
f 1773 1772 1758
f 1742 1773 1758
f 1759 1774 1773
f 1760 1775 4719
f 1746 1776 1775
f 1761 1776 1746
f 1777 1776 1761
f 1762 1777 1761
f 1778 1777 1762
f 1763 1778 1762
f 1779 1778 1763
f 1764 1779 1763
f 1765 1779 1764
f 1733 1765 1764
f 1780 4835 1766
f 1750 1781 1780
f 1767 1781 1750
f 1782 1767 1751
f 1768 1782 1751
f 1752 1753 1768
f 1722 1769 1753
f 1754 1797 1769
f 1755 1783 1754
f 1723 1784 1755
f 1770 1784 1723
f 1737 1785 1756
f 1786 1785 1738
f 1738 1785 1737
f 1739 1786 1738
f 1801 1786 1739
f 3132 1771 1787
f 1772 1789 4172
f 1790 1789 1772
f 1773 1790 1772
f 1791 4797 1774
f 1775 1791 4719
f 1792 1823 1776
f 1777 1792 1776
f 1778 1793 1777
f 1794 1793 1778
f 1779 1794 1778
f 4940 1794 1779
f 4950 1779 1765
f 1767 1796 1781
f 1796 1767 1782
f 1783 1797 1754
f 1755 1798 1783
f 1784 1798 1755
f 1770 1799 1784
f 1756 1799 1770
f 1786 1800 1785
f 1757 1801 1739
f 1802 1801 1757
f 1787 1802 1757
f 1803 4204 1788
f 1789 1803 1788
f 1804 1803 1789
f 1790 1804 1789
f 4797 1804 1790
f 1791 1806 1805
f 1823 1806 1776
f 1807 1824 1792
f 1793 1807 1792
f 1777 1793 1792
f 1809 1808 4940
f 4940 1808 1794
f 1810 1809 1795
f 4835 1810 1795
f 1781 4812 1780
f 1782 1811 1796
f 1812 1811 1782
f 1768 1812 1782
f 1813 1812 1768
f 1753 1813 1768
f 1814 1813 1753
f 1769 1814 1753
f 1783 1815 1797
f 1798 1815 1783
f 1816 1798 1784
f 1799 1816 1784
f 1786 1817 1800
f 1801 1817 1786
f 1771 1818 1787
f 1803 1819 4204
f 1820 1819 1803
f 1804 1820 1803
f 1821 1820 1804
f 4797 1821 1804
f 1805 1821 4797
f 1822 1821 1805
f 1806 1822 1805
f 1823 1822 1806
f 1793 1825 1807
f 1808 1825 1794
f 1810 1826 1809
f 1827 1826 1810
f 4812 1827 1810
f 1828 1827 4812
f 1781 1828 4812
f 1796 1828 1781
f 1812 1846 1811
f 1813 1829 1812
f 1814 1829 1813
f 1798 1831 1815
f 1816 1831 1798
f 1756 1832 1799
f 1785 1832 1756
f 1801 1802 1817
f 1787 1833 1802
f 1818 1833 1787
f 1835 1834 1819
f 1836 1835 1819
f 1820 1836 1819
f 1837 1836 1820
f 1821 1837 1820
f 1838 1837 1821
f 1822 1838 1821
f 1824 1838 1822
f 1823 1824 1822
f 1839 1807 1825
f 1840 1839 1825
f 1808 1840 1825
f 1841 1840 1808
f 1826 1841 1809
f 1827 1842 1826
f 1843 1842 1827
f 1828 1843 1827
f 1844 1843 1828
f 1796 1844 1828
f 1845 1844 1811
f 1811 1844 1796
f 1846 1845 1811
f 1829 1846 1812
f 1814 1847 1829
f 1830 1847 1797
f 1797 1815 1830
f 1816 1848 1831
f 1849 1848 1816
f 1799 1849 1816
f 1832 1849 1799
f 1785 1800 1832
f 1771 1867 1818
f 1835 1850 1834
f 1836 1851 1835
f 1837 1851 1836
f 1852 1851 1837
f 1838 1852 1837
f 1853 1852 1838
f 1824 1853 1838
f 1854 1853 1824
f 1807 1854 1824
f 1840 1871 1839
f 1855 1871 1840
f 1841 1855 1840
f 1856 1855 1841
f 1826 1856 1841
f 1842 1856 1826
f 1843 1857 1842
f 1858 1857 1843
f 1844 1858 1843
f 1845 1858 1844
f 1829 1859 1846
f 1847 1859 1829
f 1815 1860 1830
f 1831 1860 1815
f 1849 1861 1848
f 1862 1861 1849
f 1863 1862 1849
f 1832 1863 1849
f 1800 1863 1832
f 1864 1863 1800
f 1817 1864 1800
f 1802 1865 1817
f 1818 1866 1833
f 1868 1882 1850
f 1835 1868 1850
f 1851 1868 1835
f 4832 1868 1851
f 1852 4832 1851
f 1869 4832 1852
f 1853 1869 1852
f 1870 1869 1853
f 1854 1870 1853
f 1839 1870 1854
f 1807 1839 1854
f 1855 1872 1871
f 1873 1872 1855
f 1856 1873 1855
f 1874 1873 1856
f 1842 1874 1856
f 1857 1874 1842
f 1858 1875 1857
f 1876 1875 1858
f 1845 1876 1858
f 1877 1876 1845
f 1846 1877 1845
f 1877 1846 1878
f 1878 1846 1859
f 1879 1878 1859
f 1847 1879 1859
f 1860 4977 1830
f 1863 1880 1862
f 1864 1880 1863
f 1802 1881 1865
f 1833 1881 1802
f 1866 1881 1833
f 1868 1883 1882
f 4832 1883 1868
f 1885 1884 1869
f 1870 1885 1869
f 1886 1885 1870
f 1839 1886 1870
f 1871 1886 1839
f 1873 1913 1872
f 1888 1887 1874
f 1874 1887 1873
f 1857 1888 1874
f 1875 1888 1857
f 1876 1889 1875
f 1877 1889 1876
f 1860 1890 4977
f 1891 1890 1860
f 1831 1891 1860
f 1848 1891 1831
f 1817 1892 1864
f 1865 1892 1817
f 1893 1866 1818
f 1867 1893 1818
f 3158 1893 1867
f 1883 1907 1882
f 1885 1894 1884
f 1895 1894 1885
f 1886 1895 1885
f 1896 1895 1886
f 1871 1896 1886
f 1872 1896 1871
f 1887 1913 1873
f 1888 1897 1887
f 1898 1897 1888
f 1875 1898 1888
f 1889 1898 1875
f 1878 1899 1877
f 1900 1899 1878
f 1879 1900 1878
f 4977 1901 1879
f 1862 1902 1861
f 1880 1921 1862
f 1892 1903 1864
f 1904 1892 1865
f 1881 1904 1865
f 1948 1904 1881
f 1866 1948 1881
f 1893 1905 1866
f 1906 1905 1893
f 3158 1906 1893
f 1883 1908 1907
f 1884 1908 1883
f 1909 1908 1884
f 1894 1909 1884
f 1895 1910 1894
f 1911 1910 1895
f 1896 1911 1895
f 1912 1911 1896
f 1872 1912 1896
f 1913 1912 1872
f 1887 1914 1913
f 1897 1914 1887
f 1889 1915 1898
f 1916 1915 1889
f 1877 1916 1889
f 1917 1916 1899
f 1899 1916 1877
f 1900 1917 1899
f 1901 1918 1900
f 1879 1901 1900
f 4977 1919 1901
f 1890 1919 4977
f 1891 5020 1890
f 1848 1920 1891
f 1861 1920 1848
f 1862 1921 1902
f 1864 1903 1880
f 1892 1934 1903
f 1935 1948 1866
f 1905 1935 1866
f 1923 1922 1907
f 1908 1923 1907
f 1924 1923 1908
f 1909 1924 1908
f 1894 1910 1909
f 1911 1925 1910
f 1926 1925 1911
f 1912 1926 1911
f 1914 1926 1912
f 1913 1914 1912
f 1897 1927 1914
f 1928 1927 1897
f 1898 1928 1897
f 1915 1928 1898
f 1916 1929 1915
f 1917 1929 1916
f 1917 1900 1918
f 1901 1930 1918
f 1931 1930 1919
f 1919 1930 1901
f 5020 1931 1919
f 1890 5020 1919
f 1933 1920 1861
f 1902 1933 1861
f 1880 1903 1921
f 1904 1934 1892
f 1906 1936 1905
f 3158 3164 1906
f 1923 1937 1922
f 1924 1937 1923
f 1909 4764 1924
f 1910 4764 1909
f 1926 1938 1925
f 1939 1938 1926
f 1914 1939 1926
f 1927 1939 1914
f 1928 1940 1927
f 1941 1940 1928
f 1915 1941 1928
f 1929 1941 1915
f 1917 1942 1929
f 1918 1942 1917
f 5020 1943 1931
f 5020 1932 1943
f 1920 1944 1932
f 1933 1944 1920
f 1945 1921 1903
f 1946 1945 1903
f 1934 1946 1903
f 1948 1947 1904
f 1949 1948 1935
f 1905 1936 1935
f 1906 1950 1936
f 3164 1950 1906
f 1925 1951 1910
f 1938 1951 1925
f 1927 1952 1939
f 1940 1952 1927
f 1941 1953 1940
f 1954 1953 1941
f 1929 1954 1941
f 1942 1954 1929
f 1930 5032 1918
f 1931 1956 1930
f 1943 1956 1931
f 1932 1957 1943
f 1944 1957 1932
f 1959 1958 1933
f 1902 1959 1933
f 1921 1959 1902
f 1946 1960 1945
f 1961 1960 1946
f 1934 1961 1946
f 1947 1961 1934
f 1904 1947 1934
f 1948 1949 1947
f 1935 1962 1949
f 1936 1962 1935
f 1924 1963 1937
f 1964 1963 1924
f 4764 1964 1924
f 1939 1965 1938
f 1952 1965 1939
f 1940 1966 1952
f 1953 1966 1940
f 1942 1967 1954
f 1955 1967 1942
f 1930 1956 5032
f 1944 1968 1957
f 1958 1968 1944
f 1933 1958 1944
f 1959 1969 1958
f 1945 1969 1959
f 1921 1945 1959
f 1947 1970 1961
f 1971 1970 1947
f 1949 1971 1947
f 1936 1972 1962
f 1950 1972 1936
f 1999 1973 1950
f 3164 1999 1950
f 1951 1974 1964
f 1975 1974 1951
f 1938 1975 1951
f 1965 1975 1938
f 1953 1976 1966
f 1977 1976 1953
f 1954 1977 1953
f 1954 1967 1977
f 5032 1978 1955
f 1979 1978 5032
f 1956 1979 5032
f 1980 1979 1956
f 1943 1980 1956
f 1957 1980 1943
f 1968 1981 1957
f 1958 1982 1968
f 1969 1982 1958
f 1945 1983 1969
f 1960 1983 1945
f 1971 1984 1970
f 1949 1985 1971
f 1962 1985 1949
f 1973 1986 1972
f 1950 1973 1972
f 1963 1987 4287
f 1964 1987 1963
f 1974 1987 1964
f 1965 1988 1975
f 1989 1988 1965
f 1952 1989 1965
f 1966 1989 1952
f 1978 1990 1955
f 1955 1990 1967
f 1957 1991 1980
f 1981 1991 1957
f 1968 1992 1981
f 1982 1992 1968
f 1969 1993 1982
f 1983 1993 1969
f 1960 1994 1983
f 1995 1994 1960
f 1961 1995 1960
f 1970 1995 1961
f 1984 1985 2009
f 1985 1984 1971
f 1962 1996 1985
f 1972 1996 1962
f 1974 2001 4791
f 1975 2001 1974
f 1988 2001 1975
f 1989 2012 1988
f 2027 2012 1989
f 2002 2027 1989
f 1966 2002 1989
f 1976 2002 1966
f 1967 2003 1977
f 1967 1990 2003
f 1979 2004 1978
f 1980 2004 1979
f 2005 1980 1991
f 2006 2005 1991
f 1981 2006 1991
f 1995 2007 1994
f 1970 2008 1995
f 1984 2008 1970
f 1996 2009 1985
f 2010 2009 1996
f 1997 2010 1996
f 1972 1997 1996
f 1972 1986 1997
f 1998 2024 1986
f 1973 1998 1986
f 1999 1998 1973
f 2000 4791 2011
f 2001 2011 4791
f 1988 2012 2001
f 2002 2013 2027
f 2014 2013 2002
f 1976 2014 2002
f 1977 2014 1976
f 2015 2014 1977
f 2003 2015 1977
f 1990 2016 2003
f 2017 2016 1990
f 1978 2017 1990
f 2004 2017 1978
f 1980 2005 2004
f 1981 2018 2006
f 1992 2018 1981
f 1982 1993 1992
f 1983 2019 1993
f 1994 2019 1983
f 2007 2020 1994
f 1995 2021 2007
f 2008 2021 1995
f 1984 2022 2008
f 2009 2022 1984
f 1986 2023 1997
f 2024 2023 1986
f 1998 2037 2024
f 2001 2026 2011
f 2012 2026 2001
f 2003 2040 2015
f 2016 2040 2003
f 2004 2028 2017
f 2005 2028 2004
f 1992 2029 2018
f 2030 2029 1992
f 1993 2030 1992
f 2019 2030 1993
f 1994 2020 2019
f 2007 2031 2020
f 2021 2031 2007
f 2008 2032 2021
f 2022 2032 2008
f 2009 2033 2022
f 2010 2033 2009
f 2034 2033 2010
f 2035 2034 2010
f 1997 2035 2010
f 2023 2035 1997
f 2024 2036 2023
f 2037 2036 2024
f 2025 2037 1998
f 2011 2026 4311
f 2012 2038 2026
f 2027 2038 2012
f 2014 2039 2013
f 2015 2039 2014
f 2042 2041 2016
f 2017 2042 2016
f 2028 2042 2017
f 2043 2028 2005
f 2006 2043 2005
f 2018 2055 2006
f 2029 2055 2018
f 2044 2030 2019
f 2020 2044 2019
f 2021 2045 2031
f 2032 2045 2021
f 2022 2046 2032
f 2047 2046 2033
f 2033 2046 2022
f 2034 2047 2033
f 2035 2048 2034
f 2049 2048 2035
f 2023 2049 2035
f 2036 2049 2023
f 2037 2050 2036
f 2051 2050 2037
f 2025 2051 2037
f 2026 2052 4311
f 2038 2052 2026
f 2015 2053 2039
f 2040 2053 2015
f 2042 2054 2041
f 2006 2055 2043
f 2030 2056 2029
f 2044 2056 2030
f 2020 4881 2044
f 2031 4881 2020
f 2045 2057 2031
f 2032 2058 2045
f 2046 2058 2032
f 2047 2059 2046
f 2034 2060 2047
f 2048 2060 2034
f 2049 2061 2048
f 2062 2061 2049
f 2036 2062 2049
f 2050 2062 2036
f 2038 2063 2052
f 2064 2063 2038
f 2027 2064 2038
f 2013 2064 2027
f 2065 2064 2013
f 2039 2065 2013
f 2053 2066 2039
f 2016 2041 2040
f 2028 2054 2042
f 2067 2054 2028
f 2043 2067 2028
f 2055 2079 2043
f 2029 2068 2055
f 2056 2068 2029
f 4881 4865 2044
f 2045 2081 2057
f 2058 2081 2045
f 2046 2059 2058
f 2048 2070 2060
f 2061 2070 2048
f 2062 2071 2061
f 2072 2071 2062
f 2050 2072 2062
f 2073 2072 2050
f 2051 2073 2050
f 3212 2073 2051
f 2052 2074 4324
f 2063 2074 2052
f 2064 2075 2063
f 2065 2075 2064
f 2066 2065 2039
f 2076 2066 2053
f 2040 2076 2053
f 2041 2076 2040
f 2054 2077 2041
f 2067 2100 2054
f 2079 2078 2067
f 2043 2079 2067
f 2068 2079 2055
f 2069 2081 2058
f 2059 2069 2058
f 2060 2082 2047
f 2083 2082 2060
f 2070 2083 2060
f 2061 2084 2070
f 2085 2084 2061
f 2071 2085 2061
f 2072 2086 2071
f 2087 2086 2072
f 2073 2087 2072
f 2075 2088 2063
f 2089 2075 2065
f 2065 2066 2089
f 2076 2090 2066
f 2077 2090 2076
f 2041 2077 2076
f 2054 2091 2077
f 2068 2092 2079
f 2093 2092 2068
f 2056 2093 2068
f 2080 4865 4881
f 2081 2094 2057
f 2059 2095 2069
f 2082 2095 2059
f 2083 2117 2082
f 2070 2084 2083
f 2071 2096 2085
f 2086 2096 2071
f 2073 2097 2087
f 2063 2088 2074
f 2075 2089 2088
f 2098 2089 2066
f 2090 2098 2066
f 2077 2099 2090
f 2054 2100 2091
f 2078 2100 2067
f 2079 2092 2078
f 2093 2101 2092
f 4865 2102 4885
f 2080 2102 4865
f 2057 2103 2080
f 2094 2103 2057
f 2081 5007 2094
f 2069 5007 2081
f 2095 5007 2069
f 2104 4778 2095
f 2082 2104 2095
f 2117 2104 2082
f 2083 2105 2117
f 2084 2105 2083
f 2106 2105 2084
f 2107 2106 2084
f 2085 2107 2084
f 2096 2107 2085
f 2086 4886 2096
f 2108 4886 2086
f 2087 2108 2086
f 2109 2108 2087
f 2097 2109 2087
f 2088 2110 2074
f 2098 2111 2089
f 2090 2112 2098
f 2099 2112 2090
f 2091 2099 2077
f 2100 2113 2091
f 2078 2113 2100
f 2093 4885 2101
f 2080 2114 2102
f 2103 2114 2080
f 2094 2115 2103
f 5007 2115 2094
f 2104 2116 4778
f 2117 2116 2104
f 2107 2118 2106
f 2119 2118 2107
f 2096 2119 2107
f 4886 2119 2096
f 2121 2120 2108
f 2109 2121 2108
f 3232 2109 2097
f 2089 2122 2088
f 2111 2122 2089
f 2091 2123 2099
f 2092 2124 2078
f 2125 2124 2092
f 2101 2125 2092
f 2103 2127 2114
f 2115 2127 2103
f 2129 2128 2116
f 2116 2128 4778
f 2130 2129 2116
f 2117 2130 2116
f 2131 2130 2105
f 2105 2130 2117
f 2132 2131 2105
f 2106 2132 2105
f 2118 2132 2106
f 2119 2148 2118
f 4886 2148 2119
f 2133 2148 4886
f 2134 2120 2121
f 2135 2134 2121
f 2109 2135 2121
f 3232 2135 2109
f 2122 2136 2110
f 2088 2122 2110
f 2111 2154 2122
f 2112 2137 2098
f 2099 2123 2112
f 2091 2138 2123
f 2113 2138 2091
f 2124 2139 2113
f 2078 2124 2113
f 2125 2140 2124
f 2101 2141 2125
f 2142 2141 2101
f 4885 2142 2101
f 2126 2142 4885
f 2102 2126 4885
f 2115 2143 2127
f 2144 2143 2115
f 5007 2144 2115
f 2130 2145 2129
f 2131 2145 2130
f 2146 2160 2131
f 2132 2146 2131
f 2147 2146 2132
f 2118 2147 2132
f 2148 2147 2118
f 2133 2149 2148
f 2120 2150 2133
f 2151 2150 2120
f 2134 2151 2120
f 2135 2152 2134
f 2137 2154 2111
f 2098 2137 2111
f 2112 2123 4724
f 2125 2141 2140
f 2156 2155 2142
f 2142 2155 2141
f 2157 2156 2126
f 2126 2156 2142
f 2114 2157 2126
f 2102 2114 2126
f 2144 2158 2143
f 2159 2158 2144
f 4778 2159 2144
f 2128 2159 4778
f 2131 2160 2145
f 2146 2161 2160
f 2162 2161 2146
f 2147 2162 2146
f 2163 2162 2147
f 2148 2163 2147
f 2149 2163 2148
f 2133 2150 2149
f 2134 2164 2151
f 2152 2164 2134
f 2122 2153 2136
f 2122 2154 2153
f 2137 2165 2154
f 2166 4724 2123
f 2167 2166 2123
f 2138 2167 2123
f 2113 2139 2138
f 2124 2168 2139
f 2140 2168 2124
f 2169 2157 2114
f 2159 2170 2158
f 2171 2170 2159
f 2128 2171 2159
f 2129 2171 2128
f 2160 2172 2145
f 2161 4822 2160
f 2174 2173 2161
f 2162 2174 2161
f 2175 2174 2162
f 2163 2175 2162
f 2176 2175 2163
f 2149 2176 2163
f 2177 2176 2149
f 2150 2177 2149
f 2178 2177 2150
f 2151 2178 2150
f 2164 2178 2151
f 2179 2178 2164
f 2180 2179 2164
f 2152 2180 2164
f 2165 2181 2154
f 2139 2192 2167
f 2138 2139 2167
f 2141 2155 2140
f 4735 4991 2157
f 2157 4991 2156
f 2169 4735 2157
f 2183 2182 2169
f 2127 2183 2169
f 2143 2183 2127
f 2184 2183 2143
f 2158 2184 2143
f 2171 2185 2170
f 2186 2185 2171
f 2129 2186 2171
f 2186 2129 2145
f 2160 4822 2172
f 4816 2173 2174
f 2175 2187 2174
f 2188 2187 2175
f 2176 2188 2175
f 2189 2188 2176
f 2177 2189 2176
f 2190 2189 2177
f 2191 2190 2177
f 2178 2191 2177
f 2179 2191 2178
f 2153 4347 4346
f 2136 2153 4346
f 2154 2181 2153
f 4724 2166 2165
f 2167 2221 2166
f 2168 2192 2139
f 2193 2192 2168
f 2194 2193 2168
f 2140 2194 2168
f 2155 2194 2140
f 2169 2182 4735
f 2183 2195 2182
f 2184 2195 2183
f 2158 2196 2184
f 2170 2196 2158
f 2210 2170 2185
f 2197 4828 2185
f 2186 2197 2185
f 2198 2197 2186
f 2172 2198 2186
f 4822 2198 2172
f 2188 2199 2187
f 2200 2199 2188
f 2189 2200 2188
f 2201 2200 2189
f 2190 2201 2189
f 2202 2201 2190
f 2191 2202 2190
f 2203 2202 2191
f 2179 2203 2191
f 2204 2203 2179
f 2180 2204 2179
f 2153 2220 4347
f 2166 2205 2165
f 2167 2192 2221
f 2155 2206 2194
f 4735 2207 4991
f 2195 2208 2182
f 2184 2209 2195
f 2196 2209 2184
f 2170 2210 2196
f 2212 2211 2197
f 2198 2212 2197
f 2213 2212 2198
f 4822 2213 2198
f 4816 2226 2173
f 2200 2215 2199
f 2216 2215 2200
f 2201 2216 2200
f 2217 2216 2201
f 2202 2217 2201
f 2218 2202 2203
f 2219 2218 2203
f 2204 2219 2203
f 2181 2220 2153
f 2165 2205 2181
f 2221 2229 2166
f 2194 2206 2193
f 4991 2207 5022
f 2195 2222 2208
f 2209 2222 2195
f 2196 2223 2209
f 2210 2223 2196
f 2212 2224 2211
f 2225 2224 2212
f 2213 2225 2212
f 2226 2225 2213
f 2173 2226 2213
f 4816 4863 2226
f 2187 2199 2214
f 2216 2237 2215
f 2202 2227 2217
f 2228 2227 2218
f 2218 2227 2202
f 2219 2228 2218
f 2166 2229 2205
f 2192 2230 2221
f 2231 2193 2206
f 4732 2231 2206
f 5022 4732 2206
f 2208 2232 2207
f 2210 4760 2223
f 4828 4760 2210
f 2226 2233 2225
f 2234 2233 4863
f 2214 2234 4863
f 2235 2234 2214
f 2199 2235 2214
f 2235 2199 2215
f 2237 2236 2215
f 2217 2238 2237
f 2217 2237 2216
f 2239 2238 2217
f 2227 2239 2217
f 2240 2239 2227
f 2228 2240 2227
f 2241 2240 2228
f 2254 2241 2228
f 2219 2254 2228
f 2242 2220 2181
f 2205 2242 2181
f 2221 2230 2229
f 2193 2243 2192
f 2231 2243 2193
f 2207 2244 5022
f 2208 2245 2232
f 2222 2245 2208
f 4785 2245 2222
f 2209 4785 2222
f 2234 2247 2233
f 2248 2247 2234
f 2235 2248 2234
f 2249 2248 2235
f 2236 2249 2235
f 2250 2249 2236
f 2251 2250 2236
f 2237 2251 2236
f 2238 2251 2237
f 2239 2260 2238
f 2240 2260 2239
f 2241 2252 2240
f 2253 2252 2241
f 2254 2253 2241
f 2192 2243 2230
f 2231 2255 2243
f 5022 2244 4732
f 2232 2244 2207
f 4760 4821 2223
f 2211 2256 2246
f 2224 2256 2211
f 2248 2257 2247
f 2249 4899 2248
f 2250 4899 2249
f 2251 2258 2250
f 2259 2258 2251
f 2238 2259 2251
f 2260 2259 2238
f 2262 2261 2260
f 2240 2262 2260
f 2252 2262 2240
f 2253 2263 2252
f 2229 4741 2205
f 2264 4741 2229
f 2230 2264 2229
f 2243 5013 2230
f 2265 2255 2231
f 4732 2265 2231
f 2245 2267 2232
f 4785 2268 2245
f 2269 2268 4785
f 2272 2271 2256
f 2224 2272 2256
f 2273 2272 2224
f 2225 2273 2224
f 2250 2274 4899
f 2258 2274 2250
f 2259 2275 2258
f 2276 2275 2259
f 2261 2276 2259
f 2260 2261 2259
f 2262 2277 2261
f 2278 2277 2262
f 2252 2278 2262
f 2263 2278 2252
f 2279 2263 2253
f 2243 2255 5013
f 2244 2313 2266
f 2232 2313 2244
f 2267 2313 2232
f 2245 2268 2267
f 4821 2281 2269
f 2270 2281 4821
f 4760 2270 4821
f 2246 2282 2270
f 2271 2282 2256
f 2256 2282 2246
f 2272 2283 2271
f 2284 2283 2272
f 2273 2284 2272
f 4849 2284 2273
f 2233 4849 2273
f 4849 2233 2247
f 2274 2285 4899
f 2258 2286 2274
f 2275 2286 2258
f 2261 2287 2276
f 2277 2287 2261
f 2288 4798 2278
f 2263 2288 2278
f 3340 2288 2263
f 2279 3340 2263
f 4741 2289 2280
f 2264 2289 4741
f 2270 2290 2281
f 2282 2290 2270
f 2284 2291 2283
f 2292 2291 2284
f 4849 2292 2284
f 2274 2293 2285
f 2286 2293 2274
f 2275 2294 2286
f 2295 2294 2275
f 2276 2295 2275
f 2296 2295 2276
f 2287 2296 2276
f 2297 2296 2287
f 2277 2297 2287
f 2288 2298 4798
f 3361 2298 2288
f 3340 3361 2288
f 2280 4366 2242
f 2265 2299 2255
f 2300 2299 2265
f 2266 2300 2265
f 2267 2301 2313
f 2268 2301 2267
f 2292 2302 2291
f 2303 2302 2292
f 2257 2303 2292
f 2304 2303 4902
f 2285 2304 4899
f 2286 2321 2293
f 2294 2321 2286
f 2295 2305 2336
f 2296 2305 2295
f 2306 2305 2296
f 2297 2306 2296
f 2307 2306 2297
f 4798 2307 2297
f 2298 2307 4798
f 2326 2308 2298
f 3361 2326 2298
f 2311 2310 5013
f 2255 2311 5013
f 2299 2311 2255
f 2312 2300 2266
f 2313 2312 2266
f 2269 2328 2268
f 2281 2314 2269
f 2282 2315 2290
f 2271 2315 2282
f 2291 2316 2283
f 2317 2316 2291
f 2302 2317 2291
f 2303 2318 2302
f 2319 2318 2303
f 2304 2319 2303
f 2320 2319 2304
f 2285 2320 2304
f 2293 2320 2285
f 2323 2322 2305
f 2306 2323 2305
f 2324 4870 2308
f 2325 2324 2308
f 2326 2325 2308
f 2327 2289 2264
f 2268 2328 2301
f 2314 2328 2269
f 2281 2329 2314
f 2290 2329 2281
f 2271 2330 2315
f 2283 2330 2271
f 2302 2331 2317
f 2318 2331 2302
f 2319 2332 2318
f 2333 2332 2319
f 2320 2333 2319
f 2334 2333 2320
f 2293 2334 2320
f 2335 2334 2321
f 2336 2335 2294
f 2294 2335 2321
f 4936 2352 2323
f 2338 2337 4936
f 2324 2338 4870
f 2339 2338 2324
f 2325 2339 2324
f 3406 2339 2325
f 2289 2327 3106
f 2310 2327 5013
f 2313 2340 2312
f 2341 2340 2301
f 2301 2340 2313
f 2328 2341 2301
f 2314 2342 2328
f 2329 2343 2314
f 2290 2344 2329
f 2315 2344 2290
f 2345 2344 2315
f 2330 2345 2315
f 2283 2346 2330
f 2316 2346 2283
f 2318 2347 2331
f 2332 2347 2318
f 2348 4762 2333
f 2334 2348 2333
f 2349 2348 2334
f 2335 2349 2334
f 2350 2349 2335
f 2336 2350 2335
f 2351 2350 2336
f 2305 2351 2336
f 2322 2351 2305
f 2337 2352 4936
f 2323 2352 2322
f 2338 2353 2337
f 2354 2353 2338
f 2339 2354 2338
f 2355 2354 2339
f 3406 2355 2339
f 2309 4371 3711
f 2280 2289 2309
f 2311 2357 2310
f 2311 2381 2357
f 2328 2342 2341
f 2314 2343 2342
f 2329 2358 2343
f 2344 2358 2329
f 2330 2346 2345
f 2359 2346 2316
f 2317 2359 2316
f 2331 2360 2317
f 2332 2361 2347
f 2348 2362 4762
f 2363 2362 2348
f 2349 2363 2348
f 2364 2363 2349
f 2350 2364 2349
f 2365 2364 2350
f 2351 2365 2350
f 2366 2365 2351
f 2322 2366 2351
f 2352 2366 2322
f 2337 2376 2352
f 2367 2376 2337
f 2353 2367 2337
f 2354 2378 2353
f 2355 2368 2354
f 2309 2356 4371
f 2289 2356 2309
f 2299 2381 2311
f 2342 2369 2341
f 2343 4763 2342
f 2358 2393 2343
f 2370 2358 2344
f 2345 2370 2344
f 2346 2371 2345
f 2359 2371 2346
f 4762 2372 2361
f 2362 2372 4762
f 2364 2373 2363
f 2374 2373 2364
f 2365 2374 2364
f 2375 2374 2365
f 2366 2375 2365
f 2376 2375 2366
f 2352 2376 2366
f 2367 2377 2376
f 2353 2378 2367
f 2368 2378 2354
f 2355 2379 2368
f 3429 2379 2355
f 3106 2356 2289
f 2310 2380 2327
f 2300 2381 2299
f 2382 2381 2300
f 2383 2382 2300
f 2312 2383 2300
f 2340 2383 2312
f 2343 2393 4763
f 2358 2384 2393
f 2370 2384 2358
f 2345 2385 2370
f 2371 2385 2345
f 2317 2386 2359
f 2360 2386 2317
f 2331 2387 2360
f 2347 2387 2331
f 2376 2388 2375
f 2377 2388 2376
f 2367 2389 2377
f 2378 2389 2367
f 2390 2389 2378
f 2368 2390 2378
f 2391 2390 2368
f 2379 2391 2368
f 4833 2391 2379
f 3429 4833 2379
f 2327 2380 3106
f 2341 2392 2340
f 2369 2392 2341
f 2385 2394 2370
f 2395 2385 2371
f 2359 2395 2371
f 2386 2395 2359
f 2374 2396 2373
f 2397 2396 2374
f 2375 2397 2374
f 2388 2397 2375
f 2377 2398 2388
f 2389 2398 2377
f 2399 2398 2389
f 2400 2399 2389
f 2390 2400 2389
f 4906 2400 2390
f 2391 4906 2390
f 4833 2401 2391
f 2381 2402 2357
f 2382 2402 2381
f 2340 2392 2383
f 2386 2403 2395
f 2404 2403 2386
f 2360 2404 2386
f 2387 2404 2360
f 2347 2405 2387
f 2361 2405 2347
f 2372 2406 2361
f 2407 2406 2372
f 2362 2407 2372
f 2408 2407 2362
f 2363 2408 2362
f 2373 2408 2363
f 2397 2409 2396
f 2410 2409 2397
f 2388 2410 2397
f 2411 2410 2388
f 2398 2411 2388
f 2400 2412 2399
f 4906 2412 2400
f 4963 5035 4712
f 2430 2427 2415
f 3458 2416 2421
f 2421 2428 2417
f 2414 2417 2425
f 2414 2425 14
f 2416 2429 2421
f 2428 2425 2417
f 2419 2424 2420
f 3546 2422 2418
f 2426 2437 2419
f 2418 2422 3460
f 2424 2430 2420
f 2421 2429 2435
f 2425 2428 2431
f 2427 2432 2423
f 2435 2428 2421
f 2431 100 2425
f 2430 2424 2438
f 2438 2427 2430
f 2425 100 14
f 2419 2437 2424
f 2427 2438 2449
f 2423 2432 2429
f 2428 2435 2439
f 2428 2439 2431
f 2437 2445 2424
f 2427 2449 2432
f 2429 2433 2435
f 3546 4878 2422
f 2424 2445 2446
f 2449 2440 2432
f 2429 2432 2433
f 2424 2446 2438
f 2432 2440 2433
f 3547 2434 4878
f 4878 2456 2437
f 2440 2441 2433
f 2439 2443 2431
f 2431 2443 2436
f 2444 130 2436
f 2440 2452 2441
f 2441 2442 2433
f 2433 2442 2435
f 2435 2442 2439
f 2436 2443 2444
f 2437 2456 2445
f 2446 2451 2438
f 2441 2453 2442
f 4878 2434 2455
f 2456 2462 2445
f 2451 2449 2438
f 2449 2450 2440
f 2439 2447 2443
f 2444 2448 237
f 2439 2442 2447
f 2455 2456 4878
f 2451 2463 2449
f 2449 2463 2450
f 2440 2450 2452
f 2441 2452 2457
f 2453 2447 2442
f 2447 2448 2443
f 2443 2448 2444
f 2445 2462 2446
f 2441 2457 2453
f 2453 2458 2447
f 2460 2448 2447
f 2500 2462 2470
f 2462 2474 2446
f 2474 2451 2446
f 2471 2463 2451
f 2447 2458 2460
f 2448 2460 2454
f 2448 2454 237
f 237 2454 2459
f 2463 2472 2450
f 2450 2472 2452
f 2453 2466 2458
f 2454 2461 2459
f 2451 2474 2471
f 2457 2465 2466
f 2457 2466 2453
f 2466 2473 2458
f 2459 320 264
f 2456 2455 2469
f 2456 2469 2462
f 2472 2464 2452
f 2457 2464 2465
f 2458 2473 2467
f 2458 2467 2460
f 2460 2467 2454
f 2459 2461 320
f 2455 2468 2469
f 2452 2464 2457
f 2465 2481 2466
f 2467 2479 2454
f 2454 2479 2461
f 2461 2479 2476
f 2469 2470 2462
f 2500 2474 2462
f 2474 2484 2471
f 2471 2480 2463
f 2472 2485 2464
f 2465 2464 2490
f 2465 2490 2481
f 2466 2481 2475
f 2466 2475 2473
f 2473 2478 2467
f 2467 2478 2479
f 2461 2476 2477
f 2468 3570 2469
f 2484 2480 2471
f 2480 2472 2463
f 2485 2490 2464
f 2473 2475 2478
f 2476 2489 2477
f 2490 2491 2481
f 2481 2493 2475
f 2475 2486 2478
f 2479 2482 2476
f 2476 2482 2488
f 2476 2488 2489
f 2489 2483 2477
f 2477 2483 365
f 2469 3570 2470
f 2474 2500 2484
f 2484 2516 2480
f 2491 2493 2481
f 2475 2493 2486
f 2478 2486 2487
f 2478 2487 2482
f 2478 2482 2479
f 2482 4986 2488
f 2489 2492 2483
f 2483 390 365
f 2500 2510 2484
f 2480 2501 2472
f 2489 2495 2492
f 2483 2492 390
f 2510 2516 2484
f 2516 2501 2480
f 2472 2501 2485
f 2485 2501 2502
f 2485 2502 2490
f 2491 2503 2493
f 2493 2497 2486
f 2486 2497 2494
f 2486 2494 2487
f 2487 4986 2482
f 2488 2495 2489
f 3570 2499 2470
f 2502 2511 2490
f 2490 2511 2491
f 2511 2503 2491
f 2497 2512 2494
f 2494 4986 2487
f 2495 2508 2492
f 2492 2508 2498
f 2492 2498 390
f 2470 2523 2500
f 2503 2496 2493
f 2496 2497 2493
f 2512 2505 2494
f 2494 2505 4986
f 4986 2505 2506
f 2506 2507 2495
f 2495 2507 2508
f 2508 2509 2498
f 2470 2499 2523
f 2516 2524 2501
f 2501 2541 2502
f 2503 2531 2496
f 2496 2504 2497
f 2497 2504 2512
f 2512 2517 2505
f 2505 2513 2506
f 2506 2514 2507
f 2507 2515 2508
f 2499 2549 2523
f 2500 2523 2510
f 2510 2539 2516
f 2524 2541 2501
f 2502 2525 2511
f 2511 2525 2526
f 2531 2532 2496
f 2496 2532 2504
f 2504 2532 2533
f 2505 2517 2513
f 2513 2514 2506
f 2514 2518 2507
f 2507 2518 2515
f 2508 2515 2509
f 2509 2515 2520
f 2523 2573 2510
f 2510 2573 2539
f 2541 2525 2502
f 2526 2503 2511
f 2504 2533 2517
f 2504 2517 2512
f 2517 2527 2513
f 2513 2527 2521
f 2513 2521 2514
f 2514 2521 2518
f 2518 2522 2515
f 2515 2522 2519
f 2515 2519 2520
f 2520 469 2509
f 2539 2524 2516
f 2541 2557 2525
f 2533 2545 2517
f 2517 2545 2527
f 2521 2529 2518
f 2518 2529 2522
f 2522 2537 2519
f 2519 2537 2530
f 2519 2530 2520
f 2520 2530 487
f 2520 487 469
f 3583 2549 2499
f 2539 2575 2524
f 2540 2541 2524
f 2557 2563 2525
f 2503 2526 2531
f 2531 2550 2532
f 2527 2534 2521
f 2521 2534 2528
f 2521 2528 2529
f 2529 2536 2522
f 2522 2536 2537
f 2530 496 487
f 2549 2573 2523
f 2575 2540 2524
f 2525 2563 2526
f 2526 2563 2542
f 2526 2542 2531
f 2550 2543 2532
f 2543 2544 2533
f 2545 2552 2527
f 2527 2552 2534
f 2528 2534 2546
f 2528 2546 2535
f 2528 2535 2529
f 2529 2535 2536
f 2537 2538 2530
f 2530 2538 496
f 3583 3594 2549
f 2574 2539 2573
f 2542 2563 2564
f 2531 2542 2550
f 2533 2544 2545
f 2552 2553 2534
f 2534 2553 2546
f 2546 2554 2535
f 2535 2554 2547
f 2535 2547 2536
f 2536 2547 2548
f 2536 2548 2537
f 2548 2538 2537
f 2538 2548 2555
f 2538 2555 532
f 2538 532 496
f 3594 5019 2549
f 2574 2575 2539
f 2540 2557 2541
f 2576 2550 2542
f 2543 2550 2565
f 2543 2565 2558
f 2543 2558 2544
f 2544 2558 2551
f 2544 2551 2545
f 2545 2551 2552
f 2553 2559 2546
f 2546 2559 2554
f 2554 2560 2547
f 2547 2560 2561
f 2547 2561 2548
f 2548 2561 2555
f 2555 546 532
f 2575 2574 2628
f 2575 2585 2540
f 2540 2585 2557
f 2550 2576 2565
f 2565 2595 2558
f 2558 2586 2551
f 2551 2586 2566
f 2551 2566 2552
f 2552 2566 2553
f 2553 2567 2559
f 2559 2568 2554
f 2554 2568 2560
f 2561 2571 2562
f 2561 2562 2555
f 2555 2562 546
f 2556 5019 3594
f 2583 2574 2573
f 2557 2585 2593
f 2557 2593 2563
f 2563 2593 2610
f 2563 2610 2564
f 2564 2602 2576
f 2595 2586 2558
f 2566 2578 2553
f 2553 2578 2567
f 2567 2579 2559
f 2559 2579 2568
f 2568 2569 2560
f 2560 2569 2570
f 2560 2570 2561
f 2561 2570 2571
f 2571 2570 2582
f 2562 2571 2572
f 2562 2572 546
f 2574 2584 2628
f 2610 2611 2564
f 2565 2576 2594
f 2565 2594 2595
f 2586 2604 2577
f 2586 2577 2566
f 2566 2577 2578
f 2578 2587 2567
f 2567 2587 2579
f 2579 2588 2568
f 2568 2588 2580
f 2568 2580 2569
f 2569 2580 2581
f 2569 2581 2570
f 2570 2581 2582
f 2582 2591 2571
f 2571 2591 2572
f 2572 2591 2592
f 2572 2592 558
f 2572 558 546
f 2666 2584 2583
f 2583 2584 2574
f 2628 2585 2575
f 2611 2602 2564
f 2602 2594 2576
f 2595 2603 2586
f 2604 2605 2577
f 2577 2605 2578
f 2578 2605 2587
f 2587 2596 2579
f 2579 2596 2588
f 2588 2597 2580
f 2580 2597 2598
f 2580 2598 2581
f 2581 2598 2589
f 2581 2589 2590
f 2581 2590 2582
f 2582 2590 2591
f 2592 570 558
f 5019 2638 2583
f 2628 2618 2585
f 2618 2593 2585
f 2602 2630 2594
f 2603 2604 2586
f 2605 2613 2587
f 2587 2613 2596
f 2596 4826 2588
f 2588 4826 2597
f 2598 2607 2589
f 2589 2607 2599
f 2589 2599 2590
f 2590 2599 2600
f 2590 2600 2591
f 2591 2600 2601
f 2591 2601 2592
f 2592 2601 584
f 2592 584 570
f 2638 2666 2583
f 2584 2666 2687
f 2593 2629 2610
f 2594 2630 2620
f 2594 2620 2595
f 2595 2620 2603
f 2613 2622 2596
f 2596 2622 4826
f 2597 2623 2606
f 2597 2606 2598
f 2598 2606 2607
f 2607 2615 2599
f 2599 2615 2608
f 2599 2608 2600
f 2600 2608 2609
f 2600 2609 2601
f 2601 2609 584
f 2584 2687 2628
f 2593 2618 2629
f 2629 2640 2610
f 2610 2640 2611
f 2611 2619 2602
f 2602 2619 2630
f 2620 2641 2603
f 2603 2641 2631
f 2603 2631 2604
f 2604 2631 2632
f 2604 2632 2605
f 2605 2632 2612
f 2605 2612 2613
f 2623 2646 2606
f 2606 2646 2614
f 2606 2614 2607
f 2607 2614 2615
f 2615 2625 2608
f 2608 2625 2616
f 2608 2616 2609
f 2609 2616 2617
f 2609 2617 584
f 3601 2638 5019
f 2628 2639 2618
f 2640 2619 2611
f 2612 2632 2642
f 2612 2642 2621
f 2612 2621 2613
f 2613 2621 2622
f 2622 2634 4826
f 2614 4894 2624
f 2614 2624 2615
f 2615 2624 2625
f 2625 2637 2626
f 2625 2626 2616
f 2616 2626 2627
f 2616 2627 2617
f 2665 2666 2638
f 2618 2639 2677
f 2618 2677 2629
f 2640 2668 2619
f 2619 2651 2630
f 2630 2652 2620
f 2620 2652 2653
f 2620 2653 2641
f 2642 2643 2621
f 2621 2643 2633
f 2621 2633 2622
f 2622 2633 2634
f 2634 2645 2623
f 2623 2645 2646
f 4894 2659 2660
f 4894 2660 2635
f 4894 2635 2624
f 2624 2635 2636
f 2624 2636 2625
f 2625 2636 2637
f 2637 2649 2626
f 2626 2649 2650
f 2626 2650 2627
f 2687 2639 2628
f 2677 2696 2667
f 2677 2667 2629
f 2629 2667 2640
f 2640 2688 2668
f 2619 2668 2651
f 2630 2651 2652
f 2641 2654 2631
f 2631 2654 2655
f 2631 2655 2632
f 2632 2655 2670
f 2632 2670 2642
f 2643 2656 2633
f 2633 2656 2644
f 2633 2644 2634
f 2634 2644 2645
f 2645 2658 2646
f 2660 2661 2635
f 2635 2661 2647
f 2635 2647 2636
f 2636 2647 2648
f 2636 2648 2637
f 2637 2648 2649
f 3601 2665 2638
f 2667 2688 2640
f 2668 2689 2651
f 2690 2653 2678
f 2670 2680 2642
f 2642 2680 2643
f 2643 2680 2691
f 2643 2691 2656
f 2656 2671 2644
f 2644 2671 2657
f 2644 2657 2645
f 2645 2657 2658
f 2658 2659 2646
f 2661 2674 2647
f 2647 2674 2662
f 2647 2662 2648
f 2648 2662 2663
f 2648 2663 2649
f 2649 2663 2664
f 2649 2664 2650
f 2650 2664 662
f 2687 2731 2639
f 2639 2719 2677
f 2688 2721 2668
f 2651 2689 2678
f 2651 2678 2652
f 2652 2678 2653
f 2654 2653 2690
f 2653 2654 2641
f 2654 4775 2655
f 2655 4775 2669
f 2655 2669 2670
f 2691 2699 2656
f 2656 2699 2671
f 2671 2681 2657
f 2657 2681 2672
f 2657 2672 2658
f 2658 2672 2659
f 2659 2672 2682
f 2659 2682 2660
f 2660 2682 2673
f 2660 2673 2661
f 2661 2673 2683
f 2661 2683 2674
f 2674 2685 2662
f 2662 2685 2675
f 2662 2675 2663
f 2663 2675 2676
f 2663 2676 2664
f 2664 2676 678
f 2664 678 662
f 2665 2756 2730
f 2665 2730 2666
f 2666 2730 2687
f 2677 2720 2696
f 2696 2743 2688
f 2696 2688 2667
f 2721 2689 2668
f 2690 2697 4775
f 2669 2679 2670
f 2670 2679 2680
f 2699 2692 2671
f 2671 2692 2681
f 2681 2693 2672
f 2672 2693 2682
f 2682 2694 2673
f 2673 2694 2683
f 2683 2684 2674
f 2674 2684 2685
f 2685 5030 2675
f 2675 5030 2686
f 2675 2686 2676
f 2676 2686 724
f 2676 724 709
f 2676 709 678
f 2730 2731 2687
f 2639 2731 2719
f 2677 2719 2720
f 2689 2708 2678
f 2678 2708 2690
f 2669 2709 2710
f 2669 2710 2679
f 2679 2710 2698
f 2679 2698 2680
f 2680 2698 2691
f 2699 2712 2692
f 2692 2700 2681
f 2681 2700 2693
f 2693 2701 2682
f 2682 2701 2694
f 2694 2702 2683
f 2683 2702 2703
f 2683 2703 2684
f 2684 2703 2704
f 2684 2704 2685
f 2685 2704 5030
f 5030 2695 2686
f 2686 2695 724
f 2665 3609 2756
f 2743 2732 2688
f 2688 2732 2721
f 2721 2744 2689
f 2689 2744 4868
f 2708 2733 2690
f 2690 2733 2697
f 2710 2723 2698
f 2698 2711 2691
f 2691 2711 2699
f 2712 2700 2692
f 2700 2714 2693
f 2693 2714 2701
f 2701 2715 2694
f 2694 2715 2702
f 2702 2716 2703
f 5030 2705 2695
f 2695 2705 2706
f 2695 2706 2707
f 2695 2707 724
f 2758 2719 2731
f 2720 2743 2696
f 2744 2760 4868
f 2733 2745 2697
f 2697 2745 2709
f 2709 2722 2710
f 2737 2698 2723
f 2698 2737 2711
f 2711 2724 2699
f 2699 2724 2712
f 2712 2725 2700
f 2700 2725 2713
f 2700 2713 2714
f 2714 2727 2701
f 2701 2727 2715
f 2715 2728 2702
f 2702 2728 2716
f 2703 2716 2717
f 2703 2717 2704
f 2704 2717 2718
f 2718 5011 2705
f 2705 5011 4824
f 2705 4824 2706
f 2706 4824 4995
f 2706 4995 2707
f 2730 1595 2731
f 2758 2759 2719
f 2708 2760 2733
f 2745 2734 2709
f 2709 2734 2722
f 2722 2723 2710
f 2737 2724 2711
f 2724 2748 2712
f 2712 2748 2725
f 2725 2749 2713
f 2713 2749 2726
f 2713 2726 2714
f 2714 2726 2727
f 2727 2738 2715
f 2715 2738 2728
f 2728 2766 2716
f 2716 2766 2729
f 2716 2729 2717
f 2717 2729 2739
f 2717 2739 2718
f 5011 2740 2741
f 5011 2741 4988
f 2756 2757 2730
f 1595 2758 2731
f 2719 2759 2720
f 2720 2759 1587
f 2732 1596 2721
f 2721 1596 2744
f 2734 2735 2722
f 2722 2735 2746
f 2722 2746 2723
f 2723 2746 2736
f 2723 2736 2737
f 2737 2747 2724
f 2724 2747 2748
f 2748 2763 2725
f 2725 2763 2749
f 2749 2764 2726
f 2726 2764 4781
f 2726 4781 2727
f 2727 4781 2738
f 2738 2750 2728
f 2728 2750 2766
f 2766 2751 2729
f 2729 2751 2739
f 2740 2753 2741
f 1574 1511 2756
f 2730 2757 1595
f 1587 2743 2720
f 2743 1588 2732
f 2732 1588 1596
f 1596 1589 2744
f 2760 4793 2733
f 2733 4793 2745
f 2745 1597 2734
f 2734 1597 2735
f 2736 2761 2762
f 2736 2762 2737
f 2737 2762 2747
f 2748 1599 2763
f 2764 1600 4781
f 2738 2765 2750
f 2739 2751 2752
f 2739 2752 2740
f 2740 2752 2753
f 2753 2754 2741
f 4945 4988 2741
f 2742 4945 2755
f 2755 774 2742
f 1587 1575 2743
f 2743 1575 1588
f 1589 1590 2744
f 2744 1590 2760
f 2735 1591 2746
f 2746 1591 2761
f 2746 2761 2736
f 2762 1598 2747
f 2747 1598 2748
f 2748 1598 1599
f 2763 1592 2749
f 2749 1592 2764
f 2765 1601 2750
f 2750 1601 2766
f 2766 1602 2751
f 2752 4804 4892
f 2752 4892 2753
f 2753 4892 1603
f 2753 1603 2754
f 2754 1603 1604
f 2754 1604 2767
f 2754 2767 2755
f 2755 2767 799
f 2755 799 774
f 2758 1512 2759
f 2759 1512 1537
f 2759 1537 1587
f 1590 1563 2760
f 2760 1563 4793
f 1597 1576 2735
f 2735 1576 1591
f 2761 1553 1577
f 2761 1577 2762
f 2762 1577 1578
f 2762 1578 1598
f 1599 1579 2763
f 2763 1579 1592
f 1592 1593 2764
f 2764 1593 1600
f 1600 1580 2765
f 2765 1580 1581
f 2765 1581 1601
f 2766 1601 1602
f 1602 4804 2751
f 2751 4804 2752
f 1604 4718 2767
f 2767 4718 4711
f 2770 2777 3549
f 2774 2776 2768
f 2773 2790 2779
f 2768 2776 2780
f 2780 2775 2769
f 2771 2775 2778
f 2771 2778 3543
f 3543 2778 4042
f 2772 3636 2790
f 2777 2787 2774
f 2772 2790 2773
f 2785 2791 2770
f 2770 2786 2777
f 2774 2787 2776
f 2780 2788 2775
f 2775 2782 2778
f 2778 2783 4042
f 2777 2786 2787
f 2776 2781 2780
f 2778 2782 2783
f 2790 2792 2779
f 2787 2793 2776
f 2788 2782 2775
f 2782 2789 2783
f 2776 2794 2781
f 2781 2788 2780
f 2779 2792 4898
f 2779 4898 2785
f 2791 2786 2770
f 2793 2794 2776
f 2794 2803 2781
f 2788 2795 2782
f 2783 2789 927
f 3638 2784 2792
f 4898 2791 2785
f 2786 2798 2787
f 2781 2803 2788
f 2795 2789 2782
f 2789 2796 927
f 2791 2802 2786
f 2787 2798 2793
f 2803 2799 2788
f 2788 2799 2795
f 2796 970 927
f 4898 2804 2791
f 2789 2795 2800
f 2789 2800 2796
f 2804 2802 2791
f 2802 2798 2786
f 2795 2799 2805
f 2798 2814 2793
f 2792 2784 4898
f 2804 2816 2802
f 2794 4738 2803
f 2803 2807 2799
f 2795 2805 2800
f 2800 2797 2796
f 2796 2801 1018
f 2793 2814 2794
f 2797 2809 2801
f 2797 2801 2796
f 2807 2805 2799
f 2800 2805 2797
f 2801 1077 1018
f 2813 2818 2804
f 2816 2798 2802
f 4738 2807 2803
f 2809 1077 2801
f 2807 2812 2805
f 2805 2808 2797
f 2818 2816 2804
f 2805 2812 2808
f 2808 2809 2797
f 2809 2810 1077
f 2816 2811 2798
f 2811 2814 2798
f 2829 2814 2823
f 2829 2819 4738
f 4738 2819 2807
f 2824 2820 2812
f 2812 2820 2808
f 2808 2821 2809
f 2809 2821 2817
f 2809 2817 2810
f 3658 2815 3653
f 2784 2806 2813
f 2816 2827 2811
f 2811 2823 2814
f 2829 2834 2819
f 2812 2819 2824
f 2820 2821 2808
f 2810 1164 1103
f 2810 1103 1077
f 2806 2815 2813
f 2815 2849 2813
f 2813 2849 2818
f 2833 2827 2818
f 2819 2812 2807
f 2817 2822 2810
f 2810 2822 1164
f 2827 2833 2850
f 2818 2827 2816
f 2811 2828 2823
f 2829 2841 2834
f 4799 2842 2824
f 2824 2825 2820
f 2820 2826 2821
f 2821 2826 2832
f 2821 2832 2817
f 2817 2832 2822
f 2822 2830 1164
f 2818 2849 2833
f 2827 2828 2811
f 2828 2841 2823
f 2820 2825 2826
f 2822 2832 2837
f 2822 2837 2830
f 2830 1163 1164
f 2823 2841 2829
f 2824 2842 2825
f 2825 2831 2826
f 2826 2831 2836
f 2826 2836 2832
f 2837 2838 2830
f 2830 2839 1201
f 2830 1201 1163
f 3658 2849 2815
f 2850 2840 2827
f 2827 2840 2828
f 2841 2862 2834
f 2842 2844 2825
f 2837 2846 2838
f 2838 2839 2830
f 2849 2868 2833
f 2825 2844 2831
f 2831 2835 2836
f 2836 2837 2832
f 2833 2868 2850
f 2828 2861 2841
f 2851 2842 4799
f 2844 2852 2831
f 2831 2856 2835
f 2835 2856 2857
f 2835 2857 2845
f 2835 2845 2836
f 2836 2845 2837
f 2837 2845 2846
f 2846 2847 2838
f 2838 2847 2839
f 2839 2847 2848
f 2839 1211 1201
f 2850 2854 2840
f 2841 2861 2862
f 2834 2862 2851
f 2851 2855 2842
f 2842 2855 2844
f 2852 2856 2831
f 2845 2853 2846
f 2846 2858 2847
f 2862 2863 2851
f 2844 2855 2869
f 2852 2884 2856
f 2857 2865 2853
f 2857 2853 2845
f 2846 2853 2858
f 2858 2859 2847
f 2847 2859 2848
f 2848 2859 2860
f 2843 2868 2849
f 2868 2890 2850
f 2850 2890 2854
f 2854 2861 2840
f 2840 2861 2828
f 2863 2882 2873
f 2883 2851 2863
f 2851 2883 2855
f 2844 2869 2852
f 2852 2869 2875
f 2852 2875 2884
f 2856 2864 2857
f 2865 2866 2853
f 2853 2866 2858
f 2843 2880 2868
f 2854 2890 2922
f 2861 2882 2862
f 2883 2874 2855
f 2855 2874 2869
f 2884 2864 2856
f 2864 2865 2857
f 2866 2870 2858
f 2858 2870 2859
f 2859 2870 2867
f 2859 2867 2860
f 2860 2867 1280
f 2861 2881 2882
f 2882 2863 2862
f 2863 2873 2883
f 2874 2891 2869
f 2884 2885 2864
f 2864 2885 2876
f 2864 2876 2865
f 2865 2876 2877
f 2865 2877 2866
f 2870 2878 2871
f 2870 2871 2867
f 2867 2871 2872
f 2867 2872 1280
f 3677 2880 2843
f 2868 2880 2890
f 2890 2880 2889
f 2922 2898 2854
f 2854 2898 2861
f 2861 2898 2881
f 2883 2900 2874
f 2869 2891 2875
f 2877 2894 4842
f 2878 2870 4847
f 2878 2887 2871
f 2871 2887 2888
f 2871 2888 2872
f 2872 2888 2879
f 2872 1269 1280
f 2881 2904 2882
f 2891 2905 2875
f 2875 2905 2884
f 2885 2892 2876
f 2876 2892 2893
f 2876 2893 2877
f 2877 2893 2894
f 2894 2902 4842
f 4842 2902 2886
f 4842 2886 2878
f 2878 2886 2887
f 2888 2897 1333
f 2888 1333 2879
f 2880 2913 2889
f 2882 2904 2873
f 2873 2914 2883
f 2883 2914 2900
f 2900 2891 2874
f 2905 2906 2884
f 2884 2906 2885
f 2885 2906 2892
f 2893 2901 2894
f 2902 2903 2886
f 2886 2903 2895
f 2886 2895 2887
f 2887 2895 2896
f 2887 2896 2888
f 2896 2897 2888
f 1333 1319 2879
f 2890 2889 2922
f 2898 2932 2899
f 2898 2899 2881
f 2881 2899 2904
f 2904 2899 2958
f 2904 2933 2873
f 2891 2900 2924
f 2891 2924 2905
f 2906 2926 2892
f 2892 2926 2907
f 2892 2907 2893
f 2893 2907 2901
f 2901 2902 2894
f 2902 2909 2903
f 2903 2917 2895
f 2895 2917 2910
f 2895 2910 2896
f 2896 2910 2911
f 2896 2911 2897
f 2897 2911 1349
f 1333 2897 1349
f 2898 2922 2932
f 2933 2969 2914
f 2933 2914 2873
f 2900 2914 2923
f 2900 2923 2924
f 2924 2925 2905
f 2905 2915 2906
f 2907 2927 2901
f 2901 2927 2908
f 2901 2908 2902
f 2902 2908 2909
f 2909 2916 2903
f 2903 2916 2917
f 2913 2956 2889
f 2889 2956 2921
f 2921 2922 2889
f 2958 2933 2904
f 2925 2915 2905
f 2915 2926 2906
f 4954 2927 2907
f 2908 2936 2909
f 2909 2936 2916
f 2917 2918 2910
f 2910 2918 2911
f 2911 2918 2919
f 2911 2919 2920
f 2911 2920 1349
f 2912 2913 3677
f 3677 2913 2880
f 2932 2957 2899
f 2958 2968 2933
f 2969 2923 2914
f 2923 2969 2949
f 2925 2934 2915
f 2915 2934 2926
f 4954 2962 2927
f 2908 2935 2936
f 2936 2946 2928
f 2936 2928 2916
f 2916 2928 2929
f 2916 2929 2917
f 2917 2929 2918
f 2918 2929 2930
f 2918 2930 2919
f 2919 2930 2939
f 2919 2939 2941
f 2919 2941 2920
f 2920 2941 1373
f 2920 1373 1349
f 2922 2921 2931
f 2931 2932 2922
f 2957 2958 2899
f 2923 2949 2942
f 2923 2942 2924
f 2924 2942 2925
f 2925 2943 2934
f 2934 2944 2926
f 2962 2935 2927
f 2927 2935 2908
f 2946 2951 2928
f 2928 2951 2937
f 2928 2937 2929
f 2929 2937 2938
f 2929 2938 2930
f 2930 2938 2947
f 2930 2947 2939
f 2939 2940 2941
f 2941 1385 1373
f 2932 2931 2957
f 2933 2968 2969
f 2949 2959 2942
f 2942 2943 2925
f 2943 2960 2934
f 2934 2960 2944
f 2944 2961 4954
f 4954 2961 2962
f 2962 2974 2935
f 2935 2974 2945
f 2935 2945 2936
f 2936 2945 2946
f 2951 2964 2937
f 2937 2964 2952
f 2937 2952 2938
f 2938 2952 2947
f 2947 2948 2939
f 2939 2948 2940
f 2940 2948 2955
f 2940 1385 2941
f 1385 2940 2955
f 3688 2956 2913
f 2956 3000 2921
f 2921 3000 2931
f 2931 3015 2957
f 2949 2982 2959
f 2959 2970 2942
f 2942 2970 2943
f 2960 2972 2944
f 2944 2972 2961
f 2974 2986 2945
f 2945 2986 2950
f 2945 2950 2946
f 2946 2950 2951
f 2965 2947 2952
f 2947 2965 2953
f 2947 2953 2948
f 2948 2953 2954
f 2948 2954 2955
f 2956 2999 3000
f 2957 3025 2958
f 2969 2982 2949
f 2970 2971 2943
f 2943 2971 2960
f 2986 2993 2950
f 2950 2993 2963
f 2950 2963 2951
f 2951 2963 2964
f 2964 2977 2952
f 2952 2977 2965
f 2965 2978 2953
f 2953 2978 2966
f 2953 2966 2954
f 2954 2966 2967
f 2954 2967 2955
f 2955 2967 1416
f 2955 1416 1400
f 2957 3015 3025
f 3025 3001 2958
f 2958 3001 2968
f 2968 2981 2969
f 2982 3002 2959
f 2959 3002 2970
f 2971 2991 2960
f 2960 2991 2972
f 2972 2983 2961
f 2961 2983 2973
f 2961 2973 2962
f 2962 2973 2974
f 2993 2975 2963
f 2963 2975 2976
f 2963 2976 2964
f 2964 2976 2977
f 2977 2989 2965
f 2965 2989 2978
f 2978 2979 2966
f 2966 2979 2980
f 2966 2980 2967
f 2967 2980 1439
f 2967 1439 1416
f 3025 3049 3001
f 2968 3001 2981
f 2969 2981 2982
f 3002 3017 2970
f 2970 3017 2971
f 2971 2990 2991
f 2991 3004 2972
f 2972 3004 2983
f 2983 2984 2973
f 2973 2984 2985
f 2973 2985 2974
f 2974 2985 2986
f 2993 3006 2975
f 2975 3007 2987
f 2975 2987 2976
f 2976 2987 2988
f 2976 2988 2977
f 2977 2988 2989
f 2989 2997 2978
f 2978 2997 2979
f 2979 2998 2980
f 2980 2998 1470
f 2980 1470 1439
f 3000 3014 2931
f 2931 3014 3015
f 3001 3061 2981
f 2981 3061 3026
f 2981 3026 2982
f 2982 3026 3016
f 2982 3016 3002
f 3017 3037 2990
f 3004 3018 2983
f 2983 3018 2984
f 2984 3018 3028
f 2984 3028 2992
f 2984 2992 2985
f 2985 2992 4949
f 2985 4949 2986
f 2986 4949 2993
f 3007 3030 2994
f 3007 2994 2987
f 2987 2994 2995
f 2987 2995 2988
f 2988 2995 2996
f 2988 2996 2989
f 2989 2996 2997
f 2979 2997 3011
f 2979 3011 2998
f 3000 3036 3014
f 3084 3025 3015
f 3037 3050 2990
f 2990 3050 3003
f 2990 3003 2991
f 2991 3003 3004
f 3028 3040 2992
f 2992 3040 3005
f 2992 3005 4949
f 3030 3031 2994
f 2994 3031 3008
f 2994 3008 2995
f 2995 3008 3009
f 2995 3009 2996
f 2996 3009 3010
f 2996 3010 2997
f 2997 3010 3011
f 3011 3012 2998
f 3012 3011 3023
f 2998 3012 3013
f 2998 3013 1470
f 2999 3035 3059
f 2999 3059 3000
f 3059 3036 3000
f 3049 3061 3001
f 3016 3062 3002
f 3002 3062 3017
f 3050 3065 3003
f 3003 3065 3027
f 3003 3027 3004
f 3004 3027 3018
f 3040 3041 3005
f 3005 3041 3019
f 3005 3019 3006
f 3006 3019 3020
f 3006 3020 3007
f 3007 3020 3030
f 3031 4838 3008
f 3008 4838 3032
f 3008 3032 3009
f 3009 3032 3021
f 3009 3021 3010
f 3010 3021 3022
f 3010 3022 3011
f 3011 3022 3023
f 3023 3034 3024
f 3023 3024 3012
f 3012 3024 1499
f 3012 1499 3013
f 3036 3048 3014
f 3014 3048 3015
f 3084 3049 3025
f 3061 3087 3026
f 3062 3037 3017
f 3027 3051 3018
f 3018 3051 3028
f 3041 3053 3019
f 3019 3053 3029
f 3019 3029 3020
f 3020 3029 3030
f 3032 3044 3021
f 3021 3044 3033
f 3021 3033 3022
f 3022 3033 3034
f 3022 3034 3023
f 3034 3046 3024
f 3024 3046 1524
f 3024 1524 1499
f 3036 2380 3048
f 3015 3048 3084
f 3026 3087 3016
f 3062 3063 3037
f 3065 3038 3027
f 3027 3038 3051
f 3051 3039 3028
f 3028 3039 3040
f 3053 3054 3029
f 3029 3054 3042
f 3029 3042 3030
f 3030 3042 3043
f 3030 3043 3031
f 3031 3043 4838
f 4838 3043 3069
f 3032 4926 3044
f 3044 3056 3033
f 3033 3056 3045
f 3033 3045 3034
f 3034 3045 3046
f 3046 3047 1524
f 3036 3059 3106
f 3036 3106 2380
f 3061 3086 3087
f 3087 3088 3016
f 3063 3064 3037
f 3037 3064 3050
f 3065 3075 3038
f 3038 3066 3051
f 3051 3076 3039
f 3039 3076 3090
f 3039 3090 3052
f 3039 3052 3040
f 3040 3052 3041
f 3041 3052 3067
f 3041 3067 3053
f 3054 3068 3042
f 3042 3068 3055
f 3042 3055 3043
f 3043 3055 3069
f 3044 3070 3056
f 3056 3072 3045
f 3045 3072 3057
f 3045 3057 3046
f 3046 3057 3047
f 3047 3057 3058
f 3047 3058 1535
f 3047 1535 1523
f 3047 1523 1524
f 2380 3060 3048
f 3048 3060 3084
f 3049 3084 3085
f 3049 3085 3061
f 3088 3062 3016
f 3062 3073 3063
f 3050 3064 3074
f 3050 3074 3065
f 3075 3066 3038
f 3051 3066 3076
f 3052 3099 3067
f 3067 3091 3053
f 3053 3091 3092
f 3053 3092 3054
f 3054 3092 3068
f 3068 3077 3055
f 3055 3077 3069
f 3069 3078 4926
f 3070 3079 3071
f 3070 3071 3056
f 3056 3071 3072
f 3072 3082 3057
f 3057 3082 3058
f 3058 4796 3083
f 3058 3083 1535
f 3085 3086 3061
f 3088 3073 3062
f 3073 3095 3063
f 3063 3095 3064
f 3064 3095 3096
f 3064 3096 3074
f 3074 3075 3065
f 3075 3097 3066
f 3066 3089 3076
f 3067 3099 3091
f 3092 3110 3068
f 3068 3110 3111
f 3068 3111 3077
f 3077 3093 3069
f 3069 3093 3078
f 3078 3094 3070
f 3070 3094 3079
f 3079 3080 3071
f 3071 3080 3081
f 3071 3081 3072
f 3072 3081 3082
f 3083 1549 1535
f 3084 2402 3085
f 3086 3107 3087
f 3087 3108 3088
f 3074 2384 2394
f 3074 2394 3075
f 3075 2394 3097
f 3097 3089 3066
f 3076 3089 3090
f 3090 3099 3052
f 3111 3101 3077
f 3077 3101 3093
f 3093 3102 3078
f 3078 3102 3094
f 3094 3112 3079
f 3079 3112 3103
f 3079 3103 3080
f 3080 3103 3104
f 3080 3104 3081
f 3081 3104 4783
f 3081 4783 3082
f 3083 4951 1573
f 3083 1573 1549
f 3035 4371 3059
f 3059 4371 2356
f 3059 2356 3106
f 3060 2402 3084
f 3085 2402 2382
f 3085 2382 3086
f 3107 3108 3087
f 3108 3073 3088
f 3095 2393 3096
f 2394 2385 3097
f 3089 3097 2403
f 3089 2403 3098
f 3089 3098 3090
f 3090 3098 3099
f 3099 3109 3091
f 3091 3109 3100
f 3091 3100 3092
f 3092 3100 3110
f 3101 4858 3093
f 3093 4858 3102
f 3102 3112 3094
f 3104 3114 4783
f 3114 3105 4955
f 4951 1586 1573
f 2380 2310 3060
f 3086 2382 3107
f 3107 2383 2392
f 3107 2392 3108
f 3108 2369 3073
f 3073 4763 3095
f 3095 4763 2393
f 2393 2384 3096
f 3096 2384 3074
f 2385 2395 3097
f 3097 2395 2403
f 2403 2404 3098
f 3098 2404 3109
f 3098 3109 3099
f 3109 2405 3100
f 3100 2405 2406
f 3100 2406 3110
f 3111 2408 3101
f 4858 2409 3102
f 3102 2409 3112
f 3112 2411 3103
f 3103 2411 3113
f 3103 3113 3104
f 3104 3113 3114
f 3114 2412 3105
f 3105 2412 3115
f 3105 3115 5038
f 5038 3115 4963
f 5038 1594 1586
f 3060 2310 2357
f 3060 2357 2402
f 3107 2382 2383
f 3108 2392 2369
f 2384 2370 2394
f 3109 2404 2387
f 3109 2387 2405
f 2405 2361 2406
f 3110 2406 2407
f 3110 2407 3111
f 3111 2407 2408
f 4858 2373 2396
f 4858 2396 2409
f 3112 2409 2410
f 3112 2410 2411
f 2411 2398 3113
f 3113 2398 2399
f 3113 2399 3114
f 3114 2399 2412
f 2412 4906 3115
f 3115 4906 5035
f 3115 5035 4963
f 3125 3123 3116
f 3123 3625 3624
f 3120 3125 3116
f 3625 3129 3117
f 3118 3130 3121
f 3118 3121 3627
f 3627 3126 3122
f 3123 3125 3138
f 3625 3124 3129
f 3117 3129 3127
f 3123 3138 3625
f 3625 3138 3124
f 3627 3121 3126
f 3119 3122 4866
f 3119 4866 3128
f 3124 3139 3129
f 3126 3145 3131
f 4866 1695 3128
f 3133 3125 3120
f 3126 3131 4887
f 3127 3129 3134
f 3121 3145 3126
f 3129 3139 3134
f 3127 3134 3130
f 3130 3137 3121
f 3139 3144 3134
f 3130 3134 3137
f 3137 3145 3121
f 5006 3132 1695
f 3125 3141 3138
f 3142 3124 3138
f 3150 3139 3124
f 3145 3147 3131
f 3133 3141 3125
f 3144 3151 3137
f 3135 3136 5006
f 5006 3140 1771
f 5006 1771 3132
f 3463 3141 3133
f 3142 3143 3124
f 3151 3145 3137
f 3131 3147 3148
f 3131 3148 3135
f 5006 3136 3140
f 3141 3142 3138
f 3135 3148 3136
f 3136 3148 3152
f 3136 3152 3149
f 3136 3149 3140
f 3154 3141 3463
f 3141 3155 3142
f 3143 3150 3124
f 3141 3154 3155
f 3150 3160 3139
f 3145 3146 3147
f 3149 3153 3140
f 3140 1867 1771
f 3143 3159 3150
f 3139 3160 3144
f 3144 3165 3151
f 3147 3156 3148
f 3152 3157 3149
f 3140 3153 1867
f 3142 3155 3143
f 3160 3165 3144
f 3145 3151 3146
f 3146 3156 3147
f 3156 3152 3148
f 3149 3162 3153
f 3153 3158 1867
f 3155 3182 3143
f 3151 3166 3146
f 3157 3162 3149
f 3162 3158 3153
f 3159 3160 3150
f 3165 3166 3151
f 3157 3161 3162
f 3154 3481 3155
f 3155 3481 3182
f 3182 3159 3143
f 3159 3177 3160
f 3166 3168 3146
f 3146 3168 3156
f 3156 3168 3167
f 3156 3169 3152
f 3162 3172 3163
f 3162 3163 3158
f 3177 3174 3160
f 3156 3167 3169
f 3152 3169 3157
f 3172 3173 3163
f 3158 3163 3164
f 3182 3183 3159
f 3174 3165 3160
f 3178 3166 3165
f 3166 3175 3168
f 3188 3167 3175
f 3157 3170 3161
f 3161 3170 3171
f 3161 3171 3172
f 3161 3172 3162
f 3172 3180 3173
f 3173 3164 3163
f 3159 3183 3177
f 3165 3174 3178
f 3178 3196 3166
f 3166 3196 3175
f 3167 3179 3169
f 3169 3170 3157
f 3172 3176 3180
f 3173 1999 3164
f 3187 3174 3177
f 3196 3201 3175
f 3168 3175 3167
f 3188 3179 3167
f 3169 3179 3170
f 3171 3191 3176
f 3171 3176 3172
f 3173 3180 3181
f 3173 3181 1999
f 3481 3192 3182
f 3187 3208 3174
f 3174 3208 3178
f 3201 3188 3175
f 3188 3184 3179
f 3179 3189 3170
f 3170 3189 3171
f 3183 3187 3177
f 3178 3208 3196
f 3179 3184 3189
f 3171 3190 3191
f 3176 3191 3185
f 3176 3185 3180
f 3180 3185 3186
f 3180 3186 3181
f 3181 3186 2025
f 3181 2025 1998
f 3181 1998 1999
f 3490 3192 3481
f 3182 3192 3199
f 3182 3199 3183
f 3183 3199 3200
f 3183 3200 3187
f 3201 3210 3188
f 3184 3202 3193
f 3184 3193 3189
f 3189 3190 3171
f 3190 3197 3191
f 3191 3194 3185
f 3185 3194 3195
f 3185 3195 3186
f 3186 3195 3198
f 3186 3198 2025
f 3188 3210 3184
f 3189 3193 3190
f 3190 3193 3211
f 3190 3211 3197
f 3191 3197 3194
f 3192 3224 3199
f 3208 3209 3196
f 3193 3202 3214
f 3193 3214 3211
f 3197 3204 3194
f 3194 3204 3205
f 3194 3205 3195
f 3195 3205 3206
f 3195 3206 3198
f 3198 2051 2025
f 3192 3219 3224
f 3200 3207 3187
f 3187 3207 3233
f 3187 3233 3208
f 3209 3234 3213
f 3209 3213 3196
f 3196 3213 3201
f 3210 3220 3184
f 3211 3203 3197
f 3197 3203 3204
f 3199 3224 3200
f 3213 3210 3201
f 3184 3220 3202
f 3214 3215 3211
f 3211 3215 3203
f 3203 3221 3204
f 3204 3221 3205
f 3205 3221 3216
f 3205 3216 3206
f 3206 3216 3217
f 3212 3198 3206
f 3198 3212 2051
f 3233 3209 3208
f 3213 3225 3210
f 3202 3220 3226
f 3202 3226 3214
f 3221 3228 3216
f 3217 3218 3206
f 3206 3218 3212
f 3212 3218 3223
f 3212 3223 2073
f 3224 3251 3200
f 3233 3258 3209
f 3234 3225 3213
f 3210 3225 3220
f 3226 3236 3214
f 3216 3228 3229
f 3216 3229 3217
f 3217 3229 3230
f 3217 3230 3222
f 3217 3222 3218
f 3218 3222 3223
f 3234 3277 3225
f 3225 3235 3220
f 3220 3235 3226
f 3226 3243 3236
f 3214 3236 3215
f 3215 3236 3237
f 3215 3237 3203
f 3203 3237 3227
f 3203 3227 3221
f 3221 3227 3228
f 3228 3239 3229
f 3229 3240 3230
f 3230 3231 3222
f 3222 3231 3232
f 3222 3232 3223
f 3223 3232 2097
f 3223 2097 2073
f 3200 3251 3207
f 3233 3257 3258
f 3258 3234 3209
f 3225 3277 3259
f 3225 3259 3235
f 3235 3260 3243
f 3235 3243 3226
f 3237 3244 3227
f 3227 3244 3238
f 3227 3238 3228
f 3228 3238 3239
f 3239 3245 3229
f 3229 3245 3240
f 3240 3231 3230
f 3231 3240 3241
f 3231 3241 3242
f 3231 3242 3232
f 3276 3207 3251
f 3235 3259 3260
f 3243 3246 3236
f 3236 3246 3237
f 3237 3246 3261
f 3237 3261 3244
f 3244 3253 3238
f 3238 3253 3247
f 3238 3247 3239
f 3239 3247 3245
f 3245 3248 3240
f 3240 3248 3241
f 3241 3249 3242
f 3242 3249 3250
f 3242 3250 2135
f 3242 2135 3232
f 3502 3266 3224
f 3233 3207 3257
f 3260 3252 3243
f 3243 3252 3246
f 3261 3269 3244
f 3244 3269 3253
f 3253 3262 3247
f 3247 3254 3245
f 3245 3254 3248
f 3248 3255 3241
f 3241 3255 3249
f 3250 2152 2135
f 3224 3266 3251
f 3234 3258 3298
f 3260 3280 3252
f 3252 3268 3246
f 3246 3268 3261
f 3262 3254 3247
f 3254 4726 3248
f 3248 4726 3255
f 3255 3256 3249
f 3249 3256 3265
f 3249 3265 3250
f 3250 3265 2152
f 3266 3267 3251
f 3276 3297 3257
f 3257 3297 3290
f 3290 3258 3257
f 3298 3277 3234
f 3259 3279 3260
f 3269 3282 3253
f 3253 3282 3262
f 3262 3270 3254
f 3254 3270 3271
f 3254 3271 4726
f 3263 3272 3264
f 3263 3264 3255
f 3255 3264 3256
f 3256 3274 3265
f 3265 2180 2152
f 3267 3276 3251
f 3290 3298 3258
f 3259 3277 3278
f 3279 3280 3260
f 3280 3300 3252
f 3252 3300 3268
f 3268 3281 3261
f 3261 3281 3269
f 3282 3283 3262
f 3262 3283 3270
f 3271 3285 3263
f 3263 3285 3272
f 3264 3272 3273
f 3264 3273 3256
f 3256 3273 3274
f 3274 3288 3275
f 3274 3275 3265
f 3265 3275 2180
f 3509 3525 3266
f 3276 3296 3297
f 3278 3309 3315
f 3259 3278 3279
f 3300 3291 3268
f 3268 3291 3281
f 3281 3292 3269
f 3269 3292 3282
f 3282 4784 3283
f 3283 3303 3270
f 3270 3303 3284
f 3270 3284 3271
f 3271 3284 3285
f 3285 3293 3272
f 3272 3293 3286
f 3272 3286 3287
f 3272 3287 3273
f 3273 3287 3288
f 3273 3288 3274
f 3288 3289 3275
f 3275 3289 2204
f 3275 2204 2180
f 3525 3267 3266
f 3276 3267 3296
f 3298 3309 3277
f 3277 3309 3278
f 3278 3315 3316
f 3278 3316 3279
f 3279 3316 3299
f 3279 3299 3280
f 3280 3299 3300
f 3300 3301 3291
f 3291 3302 3281
f 3281 3302 3292
f 3292 4784 3282
f 3303 4820 3284
f 3284 3304 3285
f 3285 3304 3293
f 3293 3305 3286
f 3286 3305 3294
f 3286 3294 3287
f 3287 3294 3295
f 3287 3295 3288
f 3288 3295 3289
f 3290 3297 3333
f 3290 3333 3314
f 3314 3298 3290
f 3301 3310 3291
f 3291 3310 3302
f 3302 3318 3292
f 3292 3318 4784
f 3304 4808 3312
f 3304 3312 3293
f 3293 3312 3305
f 3305 3322 3294
f 3294 3322 3306
f 3294 3306 3295
f 3295 3306 3307
f 3295 3307 3308
f 3295 3308 3289
f 3289 3308 2219
f 3289 2219 2204
f 3267 3350 3296
f 3297 3296 3333
f 3298 3314 3309
f 3316 3342 3299
f 3299 3342 3326
f 3299 3326 3300
f 3300 3326 3301
f 3301 3326 3334
f 3301 3334 3310
f 3310 3317 3302
f 3302 3317 3318
f 3318 3328 4784
f 3312 3321 3305
f 3305 3321 3322
f 3322 3323 3306
f 3306 3323 3313
f 3306 3313 3307
f 3307 3313 3325
f 3307 3325 3308
f 3308 3325 2254
f 3308 2254 2219
f 3267 3525 3362
f 3296 3350 5024
f 3314 3341 3309
f 3309 3341 3315
f 3315 3351 3316
f 3334 3343 3310
f 3310 3343 3317
f 4808 4877 3319
f 4808 3319 3320
f 4808 3320 3312
f 3312 3320 3321
f 3322 3331 3323
f 3323 3332 3313
f 3313 3332 3324
f 3313 3324 3325
f 3314 4786 3341
f 3341 3363 3315
f 3315 3363 3351
f 3351 3342 3316
f 3342 3364 3326
f 3343 3365 3317
f 3317 3365 3327
f 3317 3327 3318
f 3318 3327 3328
f 3335 3344 4867
f 3319 3345 3357
f 3319 3357 3329
f 3319 3329 3320
f 3320 3329 3330
f 3320 3330 3321
f 3321 3330 3331
f 3321 3331 3322
f 3331 3338 3323
f 3323 3338 3332
f 3332 3339 3324
f 3324 3339 2279
f 3324 2279 3325
f 3325 2279 2253
f 3325 2253 2254
f 3267 3362 3350
f 3364 3352 3326
f 3326 3352 3334
f 3334 3374 3343
f 3365 3353 3327
f 3327 3353 4900
f 3327 4900 3328
f 3344 3345 4877
f 4877 3345 3319
f 3357 3358 3329
f 3329 3358 3336
f 3329 3336 3330
f 3330 3336 3337
f 3330 3337 3331
f 3331 3337 3338
f 3338 3348 3332
f 3332 3348 3339
f 3339 3340 2279
f 3525 3523 3362
f 3362 3423 3350
f 3341 3372 3363
f 3352 3374 3334
f 4900 3355 3335
f 3335 3355 3344
f 3344 3356 3345
f 3358 3368 3336
f 3336 3368 3346
f 3336 3346 3337
f 3337 3346 3359
f 3337 3359 3338
f 3338 3359 3347
f 3338 3347 3348
f 3349 3348 3360
f 3348 3349 3339
f 3339 3349 3340
f 4786 3409 3372
f 4786 3372 3341
f 3351 3373 3342
f 3342 3373 3364
f 3374 3375 3343
f 3343 3375 3365
f 3353 3376 3354
f 3353 3354 4900
f 4900 3354 3355
f 3355 4749 3344
f 3344 4749 3356
f 3356 3357 3345
f 3357 3379 3358
f 3368 3382 3346
f 3346 3382 3359
f 3347 3359 5042
f 3347 5042 3348
f 3360 3371 3349
f 3371 3361 3349
f 3349 3361 3340
f 3350 3423 5024
f 5024 3408 3386
f 3363 3398 3351
f 3351 3398 3373
f 3364 3410 3352
f 3352 3410 3374
f 3365 3376 3353
f 3376 3389 3354
f 3354 3389 3366
f 3354 3366 3355
f 3355 3366 4749
f 3356 3378 3367
f 3356 3367 3357
f 3357 3367 3379
f 3379 3380 3358
f 3358 3380 3368
f 3382 3369 3359
f 3359 3369 5042
f 5042 3370 3360
f 3360 3370 3371
f 3371 3385 2326
f 3371 2326 3361
f 3523 3407 3362
f 3407 3423 3362
f 5024 3423 3430
f 3386 3409 4786
f 3409 3432 3372
f 3372 3387 3363
f 3363 3387 3398
f 3373 3399 3364
f 3364 3399 3410
f 3374 3411 3375
f 3375 3388 3365
f 3365 3388 3376
f 3389 3402 3366
f 3366 3402 3377
f 3366 3377 4749
f 3378 3391 3367
f 3367 3391 3379
f 3380 3381 3368
f 3368 3381 3382
f 3382 3394 3369
f 3369 3394 3383
f 3383 3395 3370
f 3370 3395 3384
f 3370 3384 3371
f 3371 3384 3385
f 3385 2325 2326
f 5024 3430 3408
f 3372 3432 3387
f 3398 3434 3373
f 3373 3434 3399
f 3410 3411 3374
f 3411 3412 3375
f 3375 3412 3388
f 3388 3400 3401
f 3388 3401 3376
f 3376 3401 3389
f 3402 3415 3377
f 3377 3415 3390
f 3377 3390 3378
f 3378 3390 3391
f 3391 3404 3379
f 3379 3404 3380
f 3380 3404 3392
f 3380 3392 3381
f 3381 3392 3393
f 3381 3393 3382
f 3382 3393 3394
f 3394 3405 3383
f 4957 3395 3383
f 3395 3396 3384
f 3384 3396 3397
f 3384 3397 3385
f 3385 3397 2325
f 3523 3531 3407
f 3432 3433 3387
f 3387 3433 3398
f 3412 3400 3388
f 3401 3414 3389
f 3389 3414 3402
f 3390 3440 3403
f 3390 3403 3391
f 3391 3403 3404
f 3404 3417 3392
f 3392 3417 3418
f 3392 3418 3393
f 3393 3418 3419
f 3393 3419 3394
f 3394 3419 3405
f 3396 3422 3397
f 3397 3422 3406
f 3397 3406 2325
f 3408 3431 3386
f 3386 3431 3409
f 3433 3434 3398
f 3399 3424 3410
f 3412 4721 3400
f 3400 4721 3447
f 3400 3447 3413
f 3400 3413 3401
f 3401 3413 3414
f 3414 3439 3402
f 3402 3439 3415
f 3415 3440 3390
f 3440 3449 3403
f 3403 3449 3416
f 3403 3416 3404
f 3404 3416 3417
f 3418 3426 3419
f 3405 3419 3427
f 3405 3427 3420
f 3420 3421 5000
f 5000 3421 3428
f 3422 3429 3406
f 3406 3429 2355
f 3408 775 3431
f 3431 776 3409
f 3409 776 3432
f 3432 3444 3433
f 3434 3435 3399
f 3399 3435 3424
f 3410 3424 3436
f 3410 3436 3411
f 3411 3436 3437
f 3411 3437 3412
f 3447 800 3413
f 3413 800 3438
f 3413 3438 3414
f 3414 3438 3439
f 3439 3448 3415
f 3415 3448 3440
f 3440 801 3449
f 3449 3450 3416
f 3416 3450 3451
f 3416 3451 3417
f 3417 3451 3425
f 3417 3425 3418
f 3418 3425 3426
f 3426 3453 3419
f 3419 3453 3427
f 3427 3441 3420
f 3420 3441 3421
f 3421 3441 3442
f 3421 3442 3428
f 4733 3422 4939
f 3422 4733 3429
f 3531 758 3407
f 3407 759 3423
f 3423 759 3430
f 3434 783 3435
f 3435 784 3424
f 3424 784 3436
f 3451 792 3425
f 3425 792 3452
f 3425 3452 3426
f 3426 3452 3453
f 3453 3454 3427
f 3427 3454 3441
f 3442 3443 3428
f 4980 4939 3428
f 758 759 3407
f 759 725 3430
f 3430 725 775
f 775 760 3431
f 3431 760 776
f 776 761 3432
f 3432 761 3444
f 3433 3444 3445
f 3433 3445 3434
f 3434 3445 783
f 3435 783 748
f 3435 748 784
f 3436 784 785
f 3436 785 3437
f 3437 785 3446
f 800 787 3438
f 3438 787 788
f 3438 788 3439
f 3439 788 3448
f 3448 801 3440
f 3454 3455 3441
f 3441 3455 3442
f 3442 3455 3456
f 3442 3456 3443
f 3443 3456 804
f 3443 804 805
f 3430 775 3408
f 3444 747 3445
f 784 4987 785
f 3446 749 777
f 3446 777 4721
f 4721 777 3447
f 3447 777 786
f 3447 786 800
f 788 789 3448
f 3448 789 790
f 3448 790 801
f 801 791 3449
f 3449 791 802
f 3449 802 3450
f 3450 802 803
f 3450 803 3451
f 3451 803 792
f 792 778 3452
f 3452 778 793
f 3452 793 3453
f 3453 793 3454
f 3454 793 794
f 3454 794 3455
f 3455 794 795
f 3455 795 3456
f 3456 795 796
f 3456 796 804
f 798 3457 4979
f 3457 798 4713
f 3457 4713 4712
f 2430 3461 2420
f 2430 2415 3461
f 2426 3460 2422
f 2423 2415 2427
f 2416 2423 2429
f 2421 2417 3458
f 2426 2419 2413
f 2423 3462 2415
f 2416 3462 2423
f 2420 2413 2419
f 2418 3133 3120
f 3460 3133 2418
f 2413 3460 2426
f 3807 3459 2414
f 2414 3459 2417
f 4771 3463 3460
f 3458 3464 2416
f 2417 3459 3458
f 2416 3465 3462
f 3464 3465 2416
f 3469 2420 3461
f 2415 3466 3461
f 3467 3466 2415
f 3462 3467 2415
f 3460 3463 3133
f 3471 3464 3458
f 2420 3469 2413
f 3461 3466 3470
f 3464 3477 3465
f 3471 3477 3464
f 3459 3471 3458
f 3462 3465 3467
f 3461 3470 3469
f 3473 3154 3463
f 3473 3463 4771
f 2413 3469 3473
f 3459 3472 3471
f 3459 3468 3472
f 3472 3474 3471
f 3477 3475 3465
f 3469 3479 3473
f 3466 3476 3470
f 3471 3485 3477
f 3471 3474 3485
f 3470 3479 3469
f 3467 3480 3466
f 3475 3467 3465
f 3473 3482 3154
f 3479 3482 3473
f 3470 3483 3479
f 3480 3476 3466
f 3480 3475 3484
f 3475 3480 3467
f 3476 3483 3470
f 3154 3482 3481
f 3475 3477 3484
f 3485 3488 3477
f 3478 3482 3479
f 3479 3483 3478
f 3474 3486 3485
f 3477 3488 3484
f 3487 3486 3474
f 3482 3490 3481
f 3476 3489 3483
f 3482 3478 3490
f 3480 3489 3476
f 3484 4918 3491
f 3488 4918 3484
f 3485 3486 3488
f 3480 3491 3489
f 3484 3491 3480
f 3487 3492 3486
f 3486 3496 3488
f 3478 3493 3490
f 3483 3494 3478
f 3489 3494 3483
f 3488 3496 4918
f 3490 3219 3192
f 3494 3493 3478
f 3487 3497 3492
f 3491 3495 3489
f 3491 4918 3495
f 3492 3496 3486
f 3494 3499 3493
f 3498 3504 3496
f 3496 3492 3498
f 3493 3502 3219
f 3493 3219 3490
f 3494 5010 3499
f 3497 3501 3492
f 3219 3502 3224
f 4918 3506 3495
f 3500 3498 3492
f 3497 3994 3501
f 3495 3503 5010
f 3506 3503 3495
f 3492 3501 3500
f 3499 3502 3493
f 5010 3505 3499
f 3501 3507 3500
f 3509 3266 3502
f 3994 3507 3501
f 3508 3507 3994
f 3499 3509 3502
f 3506 3511 3503
f 3500 3510 3498
f 3500 3512 3510
f 3515 3505 5010
f 3503 3515 5010
f 3500 3507 3512
f 3505 3509 3499
f 3511 3515 3503
f 3504 3516 3506
f 3498 3517 3504
f 3509 3505 3513
f 3517 3516 3504
f 3498 3510 3517
f 3506 3516 3511
f 3517 3519 3516
f 3512 3521 3510
f 3508 4015 3507
f 3515 3514 3505
f 3518 3514 3515
f 3511 3518 3515
f 3517 3510 3520
f 3512 3522 3521
f 4015 3522 3512
f 3507 4015 3512
f 3513 3525 3509
f 3521 3520 3510
f 3513 3523 3525
f 3505 3514 3513
f 3516 3528 3511
f 3517 3520 3519
f 3522 3526 3521
f 3511 3528 3518
f 3516 3524 3528
f 3513 3527 3523
f 3513 3514 3527
f 3519 3524 3516
f 4019 3529 3522
f 4015 4019 3522
f 3514 3530 3527
f 3518 3530 3514
f 3529 3526 3522
f 3536 3521 3526
f 3521 3536 3520
f 3527 3531 3523
f 3530 3532 3527
f 3519 3533 3524
f 3519 3520 3533
f 3527 3532 3531
f 3535 3534 3530
f 3535 3518 3528
f 3530 3534 3532
f 3518 3535 3530
f 3528 3537 3535
f 3537 3528 3524
f 3541 3537 3524
f 3533 3541 3524
f 3536 3538 3520
f 3709 3529 4019
f 3535 3539 3534
f 3520 3538 3533
f 2772 2418 3120
f 2772 3546 2418
f 2785 3548 2779
f 2775 2771 2769
f 2774 3549 2777
f 2768 3544 2774
f 2780 2769 2768
f 3546 2772 2773
f 2769 3545 2768
f 3548 2773 2779
f 4874 3548 2785
f 2770 4874 2785
f 3543 3550 2771
f 3548 4855 2773
f 4855 3547 2773
f 3543 4171 3550
f 2773 3547 3546
f 2768 3554 3544
f 3553 3551 3549
f 3549 3544 3553
f 2774 3544 3549
f 3545 3554 2768
f 2771 3555 2769
f 2771 3550 3555
f 2769 3555 3545
f 3556 3555 3550
f 3557 3556 3550
f 4855 2434 3547
f 3544 3559 3553
f 3554 3559 3544
f 3545 3561 3554
f 4171 3557 3550
f 3551 3552 4874
f 3553 3558 3551
f 3555 3561 3545
f 3567 3556 3557
f 3551 3568 3552
f 3554 3560 3559
f 3554 3561 3560
f 3562 3561 3555
f 2468 2455 2434
f 3559 3558 3553
f 3562 3556 3566
f 3556 3562 3555
f 3557 4253 3567
f 3563 2434 4855
f 3552 3564 3563
f 3563 4875 3552
f 4914 3558 3559
f 3567 3566 3556
f 3563 2468 2434
f 3552 3568 3564
f 3562 3565 3561
f 3558 3568 3551
f 3559 3560 4914
f 3561 3565 3560
f 3562 3566 3565
f 3566 3567 3569
f 3574 3569 3567
f 3564 3570 2468
f 3563 3564 2468
f 3560 3571 4914
f 3558 3572 3568
f 3565 3571 3560
f 3566 3573 3565
f 3568 3579 3564
f 3568 3572 3579
f 4914 3575 3572
f 3558 4914 3572
f 3564 3579 3570
f 3572 3580 3579
f 3565 3573 3578
f 3566 3569 3573
f 3574 3576 3569
f 3575 3580 3572
f 3578 3571 3565
f 3578 3577 3571
f 3569 3581 3573
f 3573 3581 3578
f 3582 3581 3569
f 3569 3576 3582
f 3579 2499 3570
f 3577 4761 3571
f 3583 2499 3579
f 3580 3583 3579
f 3580 3575 3596
f 3577 3595 4761
f 3578 3586 3577
f 3585 3583 3580
f 3586 3595 3577
f 3576 3584 3582
f 3578 3581 3586
f 3581 3582 3588
f 3584 3588 3582
f 3576 3587 3584
f 3585 3594 3583
f 3580 3596 3585
f 3581 4750 3586
f 4761 3596 3575
f 3588 4750 3581
f 3585 3590 3594
f 3584 3592 3588
f 3587 3589 3584
f 4339 3589 3587
f 3588 3592 5040
f 3589 3592 3584
f 3593 3592 3589
f 3596 3590 3585
f 4339 3593 3589
f 3592 3597 5040
f 3590 2556 3594
f 3598 3591 3595
f 3597 3592 3593
f 3595 3586 3599
f 3593 3600 3597
f 3595 3599 3598
f 2556 3601 5019
f 4750 3599 3586
f 3603 3601 2556
f 3590 3603 2556
f 3596 3602 3590
f 4750 3606 3599
f 3602 3603 3590
f 3591 3602 3596
f 3598 3608 3591
f 3602 3591 3608
f 3593 4354 3600
f 3601 3603 3605
f 3611 3598 3599
f 3606 3611 3599
f 3612 3606 5040
f 4353 4354 3593
f 3602 3610 3603
f 3608 3610 3602
f 3606 3616 3611
f 3600 3604 3597
f 3603 3607 3605
f 3610 3607 3603
f 3601 3609 2665
f 3613 3604 3600
f 3601 3605 3609
f 3598 3620 3608
f 3611 3620 3598
f 4354 3614 3600
f 3608 3620 3610
f 3611 3615 3620
f 3612 3616 3606
f 3604 3617 3612
f 3614 3613 3600
f 3611 3616 3615
f 3613 3618 3604
f 1574 3609 3605
f 3609 1574 2756
f 3619 3607 3610
f 3620 3619 3610
f 3618 3617 3604
f 3614 3621 3613
f 3620 3622 3619
f 3612 3623 3616
f 3617 3623 3612
f 3615 3622 3620
f 3614 3709 3621
f 3127 3130 3626
f 3625 3632 3624
f 3118 3626 3130
f 3117 3632 3625
f 3127 3628 3117
f 3128 3629 3119
f 3127 3626 3628
f 3118 3635 3626
f 3122 3630 3627
f 3119 3630 3122
f 3628 3632 3117
f 3119 3633 3630
f 3629 3633 3119
f 3123 3624 3631
f 3627 3635 3118
f 3120 3636 2772
f 3635 3634 3626
f 3627 4788 3635
f 3630 4788 3627
f 3636 2792 2790
f 3116 3636 3120
f 3632 3641 3624
f 3626 3634 3628
f 3636 3638 2792
f 3116 3638 3636
f 3624 3641 3631
f 3635 3639 3634
f 3633 3637 3630
f 3634 3648 3628
f 3633 3640 3637
f 3116 3631 3638
f 3123 3631 3116
f 3630 3637 4788
f 3640 3642 3637
f 3641 3646 3631
f 3628 3644 3632
f 3634 3645 3648
f 3631 3646 3638
f 3643 3646 3641
f 3644 3643 3641
f 3632 3644 3641
f 3635 4788 3639
f 4583 3642 3640
f 3638 2806 2784
f 3628 3648 3644
f 3639 3645 3634
f 4788 3647 3639
f 3642 3649 3637
f 4583 3650 3642
f 3644 3652 3643
f 3651 3642 3650
f 3638 3646 2806
f 3639 3647 3645
f 3648 3652 3644
f 3653 2815 2806
f 3646 3653 2806
f 3649 3662 3647
f 3642 3651 3649
f 3654 3653 3643
f 3648 3655 3652
f 3645 3655 3648
f 3653 3654 3658
f 3643 3653 3646
f 3647 3656 3645
f 3652 3657 3643
f 3645 3656 3655
f 3662 3656 3647
f 3655 3657 3652
f 3650 3660 3651
f 3651 3659 4759
f 3654 3668 3658
f 3657 3654 3643
f 3662 3666 3656
f 3664 3668 3654
f 3657 3664 3654
f 3659 3663 3665
f 3651 3660 3659
f 3658 2843 2849
f 3661 3664 3657
f 3655 3656 3670
f 3659 3667 4759
f 3663 3659 3660
f 4759 3672 3662
f 3658 3668 2843
f 3664 3669 3668
f 3655 3661 3657
f 3666 3670 3656
f 3672 3675 3666
f 3662 3672 3666
f 3663 4666 3665
f 3664 3661 3669
f 3670 3661 3655
f 3666 3671 3670
f 3675 3671 3666
f 3667 3672 4759
f 3659 3665 3667
f 3670 3674 3661
f 3672 3673 3675
f 3672 3667 3673
f 3661 3678 3669
f 3674 3678 3661
f 3670 3671 3674
f 3667 3676 3680
f 3676 3667 3665
f 3668 3677 2843
f 3671 3679 3674
f 3675 3683 3671
f 3680 3673 3667
f 3665 4666 3676
f 3676 3685 3680
f 3681 3686 3676
f 4666 3681 3676
f 3668 3669 3677
f 3678 3674 3679
f 3673 3683 3675
f 2912 3677 3669
f 3678 2912 3669
f 3682 3683 3673
f 3683 3690 3671
f 3673 3680 3682
f 3686 3685 3676
f 3684 3686 3681
f 3678 3679 5026
f 3671 3690 3679
f 3683 3691 3690
f 2912 3688 2913
f 3678 5026 2912
f 3687 3682 3680
f 3679 3689 5026
f 3689 3679 3690
f 3685 3687 3680
f 3692 3685 3686
f 3693 3692 3686
f 3686 3684 3693
f 3690 3697 3689
f 3685 3692 3687
f 3688 2999 2956
f 3695 3694 5026
f 3691 3697 3690
f 3684 3696 3693
f 3688 3035 2999
f 3689 3695 5026
f 3683 3682 3691
f 3694 3035 3688
f 3682 3698 3691
f 3700 3035 3694
f 3697 3695 3689
f 3691 3698 3697
f 3706 3701 3692
f 3692 3693 3706
f 3695 3700 3694
f 3682 3705 3698
f 3687 3692 3699
f 3693 3696 3706
f 3687 3705 3682
f 3703 3695 3697
f 3692 3701 3699
f 3700 4371 3035
f 3704 3710 3700
f 3695 3704 3700
f 3698 3707 3697
f 3708 3707 3698
f 3705 3708 3698
f 4710 3709 3702
f 3696 4710 3702
f 3711 4371 3700
f 3697 3707 3703
f 3699 3705 3687
f 3695 3703 3704
f 3702 3706 3696
f 4373 3705 3699
f 3699 3712 4373
f 4714 2 4717
f 2 3713 5036
f 3 5036 3727
f 3 3727 4
f 4 3727 3714
f 3718 3757 3719
f 5 3728 6
f 6 3728 3729
f 3729 3730 7
f 7 3730 3731
f 7 3731 3721
f 3732 3733 8
f 8 3733 9
f 9 3733 3734
f 9 3734 3722
f 3724 3736 10
f 10 3736 3725
f 11 3737 3738
f 12 3750 53
f 53 3750 3751
f 3751 3793 27
f 27 3793 3767
f 14 13 2414
f 4931 3739 3713
f 3739 3726 3713
f 3713 3726 5036
f 4965 3727 5036
f 3727 3741 3714
f 3714 3741 3742
f 3714 3742 3715
f 3715 3742 3743
f 3715 3743 3716
f 3716 3743 3744
f 3716 3744 3717
f 3717 3744 3718
f 3718 3744 3757
f 3757 3758 3719
f 3719 3758 3720
f 3720 3758 3745
f 3720 3745 5
f 5 3745 3728
f 3730 5009 3731
f 3721 3731 3732
f 3734 3763 3722
f 3722 3763 3747
f 3723 3748 3735
f 3724 3735 3736
f 3736 3778 3725
f 3725 3778 3766
f 3737 3780 3738
f 3752 3726 3739
f 3726 3752 3740
f 3740 3727 4965
f 3727 3740 3741
f 3758 3774 3745
f 3745 3759 3728
f 3728 3759 3746
f 3728 3746 3729
f 3729 3746 3730
f 3730 3746 5009
f 5009 3760 3731
f 3731 3760 3732
f 3732 3760 3761
f 3732 3761 3733
f 3733 3761 3734
f 3734 3761 3762
f 3734 3762 3763
f 3747 3748 3723
f 3735 3748 3765
f 3735 3765 3749
f 3735 3749 3736
f 3736 3749 3778
f 3737 3766 3779
f 3737 3779 3780
f 3738 3806 3750
f 3793 3816 3767
f 3767 3816 13
f 13 3816 3807
f 3807 2414 13
f 841 850 4746
f 4746 3739 4956
f 3752 3769 3740
f 3740 3769 3753
f 3740 3753 3741
f 3741 3753 3754
f 3741 3754 3742
f 3742 3754 3755
f 3742 3755 3743
f 3743 3755 3772
f 3743 3772 3744
f 3744 3772 3756
f 3744 3756 3757
f 3774 3775 3745
f 3745 3775 3759
f 3759 5029 3746
f 3761 3789 3762
f 3763 3764 3747
f 3747 3764 3748
f 3748 3764 3804
f 3748 3804 3765
f 3749 3790 3778
f 3780 3806 3738
f 850 3781 3768
f 850 3768 4746
f 3752 3768 3769
f 3769 3783 3753
f 3753 3783 3770
f 3753 3770 3754
f 3754 3770 3771
f 3754 3771 3755
f 3755 3771 3772
f 3756 3772 3786
f 3756 3786 3773
f 3756 3773 3757
f 3757 3773 3758
f 3758 3773 3774
f 3775 3787 3759
f 3759 3787 5029
f 5009 3788 3760
f 3760 3788 3776
f 3760 3776 3761
f 3761 3776 3789
f 3789 3777 3762
f 3762 3777 3763
f 3763 3777 3764
f 3804 3805 3765
f 3765 3805 3790
f 3765 3790 3749
f 3778 3792 3766
f 3766 3792 3779
f 3751 3815 3828
f 3751 3828 3793
f 3768 3781 3782
f 3768 3782 3769
f 3769 3782 3783
f 3783 3795 3770
f 3770 3795 3784
f 3770 3784 3771
f 3771 3784 3785
f 3771 3785 3772
f 3772 3785 3786
f 3786 3798 3773
f 3773 3798 3813
f 3773 3813 3774
f 3774 3813 3799
f 3774 3799 3775
f 3775 3799 3787
f 3787 4983 5029
f 3788 3802 3776
f 3776 3802 3789
f 3789 3803 3777
f 3777 3803 3826
f 3777 3826 3764
f 3764 3826 3804
f 3790 3791 3778
f 3778 3791 3792
f 3792 3848 3779
f 3779 3848 3780
f 3780 3848 3849
f 3780 3849 3806
f 3806 3815 3750
f 3750 3815 3751
f 3793 3829 3816
f 3816 3817 3807
f 3781 894 3782
f 3782 894 3794
f 3782 3794 3783
f 3783 3794 3795
f 3795 3810 3784
f 3784 3810 3796
f 3784 3796 3785
f 3785 3796 3797
f 3785 3797 3786
f 3786 3797 3798
f 3799 4871 3787
f 3787 4871 4983
f 3800 3801 3788
f 3788 3801 3802
f 3802 3824 3789
f 3789 3824 3803
f 3804 3837 3805
f 3805 3858 3790
f 3790 3858 3791
f 3791 3838 3792
f 3792 3838 3848
f 3806 3827 3815
f 3828 3829 3793
f 3468 3459 3807
f 894 909 3808
f 894 3808 3794
f 3794 3808 3809
f 3794 3809 3795
f 3795 3809 3810
f 3810 4819 3796
f 3796 4819 3811
f 3796 3811 3797
f 3797 3811 3812
f 3797 3812 3798
f 3798 3812 3813
f 3813 3822 3799
f 3799 3822 4871
f 3814 4755 3800
f 3800 4755 3801
f 3801 3823 3802
f 3802 3823 3824
f 3824 3825 3803
f 3803 3825 3836
f 3803 3836 3826
f 3804 3826 3837
f 3837 3847 3805
f 3805 3847 3858
f 3858 3838 3791
f 3849 3827 3806
f 3807 3817 3468
f 909 928 3818
f 909 3818 3808
f 3808 3818 3809
f 3809 3818 3819
f 3809 3819 3810
f 3810 3819 4819
f 3811 3820 3821
f 3811 3821 3812
f 3812 3821 3822
f 3812 3822 3813
f 3822 4851 4871
f 3844 3834 3814
f 3814 3834 4755
f 3824 3846 3825
f 3849 3878 3827
f 3815 3839 3828
f 3829 3817 3816
f 928 944 3830
f 928 3830 3818
f 3818 3830 3831
f 3818 3831 3819
f 3819 3831 3832
f 3819 3832 4819
f 3820 4853 3821
f 3821 4853 4851
f 4851 3822 3821
f 3834 3845 4755
f 3845 3835 3823
f 3823 3835 3824
f 3846 3866 3825
f 3825 3866 3836
f 3837 3826 3836
f 3827 3878 3839
f 3839 3815 3827
f 3828 3839 3884
f 3828 3884 3829
f 944 957 3830
f 3830 957 3840
f 3830 3840 3831
f 3831 3840 3841
f 3831 3841 3832
f 3832 3841 3842
f 3832 3842 3820
f 3833 4862 4904
f 4904 4997 3833
f 4997 4904 3844
f 3844 3856 3834
f 3856 3845 3834
f 3835 4752 3846
f 3866 3857 3836
f 3836 3857 3837
f 3837 4739 3847
f 3858 3877 3838
f 3838 3867 3848
f 3839 3878 3904
f 3839 3904 3884
f 3884 4848 3829
f 3829 4848 3817
f 957 971 3851
f 957 3851 3840
f 3840 3851 3841
f 3841 3851 3852
f 3841 3852 3842
f 3842 3852 5005
f 3853 3862 3854
f 3853 3854 3843
f 3843 3854 3855
f 3843 3855 3844
f 3844 3855 3856
f 3856 3865 3845
f 3846 4748 3866
f 4739 3876 3847
f 3847 3876 3858
f 3877 3867 3838
f 3848 3867 3868
f 3848 3868 3849
f 3849 3868 3878
f 3850 3468 3817
f 971 985 3859
f 971 3859 3851
f 3851 3859 3860
f 3851 3860 3852
f 3852 3860 3861
f 3852 3861 5005
f 5005 3861 3870
f 5005 3870 3853
f 3853 3870 3862
f 3862 3886 3854
f 3854 3886 3863
f 3854 3863 3855
f 3855 3863 3864
f 3855 3864 3856
f 3856 3864 3865
f 3865 3872 4752
f 3866 3874 3857
f 3857 3874 3875
f 4739 3875 3891
f 4739 3891 3876
f 3876 3877 3858
f 3867 3898 3868
f 3817 4848 3850
f 985 1002 3859
f 3859 1002 3869
f 3859 3869 3860
f 3860 3869 3879
f 3860 3879 3861
f 3861 3879 3870
f 3870 4854 3862
f 3862 4854 3886
f 3886 4768 3863
f 3863 4768 3880
f 3863 3880 3864
f 3864 3880 3871
f 3864 3871 3865
f 3865 3871 3872
f 3872 3882 4748
f 4748 3882 3873
f 4748 3873 3866
f 3866 3873 3874
f 3877 3897 3867
f 3867 3897 3898
f 3898 3883 3868
f 3868 3883 3878
f 1002 1019 4972
f 1002 4972 3869
f 3869 4972 3885
f 3869 3885 3879
f 3880 3887 3871
f 3871 3887 3881
f 3871 3881 3872
f 3872 3881 3882
f 3882 3889 3873
f 3873 3889 3890
f 3873 3890 3874
f 3874 3890 3875
f 3891 3903 3876
f 3876 3903 3877
f 3877 3903 3897
f 3883 3904 3878
f 3468 3912 3472
f 1019 1048 4972
f 4854 3893 3886
f 3880 3894 3887
f 3881 3888 3882
f 3882 3888 3889
f 3890 3895 3875
f 3875 3895 3891
f 3903 3908 3897
f 3898 3909 3925
f 3904 3919 3884
f 3919 4848 3884
f 3850 3912 3468
f 1048 3905 3892
f 3885 3892 3893
f 3885 3893 4854
f 3893 4841 3886
f 4841 3894 4768
f 3901 3914 3888
f 3888 3914 3902
f 3888 3902 3889
f 3889 3902 3907
f 3889 3907 3890
f 3890 3907 3895
f 3891 3895 3896
f 3891 3896 3903
f 3919 3911 4848
f 3850 3939 3912
f 3912 3939 3935
f 3892 3905 3899
f 3892 3899 3900
f 3892 3900 3893
f 3893 3900 4841
f 3914 3915 3902
f 3902 3916 3907
f 3907 3917 3895
f 3895 3917 3918
f 3895 3918 3896
f 3896 3918 3908
f 3896 3908 3903
f 3908 3909 3897
f 3897 3909 3898
f 3898 3925 3883
f 3883 3910 3904
f 3910 3919 3904
f 3905 3913 3899
f 3899 3913 3906
f 3899 3906 3900
f 3900 3906 4772
f 4924 3922 3901
f 3901 3922 3914
f 3915 3916 3902
f 3918 3932 3908
f 3925 3933 3883
f 3883 3933 3910
f 3939 3960 3935
f 3912 3474 3472
f 1078 3920 3913
f 1078 3913 3905
f 3913 4996 3906
f 4837 4772 3906
f 4772 4837 4860
f 3921 3922 4924
f 3915 3930 3916
f 3916 3924 3917
f 3916 3917 3907
f 3908 3932 3909
f 3933 3926 3910
f 3935 3960 3953
f 3912 3935 3474
f 3920 4996 3913
f 3922 3929 3923
f 3922 3923 3914
f 3914 3923 3915
f 3915 3923 3930
f 3930 3924 3916
f 3924 3931 3917
f 3917 3931 3918
f 3918 3931 3932
f 3932 3938 3909
f 3909 3938 3944
f 3909 3944 3925
f 3925 3944 3933
f 3910 3934 3919
f 3935 3487 3474
f 3920 1104 3927
f 3920 3927 4996
f 3936 3928 4966
f 4966 3928 3921
f 3921 3928 3929
f 3921 3929 3922
f 3929 3946 3923
f 3923 3946 3937
f 3923 3937 3930
f 3924 3948 3931
f 3931 3942 3932
f 3932 3943 3938
f 3926 3934 3910
f 1104 1131 3927
f 3927 1131 3945
f 3927 3945 3936
f 3936 3940 3928
f 3928 3940 3941
f 3928 3941 3929
f 3937 3950 3947
f 3937 3947 3930
f 3930 3947 3924
f 3924 3947 3948
f 3948 3942 3931
f 3942 3943 3932
f 3943 3958 3938
f 3944 3959 3933
f 3933 3959 3926
f 3919 3934 3911
f 3936 3949 3940
f 3946 3950 3937
f 3947 3957 3948
f 3938 3958 3944
f 3934 3951 3911
f 3911 3952 3939
f 3953 3487 3935
f 3945 3949 3936
f 3949 3954 3940
f 3940 3954 3941
f 3941 3954 3946
f 3941 3946 3929
f 3948 3964 3942
f 3942 3964 3943
f 3943 3964 3968
f 3958 3959 3944
f 3911 3951 3952
f 3939 3952 3960
f 3960 3975 3953
f 3945 1165 3949
f 3954 3955 3946
f 3946 3955 3950
f 3950 3956 3947
f 3947 3956 3957
f 3957 3964 3948
f 3958 3971 3959
f 5016 3951 3934
f 3951 3965 3952
f 1165 3966 3961
f 1165 3961 3949
f 3949 3961 3954
f 3955 3954 3962
f 3955 3963 3950
f 3950 3963 3956
f 3957 3973 3964
f 3943 3968 3958
f 3959 5025 3926
f 5025 5016 3926
f 5016 5021 3951
f 3951 5021 3965
f 3952 3975 3960
f 3953 3975 3977
f 3961 3962 3954
f 3955 3962 3970
f 3955 3970 3963
f 3963 3967 3956
f 3956 3967 3957
f 3957 3967 3973
f 3964 3974 3968
f 3968 3971 3958
f 3971 5025 3959
f 3965 3975 3952
f 3977 3497 3953
f 3953 3497 3487
f 3966 3969 3961
f 3961 3969 3962
f 3970 3972 3963
f 3963 3972 3967
f 3973 3974 3964
f 3968 3980 3971
f 5021 3993 3965
f 3965 3993 3975
f 3966 1223 3969
f 3969 3976 3970
f 3969 3970 3962
f 3967 3979 3973
f 3974 3980 3968
f 3980 3983 3971
f 1223 3976 3969
f 3972 3979 3967
f 3983 5025 3971
f 3977 3975 3999
f 1223 1234 3976
f 3972 3984 3979
f 3979 3984 3982
f 3979 3978 3973
f 3973 3978 3974
f 3974 3978 3986
f 5021 4001 3993
f 3993 3999 3975
f 1234 5012 3976
f 3982 3978 3979
f 3974 3986 3980
f 3980 3985 3983
f 3999 4000 3977
f 3977 3994 3497
f 1234 4917 5012
f 3986 3985 3980
f 3984 3990 3982
f 3978 3991 3986
f 3981 3983 4004
f 3992 4001 5021
f 3977 4000 3994
f 3982 3991 3978
f 3985 4004 3983
f 4004 4007 3981
f 4001 3998 3993
f 4917 3987 3989
f 3984 3989 3990
f 3986 3991 3997
f 3986 3997 3985
f 4007 3992 3981
f 3987 3988 3989
f 3988 3995 3989
f 3989 3995 3990
f 3990 3995 4003
f 3990 4003 3982
f 3982 4003 3991
f 3991 3996 3997
f 3985 3997 4944
f 3985 4944 4004
f 4007 4013 3992
f 3993 3998 3999
f 4010 4000 3999
f 4000 3508 3994
f 4003 3996 3991
f 3988 4006 3995
f 4001 4005 3998
f 4000 4010 4014
f 4000 4014 3508
f 4006 4002 3995
f 3995 4002 4003
f 4002 4008 3996
f 4004 4944 4011
f 3992 4013 4005
f 3992 4005 4001
f 4002 4009 4008
f 4016 4022 4944
f 4005 4024 3998
f 3998 4024 4010
f 3998 4010 3999
f 4008 4016 3996
f 4944 4022 4011
f 4004 4011 4007
f 4009 4002 4006
f 4011 4017 4007
f 4017 4013 4007
f 4009 4020 4008
f 4020 4012 4008
f 4012 4016 4008
f 4013 5027 4005
f 4024 4028 4010
f 4010 4028 4014
f 4014 4025 3508
f 4005 5027 4024
f 1440 4026 4020
f 4022 4021 4011
f 4011 4021 4017
f 4017 4018 4013
f 4025 4015 3508
f 4020 4027 4012
f 4013 4018 5027
f 4028 4025 4014
f 4025 4032 4015
f 4027 4023 4012
f 4012 4023 4016
f 4016 4023 4022
f 4031 4021 4022
f 4017 4021 4018
f 4020 4026 4027
f 5027 3623 4024
f 4015 4032 4019
f 4026 4030 4027
f 4022 4023 4031
f 4021 4031 3622
f 4021 3622 4018
f 4027 4029 4023
f 3623 4028 4024
f 4028 3618 4025
f 4018 3622 3615
f 4025 3618 4032
f 3621 4019 4032
f 4023 4029 4031
f 4018 3615 5027
f 3621 3709 4019
f 4027 4030 4029
f 3618 3613 4032
f 4030 3607 4029
f 3623 3617 4028
f 4028 3617 3618
f 4029 3607 3619
f 3619 4031 4029
f 4031 3619 3622
f 1574 4030 4026
f 4030 1574 3605
f 3613 3621 4032
f 4030 3605 3607
f 1 4716 5045
f 4976 4967 806
f 4043 807 806
f 807 4043 4044
f 807 4044 4045
f 4045 4057 808
f 808 4057 4033
f 809 4737 4034
f 809 4034 822
f 4046 822 4034
f 810 4046 811
f 4035 4061 4036
f 4037 4047 812
f 812 4047 4048
f 812 4048 813
f 813 4048 4049
f 4050 4065 814
f 814 4065 4039
f 4040 4052 815
f 815 4052 4053
f 816 4053 4092
f 818 4094 4054
f 4974 4970 4959
f 4967 4043 806
f 4057 4069 4033
f 4033 4069 4058
f 4058 4070 4737
f 4737 4070 4034
f 4034 4070 4059
f 4034 4059 4046
f 4046 4072 811
f 811 4072 4060
f 811 4060 4035
f 4035 4060 4061
f 4061 4073 4036
f 4036 4073 4062
f 4036 4062 4037
f 4037 4062 4047
f 4830 4064 4038
f 4038 4064 4050
f 4039 4065 4051
f 4051 4065 4076
f 4039 4051 4040
f 4040 4051 4052
f 4066 3543 4042
f 4043 4055 4044
f 4044 4055 4056
f 4044 4056 4045
f 4045 4056 4057
f 4059 4072 4046
f 4072 4085 4060
f 4062 4088 4047
f 4047 4088 4103
f 4047 4103 4048
f 4048 4103 4074
f 4048 4074 4049
f 4049 4074 4117
f 4049 4117 4063
f 4830 4063 4064
f 4064 4075 4050
f 4050 4075 4065
f 4051 4091 4052
f 4093 4160 817
f 817 4160 4094
f 817 4094 818
f 4968 1645 4078
f 4969 4078 4079
f 4969 4079 4971
f 4971 4080 4055
f 4055 4080 4067
f 4055 4067 4056
f 4056 4067 4068
f 4056 4068 4057
f 4057 4068 4069
f 4069 4083 4058
f 4058 4083 4070
f 4070 4084 4059
f 4059 4071 4072
f 4085 4086 4060
f 4060 4086 4061
f 4061 4086 4073
f 4062 4087 4088
f 4117 4104 4063
f 4063 4104 4089
f 4063 4089 4064
f 4064 4089 4075
f 4075 4090 4065
f 4065 4090 4076
f 4076 4091 4051
f 4052 4077 4053
f 4053 4077 4092
f 4041 4092 4093
f 4094 4131 4054
f 4054 4131 4066
f 4066 4131 4171
f 4066 4171 3543
f 4994 4078 1645
f 4079 4097 4971
f 4971 4097 4080
f 4080 4098 4067
f 4067 4098 4081
f 4067 4081 4068
f 4068 4081 4082
f 4068 4082 4069
f 4069 4082 4083
f 4083 4084 4070
f 4071 4110 4111
f 4071 4111 4085
f 4071 4085 4072
f 4086 4126 4102
f 4086 4102 4073
f 4073 4102 4087
f 4073 4087 4062
f 4103 4116 4074
f 4074 4116 4117
f 4089 4141 4075
f 4075 4141 4090
f 4090 4119 4076
f 4076 4119 4091
f 4052 4091 4077
f 4092 4120 4093
f 4078 4994 4079
f 4079 4994 4096
f 4079 4096 4097
f 4097 4107 4080
f 4080 4107 4098
f 4098 4813 4081
f 4081 4813 4099
f 4081 4099 4082
f 4082 4099 4100
f 4082 4100 4083
f 4083 4100 4101
f 4083 4101 4084
f 4084 4101 4110
f 4084 4110 4071
f 4085 4111 4112
f 4085 4112 4086
f 4086 4112 4126
f 4102 4113 4087
f 4087 4113 4114
f 4087 4114 4088
f 4088 4114 4103
f 4116 4128 4117
f 4104 4118 4089
f 4089 4118 4141
f 4141 4157 4090
f 4090 4157 4119
f 4119 4129 4091
f 4091 4129 4130
f 4091 4130 4077
f 4077 4159 4092
f 4092 4159 4120
f 4120 4160 4093
f 4160 4185 4094
f 4095 4105 4096
f 4096 4105 4106
f 4096 4106 4097
f 4097 4106 4107
f 4107 4122 4098
f 4098 4122 4813
f 4831 4108 4099
f 4099 4108 4100
f 4100 4108 4109
f 4100 4109 4101
f 4101 4109 4110
f 4126 4138 4102
f 4102 4138 4113
f 4114 4115 4103
f 4103 4115 4116
f 4104 4128 4140
f 4104 4140 4118
f 4130 4158 4159
f 4130 4159 4077
f 4185 4131 4094
f 1696 1710 4105
f 4105 1710 4121
f 4105 4121 4106
f 4106 4121 4122
f 4106 4122 4107
f 4122 4134 4813
f 4108 4135 4123
f 4108 4123 4109
f 4109 4123 4124
f 4109 4124 4110
f 4110 4124 4125
f 4110 4125 4111
f 4111 4125 4112
f 4112 4125 4137
f 4112 4137 4126
f 4138 4139 4113
f 4113 4139 4127
f 4113 4127 4114
f 4114 4127 4115
f 4115 4154 4116
f 4116 4154 4128
f 4117 4128 4104
f 4140 4155 4118
f 4118 4155 4141
f 4157 4169 4119
f 4119 4169 4129
f 4159 4183 4120
f 4120 4183 4184
f 4120 4184 4160
f 4131 4185 4170
f 1710 1724 4132
f 1710 4132 4121
f 4121 4132 4133
f 4121 4133 4122
f 4122 4133 4134
f 4135 4146 4123
f 4123 4146 4147
f 4123 4147 4124
f 4124 4147 4136
f 4124 4136 4125
f 4125 4136 4137
f 4126 4137 4150
f 4126 4150 4138
f 4127 4152 4153
f 4127 4153 4115
f 4115 4153 4154
f 4154 4168 4128
f 4128 4168 4140
f 4169 4197 4129
f 4129 4197 4130
f 4130 4197 4158
f 4185 4210 4170
f 4131 4170 4171
f 1724 1740 4142
f 1724 4142 4132
f 4132 4142 4143
f 4132 4143 4133
f 4133 4143 4144
f 4133 4144 4134
f 4134 4144 4135
f 4135 4145 4146
f 4147 4165 4148
f 4147 4148 4136
f 4136 4148 4149
f 4136 4149 4137
f 4137 4149 4150
f 4138 4166 4139
f 4139 4166 4151
f 4139 4151 4127
f 4168 4181 4140
f 4140 4181 4155
f 4155 4156 4141
f 4141 4156 4157
f 4184 4185 4160
f 1740 4172 4161
f 1740 4161 4142
f 4142 4161 4162
f 4142 4162 4143
f 4143 4162 4163
f 4143 4163 4144
f 4144 4163 4145
f 4145 4163 4164
f 4145 4164 4146
f 4146 4164 4165
f 4146 4165 4147
f 4148 4177 4149
f 4149 4177 4178
f 4149 4178 4150
f 4150 4178 4166
f 4150 4166 4138
f 4151 4800 4152
f 4152 4800 4179
f 4152 4179 4167
f 4152 4167 4153
f 4153 4167 4168
f 4153 4168 4154
f 4181 4194 4155
f 4155 4194 4182
f 4155 4182 4156
f 4156 4182 4195
f 4156 4195 4157
f 4157 4195 4169
f 4158 4217 4242
f 4158 4183 4159
f 4210 4219 4170
f 4161 4172 4173
f 4161 4173 4162
f 4162 4173 4174
f 4162 4174 4163
f 4163 4174 4175
f 4163 4175 4164
f 4164 4175 4188
f 4164 4188 4165
f 4188 4176 4165
f 4176 4177 4148
f 4177 4190 4178
f 4166 4178 4192
f 4800 4201 4179
f 4179 4193 4167
f 4167 4193 4180
f 4167 4180 4168
f 4168 4180 4181
f 4194 4203 4182
f 4195 4196 4169
f 4169 4196 4197
f 4242 4183 4158
f 4183 4218 4184
f 4170 4219 4171
f 1789 1788 4172
f 4172 1788 4173
f 4173 1788 4186
f 4173 4186 4174
f 4174 4186 4187
f 4174 4187 4175
f 4175 4187 4188
f 4176 4923 4189
f 4176 4189 4177
f 4177 4189 4190
f 4190 4191 4178
f 4178 4191 4192
f 4800 4773 4201
f 4201 4209 4179
f 4179 4209 4193
f 4193 4202 4180
f 4180 4202 4181
f 4181 4202 4194
f 4203 4216 4182
f 4182 4216 4195
f 4197 4217 4158
f 4184 4218 4228
f 4184 4228 4185
f 4185 4228 4210
f 1788 4204 4186
f 4186 4204 4198
f 4186 4198 4187
f 4187 4198 4199
f 4187 4199 4188
f 4923 4207 4189
f 4189 4207 4200
f 4189 4200 4190
f 4200 4208 4191
f 4191 4208 4773
f 4191 4773 4192
f 4192 4773 4800
f 4209 4215 4193
f 4193 4215 4202
f 4202 4227 4194
f 4194 4227 4203
f 4195 4216 4196
f 4196 4217 4197
f 4242 4218 4183
f 4219 3557 4171
f 4204 4205 4198
f 4198 4205 4780
f 4198 4780 4199
f 4199 4780 4206
f 4199 4206 4923
f 4923 4206 4207
f 4207 4212 4200
f 4200 4212 4208
f 4201 4214 4209
f 4215 4226 4202
f 4202 4226 4227
f 4203 4249 4216
f 4216 4251 4196
f 4196 4236 4217
f 4242 4269 4218
f 1819 1834 4204
f 4204 1834 4205
f 4780 4221 4206
f 4206 4221 4211
f 4206 4211 4207
f 4207 4211 4212
f 4212 4223 4208
f 4208 4223 4213
f 4208 4213 4773
f 4214 4224 4225
f 4214 4225 4209
f 4209 4225 4215
f 4251 4236 4196
f 4236 4895 4217
f 4210 4228 4282
f 1834 1850 4220
f 4780 4220 4221
f 4221 4230 4211
f 4211 4230 4222
f 4211 4222 4212
f 4212 4222 4223
f 4223 4232 4213
f 4213 4232 4214
f 4214 4232 4224
f 4225 4234 4215
f 4215 4234 4226
f 4249 4250 4216
f 4216 4250 4251
f 4895 4242 4217
f 4269 4243 4218
f 4218 4243 4228
f 4282 4252 4210
f 4219 4210 4252
f 4252 4253 4219
f 4219 4253 3557
f 1850 1882 4237
f 1850 4237 4220
f 4220 4237 4229
f 4220 4229 4221
f 4221 4229 4230
f 4222 4728 4231
f 4222 4231 4223
f 4223 4231 4232
f 4224 4247 4233
f 4224 4233 4225
f 4225 4233 4234
f 4234 4240 4226
f 4226 4240 4235
f 4226 4235 4227
f 4235 4249 4203
f 4252 4273 4253
f 4237 4244 4229
f 4229 4244 4238
f 4229 4238 4230
f 4728 4246 4231
f 4231 4246 4239
f 4231 4239 4232
f 4239 4247 4224
f 4247 4255 4233
f 4233 4248 4234
f 4234 4248 4240
f 4240 4257 4235
f 4235 4257 4249
f 4251 4241 4236
f 4236 4241 4895
f 4269 4265 4243
f 4228 4243 4282
f 1882 1907 4237
f 4237 1907 4244
f 4244 4259 4238
f 4238 4259 4245
f 4238 4245 4728
f 4728 4245 4246
f 4246 4247 4239
f 4248 4256 4240
f 4240 4256 4257
f 4895 4269 4242
f 4265 4282 4243
f 4253 3574 3567
f 1907 1922 4244
f 4244 1922 4259
f 4259 4260 4245
f 4245 4260 4254
f 4245 4254 4246
f 4246 4254 4247
f 4247 4261 4255
f 4255 4262 4248
f 4248 4262 4256
f 4264 4268 4257
f 4257 4268 4249
f 4249 4268 4250
f 4250 4268 4258
f 4250 4258 4251
f 4251 4258 4241
f 4241 4258 4286
f 4260 4267 4254
f 4254 4267 4261
f 4254 4261 4247
f 4261 4271 4255
f 4255 4271 4262
f 4256 4279 4263
f 4256 4263 4257
f 4257 4263 4264
f 4258 4272 4286
f 4282 4283 4252
f 4273 3574 4253
f 1922 1937 4266
f 1922 4266 4259
f 4259 4266 4270
f 4259 4270 4260
f 4260 4270 4267
f 4267 4277 4261
f 4261 4277 4271
f 4271 4278 4262
f 4262 4278 4279
f 4262 4279 4256
f 4263 4279 4290
f 4263 4290 4264
f 4264 4272 4268
f 4268 4272 4258
f 4286 4280 4241
f 4281 4269 4280
f 4252 4283 4273
f 4292 3574 4273
f 1937 1963 4274
f 1937 4274 4266
f 4266 4274 4270
f 4267 4270 4276
f 4267 4276 4277
f 4277 4284 4271
f 4290 4285 4264
f 4264 4285 4272
f 4286 4297 4280
f 4281 4265 4269
f 4274 4275 4270
f 4270 4275 4276
f 4271 4284 4278
f 4278 4302 4279
f 4285 4296 4272
f 4272 4296 4286
f 4297 4291 4280
f 4265 4281 4298
f 4283 4304 4273
f 1963 4287 4274
f 4274 4287 4275
f 4275 4287 4293
f 4275 4293 4276
f 4276 4293 4288
f 4276 4288 4277
f 4277 4288 4284
f 4284 4289 4278
f 4278 4289 4302
f 4302 4290 4279
f 4295 4285 4290
f 4280 4291 4281
f 4281 4291 4298
f 4265 4299 4282
f 4282 4299 4283
f 4288 4294 4284
f 4284 4294 4289
f 4285 4295 4296
f 4296 4303 4286
f 4286 4303 4297
f 4291 4322 4323
f 4291 4323 4298
f 4298 4299 4265
f 4304 4292 4273
f 1987 2000 4287
f 4287 2000 4293
f 4293 4300 4288
f 4288 4300 4294
f 4294 4301 4289
f 4289 4301 4302
f 4290 4302 4307
f 4290 4307 4295
f 4295 4314 4296
f 4297 4322 4291
f 4298 4316 4299
f 4299 4317 4283
f 4283 4317 4304
f 4304 4318 4292
f 4292 3576 3574
f 2000 2011 4305
f 2000 4305 4293
f 4293 4305 4300
f 4300 4309 4294
f 4309 4301 4294
f 4301 4306 4302
f 4314 4303 4296
f 4303 4322 4297
f 4299 4316 4317
f 4292 4318 3576
f 2011 4311 4305
f 4305 4308 4300
f 4300 4308 4309
f 4301 4309 4310
f 4301 4310 4306
f 4306 4307 4302
f 4314 4327 4315
f 4314 4315 4303
f 4298 4323 4316
f 4317 4325 4304
f 4304 4325 4318
f 4311 4308 4305
f 4308 4312 4309
f 4309 4312 4310
f 4310 4320 4306
f 4307 4306 4321
f 4321 4313 4307
f 4307 4313 4295
f 4313 4314 4295
f 4311 4324 4308
f 4308 4324 4312
f 4312 4319 4310
f 4310 4319 4320
f 4320 4321 4306
f 4313 4321 4326
f 4313 4327 4314
f 4315 4322 4303
f 4323 4336 4316
f 4325 4342 4318
f 2052 4324 4311
f 4324 4329 4312
f 4312 4329 4319
f 4313 4326 4327
f 4327 4334 4315
f 4315 4334 4322
f 4322 4331 4323
f 4336 4328 4316
f 4316 4328 4317
f 4318 3587 3576
f 4320 4330 4321
f 4322 4334 4331
f 4329 4332 4319
f 4319 4332 4320
f 4330 4326 4321
f 4331 4336 4323
f 4328 4336 4344
f 4328 4344 4317
f 4317 4344 4325
f 4318 4342 3587
f 3587 4342 4339
f 4324 2074 4329
f 4332 4337 4330
f 4332 4330 4320
f 4352 4331 4343
f 4349 4342 4325
f 2074 2110 4329
f 4329 4340 4332
f 4330 4335 4326
f 4326 4333 4327
f 4327 4333 4338
f 4327 4338 4334
f 4331 4352 4336
f 4344 4349 4325
f 4342 4345 4339
f 2110 4340 4329
f 4340 4337 4332
f 4330 4337 4335
f 4335 4333 4326
f 4331 4334 4343
f 4350 4335 4337
f 4335 4348 4333
f 4338 4343 4334
f 2110 2136 4340
f 4335 4356 4348
f 4352 4357 4336
f 4336 4357 4344
f 4340 4346 4337
f 4337 4346 4350
f 4350 4356 4335
f 4348 4341 4333
f 4333 4341 4338
f 4338 4341 4343
f 4349 4345 4342
f 4339 4345 4353
f 4340 2136 4346
f 4356 4351 4348
f 4348 4351 4341
f 4341 5037 4343
f 4353 3593 4339
f 4346 4347 4350
f 4351 5037 4341
f 4343 5037 4352
f 4357 4359 4344
f 4344 4359 4349
f 4349 4360 4345
f 4345 4360 4364
f 4345 4364 4353
f 4350 4355 4356
f 4359 4360 4349
f 4347 4355 4350
f 4362 4351 4356
f 5037 4361 4352
f 4364 4365 4353
f 2220 4358 4347
f 4347 4358 4355
f 4362 4363 4351
f 5037 4372 4361
f 4352 4361 4357
f 4353 4365 4354
f 2220 2242 4358
f 4355 4362 4356
f 4362 4355 4367
f 4361 4368 4357
f 4355 4358 4367
f 4372 4369 4361
f 4357 4368 4359
f 4358 2242 4366
f 4358 4366 4367
f 4359 4373 4360
f 4366 3711 4367
f 4361 4369 4368
f 4359 4368 4373
f 4364 4370 4365
f 2280 2309 4366
f 4367 3710 4362
f 4362 3710 4363
f 3708 4368 4369
f 4354 4374 3614
f 2309 3711 4366
f 4373 3712 4360
f 4365 4370 4374
f 4354 4365 4374
f 3711 3710 4367
f 4360 3712 4364
f 4374 4370 3702
f 3708 4373 4368
f 3712 3701 4364
f 4364 3701 4370
f 4374 3709 3614
f 3711 3700 3710
f 3710 3704 4363
f 4363 3704 3703
f 4363 3703 4372
f 4369 4372 3707
f 3699 3701 3712
f 3703 3707 4372
f 4369 3707 3708
f 4373 3708 3705
f 3701 3706 4370
f 4370 3706 3702
f 3702 3709 4374
f 4715 1605 4716
f 1605 4375 4376
f 4378 4400 1606
f 1606 4400 4379
f 1606 4379 1607
f 1607 4379 4401
f 1609 4380 4391
f 4392 4393 1610
f 4396 4416 1611
f 1611 4416 4417
f 1611 4417 4381
f 1612 4381 4382
f 4420 4384 4385
f 1613 4404 4448
f 4448 4472 1614
f 1614 4472 1615
f 1615 4472 4405
f 4405 4460 1644
f 1644 4460 4406
f 15 28 4375
f 4375 28 4387
f 4375 4387 4376
f 4376 4387 4388
f 4376 4388 4377
f 4377 4388 4389
f 4377 4389 4378
f 4378 4389 4400
f 4409 4427 4379
f 4379 4427 4401
f 4803 4390 1608
f 4390 4403 4380
f 4380 4403 4391
f 4946 4395 1640
f 1640 4395 4396
f 4381 4417 4418
f 4381 4418 4382
f 4382 4418 4419
f 4382 4419 4397
f 4384 4459 4386
f 4386 4459 4404
f 4472 4488 4405
f 4460 4461 4406
f 28 38 4398
f 28 4398 4387
f 4387 4398 4399
f 4387 4399 4388
f 4388 4399 4389
f 4389 4399 4408
f 4389 4408 4400
f 4401 4427 4402
f 4402 4410 4390
f 4390 4410 4403
f 4403 4411 4391
f 4391 4411 4412
f 4391 4412 4392
f 4392 4412 4413
f 4392 4413 4393
f 4393 4413 4414
f 4393 4414 4394
f 4414 4415 4394
f 4395 4415 4938
f 4395 4938 4432
f 4395 4432 4396
f 4396 4432 4416
f 4418 4457 4419
f 4397 4419 4446
f 4397 4446 4433
f 4397 4433 4383
f 4460 4508 4461
f 4461 3629 4406
f 38 70 4422
f 38 4422 4398
f 4398 4422 4407
f 4398 4407 4399
f 4399 4407 4408
f 4408 4409 4400
f 4928 4438 4428
f 4402 4428 4410
f 4410 4429 4403
f 4403 4429 4411
f 4383 4433 4420
f 4420 4421 4384
f 4459 4471 4404
f 4404 4471 4448
f 4488 4460 4405
f 4406 3629 3128
f 4422 4423 4407
f 4407 4423 4424
f 4407 4424 4408
f 4408 4424 4425
f 4408 4425 4409
f 4409 4425 4426
f 4409 4426 4427
f 4428 4429 4410
f 4429 4440 4411
f 4411 4440 4430
f 4411 4430 4412
f 4412 4430 4431
f 4412 4431 4413
f 4413 4431 4414
f 4725 4414 4431
f 4938 4443 4432
f 4432 4444 4416
f 4416 4444 4417
f 4417 4444 4445
f 4417 4445 4418
f 4418 4445 4457
f 4457 4446 4419
f 4446 4458 4433
f 4433 4447 4420
f 4420 4447 4421
f 4421 4459 4384
f 70 84 4434
f 70 4434 4422
f 4422 4434 4423
f 4423 4434 4450
f 4423 4450 4435
f 4423 4435 4424
f 4424 4435 4436
f 4424 4436 4425
f 4425 4436 4437
f 4425 4437 4426
f 4426 4437 4438
f 4426 4438 4427
f 4427 4438 4928
f 4428 4438 4454
f 4428 4454 4439
f 4428 4439 4429
f 4429 4439 4440
f 4440 4455 4430
f 4430 4455 4441
f 4430 4441 4431
f 4431 4441 4845
f 4725 4468 4442
f 4938 4456 4443
f 4432 4443 4444
f 4433 4458 4447
f 4461 3633 3629
f 84 101 4449
f 84 4449 4434
f 4434 4449 4450
f 4450 4463 4451
f 4450 4451 4435
f 4435 4451 4436
f 4436 4451 4452
f 4436 4452 4437
f 4437 4452 4453
f 4437 4453 4438
f 4438 4453 4454
f 4439 4806 4476
f 4439 4476 4440
f 4440 4476 4455
f 4441 4467 4845
f 4845 4467 4478
f 4468 4469 4442
f 4442 4469 4456
f 4442 4456 4938
f 4443 4456 4480
f 4443 4480 4444
f 4444 4480 4470
f 4444 4470 4445
f 4445 4470 4481
f 4445 4481 4457
f 4457 4482 4446
f 4482 4458 4446
f 4458 4483 4447
f 4447 4483 4484
f 4447 4484 4421
f 4421 4485 4459
f 4471 4487 4448
f 4448 4487 4472
f 4461 4547 3633
f 101 119 4462
f 101 4462 4449
f 4449 4462 4463
f 4449 4463 4450
f 4463 4777 4451
f 4451 4777 4464
f 4451 4464 4452
f 4452 4464 4465
f 4452 4465 4453
f 4453 4465 4466
f 4453 4466 4454
f 4476 4493 4455
f 4455 4493 4477
f 4455 4477 4467
f 4455 4467 4441
f 4469 4479 4456
f 4456 4479 4480
f 4481 4482 4457
f 4458 4498 4483
f 4484 4485 4421
f 4485 4486 4459
f 4459 4486 4471
f 4507 4472 4487
f 4472 4507 4488
f 4488 4508 4460
f 4508 4547 4461
f 119 131 4462
f 4462 131 4473
f 4462 4473 4463
f 4463 4473 4777
f 4464 4491 4474
f 4464 4474 4465
f 4465 4474 4466
f 4466 4492 4475
f 4466 4475 4806
f 4806 4475 4476
f 4477 4494 4467
f 4467 4494 4478
f 4478 4495 4468
f 4468 4495 4469
f 4469 4495 4504
f 4469 4504 4479
f 4480 4497 4470
f 4470 4497 4481
f 4498 4458 4482
f 4483 4520 4484
f 4484 4521 4485
f 4471 4486 4506
f 4507 4508 4488
f 131 145 4489
f 131 4489 4473
f 4473 4489 4490
f 4473 4490 4777
f 4491 4501 4474
f 4474 4501 4492
f 4475 4502 4493
f 4475 4493 4476
f 4494 4477 4911
f 4494 4503 4478
f 4478 4503 4495
f 4504 4505 4479
f 4479 4505 4496
f 4479 4496 4480
f 4480 4496 4497
f 4497 4518 4481
f 4518 4519 4482
f 4482 4519 4498
f 4498 4532 4533
f 4498 4533 4483
f 4483 4533 4520
f 4484 4520 4521
f 4521 4486 4485
f 4471 4506 4487
f 145 4509 4499
f 145 4499 4489
f 4489 4499 4490
f 4490 4499 4500
f 4490 4500 4491
f 4491 4500 4501
f 4501 4512 4492
f 4492 4512 4502
f 4502 4514 4493
f 4514 4911 4477
f 4911 4503 4494
f 4503 4529 4495
f 4495 4529 4504
f 4504 4543 4505
f 4505 4516 4496
f 4496 4516 4517
f 4496 4517 4497
f 4497 4517 4518
f 4498 4519 4532
f 4486 4545 4506
f 4499 4509 4510
f 4499 4510 4500
f 4500 4510 4511
f 4500 4511 4501
f 4501 4511 4512
f 4512 4513 4502
f 4502 4513 4514
f 4911 4528 4515
f 4911 4515 4503
f 4503 4515 4529
f 4529 4543 4504
f 4543 4555 4505
f 4505 4555 4516
f 4518 4530 4519
f 4521 4545 4486
f 4506 4565 4487
f 4508 4507 4546
f 4583 3640 4547
f 4547 3640 3633
f 175 190 4522
f 175 4522 4509
f 4509 4522 4510
f 4510 4522 4523
f 4510 4523 4511
f 4511 4524 4525
f 4511 4525 4512
f 4512 4525 4513
f 4513 4525 4526
f 4513 4526 4527
f 4513 4527 4514
f 4528 4541 4515
f 4515 4541 4542
f 4515 4542 4529
f 4555 4561 4516
f 4516 4561 4544
f 4516 4544 4517
f 4517 4544 4530
f 4517 4530 4518
f 4530 4531 4519
f 4519 4531 4532
f 4533 4564 4520
f 4520 4564 4579
f 4520 4579 4521
f 4521 4579 4545
f 4545 4581 4506
f 4487 4565 4507
f 4546 4547 4508
f 190 222 4534
f 190 4534 4522
f 4522 4534 4535
f 4522 4535 4523
f 4523 4535 4536
f 4523 4536 4524
f 4524 4536 4537
f 4524 4537 4525
f 4525 4537 4526
f 4526 4537 4538
f 4526 4538 4539
f 4539 4527 4526
f 4539 4540 4528
f 4528 4540 4541
f 4542 4543 4529
f 4544 4562 4530
f 4530 4562 4531
f 4531 4562 4571
f 4531 4571 4532
f 4532 4571 4563
f 4532 4563 4533
f 4533 4563 4564
f 4581 4565 4506
f 4507 4566 4546
f 4546 4583 4547
f 222 221 4534
f 4534 221 4548
f 4534 4548 4535
f 4535 4548 4536
f 4536 4548 4549
f 4536 4549 4537
f 4537 4549 4550
f 4537 4550 4538
f 4538 4550 4551
f 4538 4551 4539
f 4539 4551 4552
f 4539 4552 4540
f 4541 4774 4553
f 4541 4553 4542
f 4542 4553 4554
f 4542 4554 4543
f 4543 4554 4555
f 4561 4570 4544
f 4544 4570 4562
f 4579 4590 4545
f 4545 4580 4581
f 4565 4566 4507
f 4566 4582 4546
f 221 4814 4548
f 4548 4814 4549
f 4549 4814 4556
f 4549 4556 4550
f 4550 4567 4551
f 4551 4567 4557
f 4551 4557 4552
f 4552 4557 4558
f 4552 4558 4774
f 4558 4559 4774
f 4774 4559 4553
f 4553 4559 4568
f 4553 4568 4554
f 4554 4568 4560
f 4554 4560 4555
f 4555 4560 4561
f 4564 4982 4589
f 4545 4590 4580
f 4581 4594 4565
f 4546 4582 4583
f 4814 4573 4574
f 4814 4574 4556
f 4556 4574 4567
f 4556 4567 4550
f 4557 4575 4558
f 4558 4575 4576
f 4558 4576 4559
f 4559 4576 4568
f 4568 4577 4560
f 4560 4577 4569
f 4560 4569 4561
f 4561 4569 4570
f 4570 4578 4562
f 4562 4578 4593
f 4562 4593 4571
f 4571 4981 4563
f 4589 4579 4564
f 4565 4594 4566
f 4582 4610 4583
f 4574 4586 4567
f 4817 4575 4557
f 4575 4587 4576
f 4576 4588 4568
f 4568 4588 4577
f 4577 4731 4569
f 4569 4731 4578
f 4569 4578 4570
f 4593 4981 4571
f 4589 4603 4579
f 4580 4618 4581
f 4594 4582 4566
f 265 278 4584
f 265 4584 4572
f 4572 4584 4573
f 4573 4584 4585
f 4573 4585 4574
f 4574 4585 4586
f 4586 4591 4817
f 4817 4591 4598
f 4817 4598 4575
f 4575 4598 4587
f 4587 4592 4576
f 4576 4592 4588
f 4588 4592 4753
f 4577 4753 4731
f 4578 4600 4593
f 4579 4603 4590
f 4581 4618 4594
f 278 4595 4584
f 4584 4595 4585
f 4585 4595 4596
f 4585 4596 4586
f 4586 4596 4591
f 4591 4597 4598
f 4598 4606 4587
f 4587 4606 4592
f 4753 4577 4588
f 4981 4601 4602
f 4589 4608 4603
f 4603 4609 4590
f 4590 4609 4580
f 4594 4614 4582
f 4583 4610 3650
f 4595 4611 4596
f 4596 4604 4591
f 4591 4604 4597
f 4606 4607 4592
f 4592 4607 4753
f 4753 4599 4731
f 4600 4601 4593
f 4593 4601 4981
f 4580 4609 4618
f 4618 4632 4594
f 4594 4632 4614
f 4582 4614 4610
f 4611 4604 4596
f 4604 4605 4597
f 4597 4605 4606
f 4597 4606 4598
f 4606 4615 4607
f 4599 4616 4612
f 4599 4612 4600
f 4600 4612 4613
f 4600 4613 4601
f 4601 4613 4602
f 4608 4636 4617
f 4608 4617 4603
f 4603 4617 4609
f 4614 4637 4610
f 4611 343 4604
f 4604 343 4620
f 4604 4620 4605
f 4605 4615 4606
f 4615 4621 4607
f 4607 4621 4770
f 4613 4889 4602
f 4602 4889 4908
f 4908 4636 4608
f 4617 4625 4609
f 4632 4633 4614
f 4614 4633 4637
f 4610 4637 4645
f 4610 4645 3650
f 329 343 4611
f 4620 4622 4605
f 4605 4622 4615
f 4616 4623 4612
f 4623 4624 4612
f 4612 4624 4613
f 4613 4624 4889
f 4636 4643 4617
f 4625 4631 4609
f 4609 4631 4618
f 3650 4645 3660
f 343 353 4619
f 343 4619 4620
f 4622 4628 4615
f 4615 4628 4621
f 4621 4630 4616
f 4616 4630 4623
f 4617 4643 4625
f 4618 4631 4632
f 4645 3663 3660
f 353 4626 4619
f 4620 4619 4622
f 4621 4628 4629
f 4621 4629 4630
f 4623 4635 4624
f 4624 4641 4889
f 366 4626 353
f 4626 4627 4619
f 4619 4627 4622
f 4622 4627 4628
f 4630 4635 4623
f 4635 4641 4624
f 4641 4647 4889
f 4625 4644 4631
f 4645 4662 3663
f 366 377 4626
f 4626 377 4638
f 4626 4638 4627
f 4627 4638 4634
f 4627 4634 4628
f 4628 4634 4629
f 4629 4634 4639
f 4629 4646 4630
f 4630 4646 4635
f 4635 4640 4641
f 4643 4644 4625
f 4631 4644 4648
f 4631 4648 4632
f 4633 4660 4637
f 377 402 4638
f 4638 4952 4634
f 4634 4952 4639
f 4639 4646 4629
f 4646 4651 4635
f 4635 4651 4640
f 4640 4649 4641
f 4641 4649 4647
f 4636 4647 4941
f 4636 4642 4643
f 4648 4633 4632
f 4637 4660 4645
f 402 4952 4638
f 4639 4652 4646
f 4640 4651 4653
f 4640 4653 4649
f 4643 4642 4658
f 4643 4658 4644
f 4644 4658 4650
f 4633 4648 4659
f 4660 4662 4645
f 402 415 4952
f 4652 4656 4651
f 4652 4651 4646
f 4653 4654 4649
f 4925 4657 4642
f 4642 4657 4658
f 4644 4650 4648
f 4633 4659 4660
f 4660 4661 4662
f 4662 4666 3663
f 415 445 4952
f 4656 4653 4651
f 4649 4654 4925
f 4658 4669 4650
f 4650 4669 4674
f 4650 4674 4648
f 4648 4674 4659
f 4654 4668 4925
f 4925 4668 4657
f 4657 4673 4658
f 4661 4677 4662
f 445 4655 4652
f 4652 4655 4656
f 4656 4664 4653
f 4674 4679 4659
f 445 488 4655
f 488 4670 4663
f 488 4663 4655
f 4655 4663 4656
f 4656 4663 4664
f 4653 4664 4654
f 4673 4669 4658
f 4659 4679 4665
f 4659 4665 4660
f 4660 4665 4661
f 4661 4665 4676
f 4662 4677 4666
f 4664 4671 4678
f 4654 4664 4678
f 4654 4678 4668
f 4668 4672 4657
f 4679 4689 4665
f 4663 4670 4675
f 4663 4675 4664
f 4678 4667 4668
f 4672 4673 4657
f 4665 4689 4676
f 4661 4676 4677
f 4677 3681 4666
f 4675 4671 4664
f 4672 4688 4673
f 4673 4692 4669
f 4675 4684 4671
f 4667 4694 4672
f 4667 4672 4668
f 4692 4683 4669
f 4669 4683 4674
f 4670 4680 4675
f 4672 4694 4688
f 4688 4692 4673
f 4674 4683 4679
f 4679 4685 4689
f 4676 4686 4677
f 3681 4677 4681
f 4680 4684 4675
f 4689 4690 4676
f 4676 4690 4686
f 4677 4686 4681
f 4684 4682 4671
f 4671 4682 4678
f 4678 4682 4667
f 4683 4685 4679
f 4685 4705 4689
f 559 4691 4680
f 4680 4691 4684
f 4684 4697 4682
f 4692 4695 4683
f 3681 4681 3684
f 4682 4687 4667
f 4683 4695 4685
f 4686 4699 4681
f 4681 4696 3684
f 4691 4697 4684
f 4667 4687 4694
f 4689 4705 4690
f 4690 4708 4686
f 598 4693 4691
f 4697 4687 4682
f 4695 4700 4685
f 4685 4700 4705
f 4686 4708 4699
f 4688 4698 4692
f 4699 4696 4681
f 4693 4697 4691
f 4697 4701 4687
f 4701 4703 4687
f 4694 4707 4688
f 4692 4698 4695
f 4708 3542 4699
f 4703 4694 4687
f 4707 4698 4688
f 4698 4704 4695
f 637 4702 4693
f 4693 4702 4701
f 4693 4701 4697
f 4707 3539 4698
f 4698 3539 4704
f 4695 4704 4700
f 4705 4706 4690
f 4699 3542 4696
f 4696 4710 3696
f 4696 3696 3684
f 4706 4708 4690
f 4701 4702 3540
f 4703 4707 4694
f 3539 3537 4704
f 4704 3537 4700
f 4700 3537 3541
f 4700 3541 4705
f 4701 3540 4709
f 4701 4709 4703
f 4710 4696 3542
f 692 3540 4702
f 4703 3534 4707
f 4705 3541 4706
f 4708 3536 3542
f 3542 3529 4710
f 3540 3532 4709
f 3534 3539 4707
f 3541 3533 4706
f 4703 4709 3534
f 4706 3533 3538
f 4706 3538 4708
f 3538 3536 4708
f 3540 758 3531
f 3540 3531 3532
f 4709 3532 3534
f 3542 3536 3526
f 4710 3529 3709
f 3539 3535 3537
f 3542 3526 3529
f 2767 4711 799
f 5018 2401 3457
f 4711 4953 4712
f 5035 2401 5018
f 782 799 4713
f 4711 4713 799
f 4931 3713 4714
f 2 4714 3713
f 15 4375 4715
f 1605 4715 4375
f 4715 1 4717
f 4714 4717 1
f 4715 4716 1
f 4717 15 4715
f 4711 4718 4953
f 988 4766 948
f 4719 1791 1774
f 4720 179 180
f 193 163 179
f 178 162 149
f 1744 1774 1759
f 975 960 947
f 179 163 151
f 225 4720 180
f 4852 988 976
f 1792 1824 1823
f 134 162 148
f 1759 1743 1744
f 932 960 931
f 1759 1773 1742
f 960 974 959
f 1006 987 988
f 179 4720 193
f 1806 1791 1775
f 1774 1744 4719
f 1746 1775 1760
f 164 179 151
f 192 177 178
f 4834 974 975
f 1814 1769 1797
f 3412 3437 4721
f 3446 4721 3437
f 3284 4820 3304
f 4722 1175 1161
f 1176 4722 4876
f 988 948 976
f 4745 4723 503
f 4151 4152 4127
f 2165 2137 4724
f 1847 1814 1797
f 3311 3303 3283
f 2169 2114 2127
f 1791 1805 4797
f 4725 4415 4414
f 1430 1391 1407
f 2082 2059 2047
f 512 4727 551
f 193 209 192
f 3271 3263 4726
f 46 64 79
f 513 4727 512
f 4222 4230 4728
f 4238 4728 4230
f 383 349 360
f 398 384 399
f 157 115 4729
f 67 4729 115
f 426 449 4730
f 425 4730 449
f 4599 4600 4731
f 4578 4731 4600
f 2244 2266 4732
f 2265 4732 2266
f 3429 4733 4833
f 787 751 764
f 337 371 4734
f 400 4734 371
f 2112 4724 2137
f 2182 2208 4735
f 2207 4735 2208
f 1139 1159 4736
f 4736 1159 1174
f 4033 4058 4737
f 223 209 224
f 4235 4203 4227
f 927 970 1017
f 2185 4828 2210
f 1457 1537 1512
f 2794 2814 4738
f 2829 4738 2814
f 3257 3207 3276
f 3857 4739 3837
f 3875 4739 3857
f 3255 4726 3263
f 893 969 4740
f 1000 4740 969
f 2280 2242 4741
f 2205 4741 2242
f 1062 1116 4742
f 1128 4742 1116
f 360 326 4743
f 314 4743 326
f 431 411 4744
f 388 4744 411
f 1083 1053 1054
f 513 483 4745
f 4723 4745 483
f 4746 3768 3752
f 3739 4746 3752
f 2533 2532 2543
f 97 98 4747
f 171 4747 98
f 3846 4752 4748
f 3872 4748 4752
f 3377 3378 4749
f 3356 4749 3378
f 3588 5040 4750
f 3606 4750 5040
f 4514 4477 4493
f 2975 3006 3007
f 1564 1539 4751
f 1513 4751 1539
f 949 976 948
f 1841 1808 1809
f 3835 3845 4752
f 3865 4752 3845
f 854 866 879
f 3881 3887 3901
f 1040 993 1012
f 4770 4753 4607
f 4599 4753 4770
f 1344 1318 1328
f 1086 1041 4754
f 4757 4754 1041
f 3845 3823 4755
f 3801 4755 3823
f 752 716 4756
f 996 4757 1013
f 1042 4757 996
f 290 318 4758
f 552 527 539
f 3662 3649 4759
f 3651 4759 3649
f 1608 4390 4380
f 340 305 4758
f 4482 4481 4518
f 4828 2246 4760
f 2270 4760 2246
f 3591 4761 3595
f 3596 4761 3591
f 2361 2332 4762
f 2333 4762 2332
f 3073 2369 4763
f 2342 4763 2369
f 743 769 742
f 4233 4255 4248
f 762 3446 785
f 392 366 355
f 356 392 355
f 1910 1951 4764
f 1964 4764 1951
f 4191 4190 4200
f 524 490 4765
f 478 4765 490
f 3137 3134 3144
f 1806 1775 1776
f 4239 4224 4232
f 2542 2564 2576
f 975 947 4766
f 934 4766 947
f 1546 4767 1545
f 3824 3835 3846
f 3880 4768 3894
f 1699 1672 1684
f 1327 1342 4769
f 1367 4769 1342
f 4599 4770 4616
f 1661 1671 5031
f 1683 5031 1671
f 3460 2413 4771
f 3473 4771 2413
f 3894 4772 4860
f 4201 4773 4213
f 4541 4540 4774
f 4552 4774 4540
f 4511 4523 4524
f 4379 4400 4409
f 4841 4768 3886
f 2697 2709 4775
f 2669 4775 2709
f 4621 4616 4770
f 453 438 4776
f 407 4776 438
f 4490 4491 4777
f 4464 4777 4491
f 3348 5042 3360
f 808 4033 4779
f 4737 4779 4033
f 4205 1834 4780
f 4220 4780 1834
f 2186 2145 2172
f 1600 2765 4781
f 2738 4781 2765
f 542 554 4839
f 1560 1533 4782
f 1521 4782 1533
f 3082 4783 4796
f 4878 3546 3547
f 152 164 151
f 412 4744 388
f 2690 4775 2654
f 3328 3311 4784
f 3283 4784 3311
f 2209 2223 4785
f 3314 3333 4786
f 3386 4786 3333
f 1564 1597 4787
f 3649 4788 3637
f 3647 4788 3649
f 473 449 4789
f 435 4789 426
f 4176 4148 4165
f 137 109 4790
f 110 4790 109
f 720 742 705
f 4791 2000 1987
f 1974 4791 1987
f 4528 4527 4539
f 151 150 136
f 4901 592 4792
f 619 4792 592
f 4787 1597 4793
f 2745 4793 1597
f 859 4795 4794
f 1530 1557 1529
f 4492 4502 4475
f 903 888 4795
f 4794 4795 888
f 4951 3083 4796
f 3082 4796 3058
f 4845 4478 4468
f 2273 2225 2233
f 1774 4797 1790
f 2297 2277 4798
f 2278 4798 2277
f 4135 4144 4145
f 2824 2819 4799
f 2834 4799 2819
f 4192 4800 4151
f 4059 4084 4071
f 2851 4799 2834
f 1437 1454 1424
f 3842 4853 3820
f 620 594 4801
f 595 4801 594
f 251 227 4802
f 228 4802 227
f 578 593 631
f 1496 1532 1479
f 2334 2293 2321
f 4401 4402 4803
f 4390 4803 4402
f 2295 2336 2294
f 1825 1793 1794
f 4192 4151 4166
f 1790 1773 1774
f 4213 4214 4201
f 938 902 4805
f 886 4805 902
f 4439 4454 4806
f 4466 4806 4454
f 933 4807 899
f 668 629 4809
f 630 4809 629
f 1495 1466 1467
f 132 147 146
f 131 132 146
f 1488 4920 4810
f 1539 4810 1489
f 1394 4811 1411
f 4995 734 2707
f 1810 4835 4812
f 1780 4812 4835
f 4466 4474 4492
f 899 915 933
f 4831 4813 4134
f 4572 4814 221
f 4573 4814 4572
f 676 648 4815
f 649 4815 648
f 2174 2187 4816
f 2214 4816 2187
f 4557 4567 4817
f 4586 4817 4567
f 4818 1672 1647
f 3832 3820 4819
f 3811 4819 3820
f 4867 4820 3303
f 4825 4821 2269
f 2223 4821 4825
f 2161 2173 4822
f 2213 4822 2173
f 4824 4823 4995
f 161 147 148
f 1411 1380 1394
f 4988 4945 2742
f 4823 4988 2742
f 33 3719 20
f 2269 4785 4825
f 2223 4825 4785
f 2634 2623 4826
f 2597 4826 2623
f 1358 1380 4827
f 1393 4827 1380
f 2197 2211 4828
f 2246 4828 2211
f 1584 5002 1583
f 4063 4830 4049
f 4134 4135 4831
f 4108 4831 4135
f 1869 1884 4832
f 1883 4832 1884
f 4099 4813 4831
f 987 4834 975
f 1005 4834 987
f 4843 4835 1795
f 1766 4835 4843
f 4844 4836 1154
f 1190 4836 4844
f 3921 4837 4966
f 4860 4837 3921
f 3069 4926 4838
f 3032 4838 4926
f 4846 4905 4901
f 542 4839 4846
f 1123 4840 1153
f 1111 4840 1123
f 3900 4772 4841
f 3894 4841 4772
f 2870 2866 4847
f 2877 4842 4847
f 4870 2307 2308
f 2298 2308 2307
f 4431 4845 4725
f 4843 4950 1765
f 1190 4844 1179
f 4468 4725 4845
f 4901 541 4846
f 542 4846 515
f 2878 4847 4842
f 2877 4847 2866
f 1169 4844 1154
f 3939 4848 3911
f 3850 4848 3939
f 2235 2215 2236
f 2247 2257 4849
f 2292 4849 2257
f 1406 1430 4850
f 4916 4850 1430
f 3833 4997 4851
f 4871 4851 4997
f 3870 3879 4854
f 3885 4854 3879
f 4875 4855 3548
f 4875 3563 4855
f 4861 4856 1411
f 1449 4856 4861
f 575 4857 538
f 587 4857 575
f 4853 4862 3833
f 2373 4858 3101
f 1393 4859 4827
f 1410 4859 1393
f 3887 4860 3901
f 3894 4860 3887
f 4861 4811 1433
f 1449 4861 1433
f 5005 3853 4862
f 2233 2226 4863
f 2214 4863 4816
f 225 226 4864
f 2044 4865 4888
f 4887 4866 3122
f 3135 4866 4887
f 3344 4877 4867
f 4820 4867 4877
f 2760 2708 4868
f 2689 4868 2708
f 2373 3101 2408
f 107 4869 91
f 124 4869 107
f 2306 4870 2323
f 2307 4870 2306
f 4983 4871 4997
f 3843 4862 3853
f 250 4864 4872
f 226 4872 4864
f 4804 4873 4892
f 3901 3888 3881
f 2770 3549 4874
f 3551 4874 3549
f 4959 4967 4976
f 3548 4874 4875
f 3552 4875 4874
f 1161 1141 4876
f 1162 4876 1142
f 4808 3304 4877
f 4820 4877 3304
f 2426 4878 2437
f 2422 4878 2426
f 108 4879 4942
f 4883 4880 15
f 29 4880 4883
f 4893 4881 2031
f 2080 4881 4893
f 108 4942 107
f 1477 1492 4882
f 1528 4882 1492
f 15 16 4883
f 29 4883 16
f 4879 108 4884
f 78 4884 108
f 2093 2056 4885
f 4865 4885 4888
f 2120 4886 2108
f 2133 4886 2120
f 3122 3126 4887
f 3135 4887 3131
f 4885 2056 4888
f 2044 4888 2056
f 4908 4889 4647
f 1245 4890 4919
f 4896 4891 961
f 4805 4891 4896
f 4934 4892 4873
f 4829 4892 4934
f 2031 2057 4893
f 2080 4893 2057
f 2614 2646 4894
f 2659 4894 2646
f 4241 4280 4895
f 4269 4895 4280
f 4647 4636 4908
f 961 938 4896
f 4805 4896 938
f 813 4049 4897
f 4830 4897 4049
f 4903 4898 2784
f 2804 4898 4903
f 4915 1256 4919
f 1245 4919 1256
f 4902 4899 2304
f 2248 4899 4902
f 4912 1022 4852
f 1021 4852 1022
f 3335 3311 4900
f 3328 4900 3311
f 4905 4846 4839
f 592 4901 4905
f 2248 4902 2257
f 2784 2813 4903
f 2804 4903 2813
f 5016 3934 3926
f 3017 2990 2971
f 2303 2257 4902
f 3428 3443 4980
f 4904 4862 3843
f 3844 4904 3843
f 4839 578 4905
f 592 4905 578
f 5031 1619 1636
f 647 660 4907
f 659 4907 660
f 3972 5012 3984
f 4602 4908 4909
f 4608 4589 4909
f 4602 4909 4981
f 989 976 4910
f 949 4910 976
f 4514 4527 4911
f 4528 4911 4527
f 4608 4909 4908
f 4852 976 4912
f 989 4912 976
f 3996 4003 4002
f 229 197 4913
f 184 4913 197
f 4761 4914 3571
f 3575 4914 4761
f 5028 4915 4919
f 4920 4916 1461
f 1488 4916 4920
f 4921 4917 3989
f 5012 4917 4921
f 3303 3311 4867
f 3335 4867 3311
f 3496 3504 4918
f 3506 4918 3504
f 4890 1184 4919
f 1461 1489 4920
f 3989 3984 4921
f 5012 4921 3984
f 4382 4397 4922
f 1628 4922 4397
f 4810 4920 1489
f 4853 3833 4851
f 4176 4188 4923
f 4199 4923 4188
f 3901 4860 4924
f 3921 4924 4860
f 4941 4647 4925
f 4649 4925 4647
f 3078 3070 4926
f 3044 4926 3070
f 4428 4402 4928
f 4427 4928 4402
f 4956 4929 4935
f 1019 1020 4930
f 1034 4930 1020
f 4020 4932 1440
f 4009 4932 4020
f 333 313 4933
f 301 4933 313
f 4873 1583 4934
f 4829 4934 5002
f 4978 830 4956
f 841 4956 830
f 4937 4935 4929
f 2323 4870 4936
f 2338 4936 4870
f 4937 4960 4976
f 4960 4937 4958
f 4958 4937 4931
f 4929 4931 4937
f 4442 4938 4415
f 4415 4725 4442
f 5000 3428 4939
f 4733 4939 4980
f 1779 4950 4940
f 1809 4940 1795
f 4925 4642 4941
f 4636 4941 4642
f 153 4942 4879
f 152 4942 153
f 152 153 4943
f 166 4943 153
f 3997 3996 4944
f 4016 4944 3996
f 2741 2754 4945
f 2755 4945 2754
f 4394 4415 4946
f 4395 4946 4415
f 181 211 4947
f 226 4947 211
f 367 394 379
f 324 357 4948
f 346 4948 357
f 3005 3006 4949
f 2993 4949 3006
f 4950 4843 1795
f 4940 4950 1795
f 4955 4951 4796
f 3105 4951 4955
f 1734 1766 4843
f 4712 4953 4963
f 445 4652 4952
f 4639 4952 4652
f 4718 1594 4953
f 2907 2926 4954
f 2944 4954 2926
f 4796 4783 4955
f 4746 4956 841
f 3114 4955 4783
f 4957 5000 3396
f 3420 5000 4957
f 3383 3405 4957
f 3420 4957 3405
f 3396 3395 4957
f 395 358 359
f 4958 4714 1
f 4960 4958 5045
f 4976 4960 4959
f 348 325 4961
f 311 4961 325
f 4716 4962 4974
f 4964 4963 4953
f 5038 4963 4964
f 4953 1594 4964
f 5038 4964 1594
f 5036 3726 4965
f 3740 4965 3726
f 4837 3906 4966
f 4996 4966 3906
f 4962 4968 4970
f 4975 4967 4969
f 4959 4969 4967
f 4078 4969 4970
f 5015 4979 3457
f 4969 4959 4970
f 4962 4970 4974
f 4975 4971 4055
f 4967 4975 4043
f 1048 3892 4972
f 3885 4972 3892
f 1561 1584 4973
f 1583 4973 1584
f 4959 4960 4974
f 4716 4974 5045
f 4969 4971 4975
f 806 4935 4976
f 4937 4976 4935
f 1847 4977 1879
f 1830 4977 1847
f 4956 4935 4978
f 819 4978 4935
f 4055 4043 4975
f 3457 2401 5015
f 4833 5015 2401
f 5015 805 4979
f 798 4979 805
f 4713 798 782
f 3443 805 4980
f 5015 4980 805
f 4982 4981 4909
f 4563 4981 4982
f 4909 4589 4982
f 4563 4982 4564
f 4985 5003 3814
f 5029 4983 4985
f 697 748 4984
f 783 4984 748
f 3814 3800 4985
f 5029 4985 3800
f 2506 2495 4986
f 2488 4986 2495
f 4989 4987 784
f 4987 4989 711
f 4988 4823 4824
f 5011 4988 4824
f 784 748 4989
f 697 711 4989
f 1106 4990 1132
f 1119 4990 1106
f 2156 4991 2155
f 4970 4968 4078
f 4993 4992 1616
f 4377 4992 4993
f 1616 4376 4993
f 4377 4993 4376
f 4994 1668 4095
f 4096 4994 4095
f 4999 4995 4823
f 3927 3936 4996
f 4966 4996 3936
f 5003 4997 3844
f 4983 4997 5003
f 4999 4998 772
f 4995 4999 745
f 4823 4998 4999
f 5001 5000 4939
f 3396 5000 5001
f 772 745 4999
f 4939 3422 5001
f 3396 5001 3422
f 5033 4829 5002
f 1583 5002 4934
f 3844 3814 5003
f 4983 5003 4985
f 1639 4927 5004
f 1690 5004 4927
f 4862 4853 5005
f 3842 5005 4853
f 1695 4866 5006
f 3135 5006 4866
f 4778 5007 2095
f 2144 5007 4778
f 4712 4713 4711
f 1412 1395 5008
f 1396 5008 1395
f 3788 5009 3800
f 3494 3489 5010
f 3495 5010 3489
f 5017 5011 2718
f 2740 5011 5017
f 3970 5012 3972
f 3976 5012 3970
f 2327 2264 5013
f 2230 5013 2264
f 419 410 5014
f 411 5014 410
f 4833 4733 5015
f 4980 5015 4733
f 2718 2739 5017
f 2740 5017 2739
f 3457 4712 5018
f 5035 5018 4712
f 2583 2573 5019
f 2549 5019 2573
f 1891 1920 5020
f 1932 5020 1920
f 5016 3981 5021
f 3992 5021 3981
f 2206 2155 5022
f 4991 5022 2155
f 447 446 5023
f 416 5023 446
f 3386 3333 5024
f 3296 5024 3333
f 3983 3981 5025
f 5016 5025 3981
f 3694 3688 5026
f 2912 5026 3688
f 3615 3616 5027
f 3623 5027 3616
f 4919 1184 5028
f 4722 5028 1184
f 3800 5009 5029
f 3746 5029 5009
f 2704 2718 5030
f 2705 5030 2718
f 1670 1635 5031
f 1619 5031 1635
f 1955 1942 5032
f 1918 5032 1942
f 1585 1594 5033
f 4718 5033 1594
f 847 888 5034
f 921 5034 888
f 4906 2391 5035
f 2401 5035 2391
f 3 16 5036
f 2 5036 16
f 4351 4363 5037
f 4372 5037 4363
f 1586 4951 5038
f 3105 5038 4951
f 1288 1245 5039
f 1256 5039 1245
f 3597 3604 5040
f 3612 5040 3604
f 1378 1314 5041
f 1315 5041 1314
f 3369 3383 5042
f 3370 5042 3383
f 1692 1641 5043
f 1655 5043 1641
f 4818 1647 5044
f 1621 5044 1647
f 4974 4960 5045
f 1 5045 4958
